TransactionID,Company,TransactionDate,TransactionTime,Site,AssetType,AssetID,AssetName,FuelType,Quantity,Unit,PricePerUnit_LKR,TotalCost_LKR,Supplier,ReceiptNo,PaymentMethod,DriverOperator,OdometerKM,GeneratorHours,WeatherCondition,OperationalContext,Notes
FT-202607-00799,LankaTech Solutions (Pvt) Ltd,2026-07-10,18:10:20,Galle Branch,Vehicle,WP QK 6723,Honda Fit,Petrol,34.81,l,329.94,11485.21,Local Fuel Station,RCP-847437,cash,Sahan Wijesinghe,143234.0,,Wet Roads,Maintenance work,regular petrol refill for honda fit.
FT-202607-01159,LankaTech Solutions (Pvt) Ltd,2026-07-13,12:16:27,Galle Branch,Vehicle,SP CAB 7788,Toyota Hilux,diesel,73.22,l,324.94,23792.11,Local Fuel Station ,RCP-229743,company fuel card,Ruwan Bandara,142117.0,,Heavy Rain,Inter-branch transfer,Fuel receipt entered manually by admin.
FT-202607-00798,LankaTech Solutions (Pvt) Ltd,2026-07-02,10:40:50,Colombo Head Office,generator,GEN-CMB-01,Diesel Generator,diesel,29.96,Litres,290.43,8701.28,Ceypetco,RCP-437780,cash, Sahan Wijesinghe,,,,Inter-branch transfer,Fuel issued for inter-branch transfer.
FT-202607-01451,LankaTech Solutions (Pvt) Ltd,03-Jul-2026,12:50:58,Colombo Head Office,Vehicle,SP CAB 7788,Toyota Hilux,DiesEl,115.34,liters,286.74,33072.59,Ceypetco,RCP-787503,Fuel Account,Chamath Jayasinghe,111761.0,,Wet Roads,Maintenance work,Consumption slightly higher due to wet roads.
FT-202607-01295,lankatech solutions (pvt) ltd,2026-07-25,08:31:50,Galle Branch,Vehicle,CP BDT 5521,Toyota TownAce,DIESEL,45.07,L,327.8,14773.95,Ceypetco,RCP-836259,company fuel card,Ruwan Bandara,130934.0,,Flooding,Inter-branch transfer,Additional trip resulted in higher consumption.
FT-202607-00954,LankaTech Solutions (Pvt) Ltd,2026/07/19,18:38:03,GALLE BRANCH,Vehicle,WP CAA 7812,Toyota Prius,petrol ,51.53,L ,312.29,16092.3,Ceypetco,RCP-978200,FUEL CARD,Chamath Jayasinghe,169364.0,,Normal,Month-end deliveries,Routine fuel purchase.
FT-202607-00642,LankaTech Solutions (Pvt) Ltd,12 Jul 2026,06:46:47,Colombo Head Office,VEHICLE,WP KX 2345,Isuzu D-Max, Diesel,102.36,litres,290.31,29716.13,Company Fuel Depot,RCP-352458,Company Fuel Card,Dinesh Kumara,93233.0,,Wet Roads,Inter-branch transfer,month-end fuel requirement.
FT-202607-01383,LankaTech Solutions (Pvt) Ltd,2026/07/17,08:15:05,kandy branch,Generator,GEN-KDY-01,Diesel Generator,DiesEl,96.36,litres,323.32,31155.12,Local Fuel Station,RCP-583594,Company Fuel Card,Pradeep Kumar,,12.4,Flooding,maintenanceWork, Fuel purchased for operational requirement. 
FT-202607-00508,LankaTech Solutions (Pvt) Ltd,2026/07/29,16:07:52,Colombo head office,Vehicle,CP CAE 9911,Mitsubishi Canter,DiesEl,47.76,L ,309.3,14772.17,Lanka IOC,RCP-353191,Fuel Account,Chamath Jayasinghe,186216.0,,Flooding,Inter-branch transfer, Additional fuel required due to increased activity. 
FT-202607-00195,LankaTech Solutions (Pvt) Ltd,09 Jul 2026,13:19:27,colombo head office,Vehicle,WP CAB 4521,Toyota Hiace,diesel ,84.47,ltr,297.98,25170.37,Lanka IOC,RCP-523798,Fuel Account,Kasun Fernando,123744.0,,Wet Roads,Month-end deliveries,Fuel receipt entered manually by admin.
FT-202607-01241,LankaTech Solutions (Pvt) Ltd,2026-07-10,07:05:15,Galle Branch,vehicle,CP CAE 9911,Mitsubishi Canter,diesel ,105.44,Litres,292.82,30874.94,Company Fuel Depot,RCP-383104,cash,Dinesh Kumara,101132.0,,Heavy Rain,Month-end deliveries,Fuel purchased for operational requirement.
FT-202607-00676,LankaTech Solutions (Pvt) Ltd,15-07-2026,13:46:47,Colombo Head Office,Vehicle,WP KX 2345,Isuzu D-Max,Diesel,72.22,l,315.43,22780.35,Company Fuel Depot,RCP-179562,Cash,Nimal Perera,35303.0,,Wet Roads,Increased deliveries,Additional trip resulted in higher consumption.
FT-202607-01210,LankaTech Solutions (Pvt) Ltd,2026-07-18,19:16:16,Colombo Head Office,Vehicle,WP KX 2345,Isuzu D-Max,diesel ,44.97,LTR,328.45,14770.4,Local Fuel Station,RCP-103999,corporate credit,Sahan Wijesinghe,84008.0,,Flooding,Month-End Deliveries,Regular diesel refill for Isuzu D-Max.
FT-202607-01270,LankaTech Solutions (Pvt) Ltd,2026-07-07,09:29:57,Colombo Head Office,Vehicle,WP RAB 3842,Isuzu Elf,DIESEL,42.43,liters,292.79,12423.08, Company Fuel Depot,RCP-471802,company fuel card,Sahan Wijesinghe,69709.0,,Rain,Maintenance work,Extra trip completed from Colombo Head Office.
FT-202607-00770,LankaTech Solutions (Pvt) Ltd,28/07/2026,12:07:46,Kurunegala Warehouse,GENERATOR,GEN-KUR-01,Diesel Generator, Diesel,21.83,L,305.02,6658.59,Lanka IOC,RCP-518788,Corporate Credit,Lahiru Senanayake,,3.3,Wet Roads,Month-end deliveries,Refuelling completed at approved station.
FT-202607-00031,LankaTech Solutions (Pvt) Ltd,2026-07-20,13:02:48,Colombo Head Office,Generator,GEN-CMB-02,Diesel Generator, Diesel,73.39,litres,313.1,22978.41,Local Fuel Station,RCP-425776,Corporate Credit,Amal Fernando,,10.0,Rain,Emergency operations,Additional trip resulted in higher consumption.
FT-202607-00097,LankaTech Solutions (Pvt) Ltd,29 Jul 2026,11:00:12,Colombo Head Office,Vehicle,SP CAB 7788,Toyota Hilux,DIESEL,61.36,ltr,296.17,18172.99,Lanka IOC,RCP-598017,fuel_account,Dinesh Kumara,48618.0,,Very Hot,Routine operations,Fuel purchased for operational requirement.
FT-202607-00550,LANKATECH SOLUTIONS (PVT) LTD,2026-07-14,20:45:58,Kandy branch,Vehicle,WP CAZ 9034,Suzuki Wagon R,petrol ,27.39,L ,312.79,8567.32,Company Fuel Depot,RCP-101326,FUEL CARD,Lahiru Senanayake,94692.0,,Very Hot,Client site visits,Emergency fuel top-up.
FT-202607-01152,lankatechSolutions(Pvt)Ltd,2026-07-24,10:19:56,Colombo Head Office,Vehicle,CP BDT 5521,Toyota TownAce,diesel,52.16,Litres,305.87,15954.18,Local Fuel Station,,Corporate Credit,Chamath Jayasinghe,74323.0,,Rain,Month-end deliveries,Emergency fuel top-up.
FT-202607-00849,LankaTech Solutions (Pvt) Ltd,08-07-2026,19:07:13,Kandy Branch,Generator,GEN-KDY-01,Diesel Generator, Diesel,39.86,LTR,310.68,12383.7,Local Fuel Station,RCP-696731,cash,Lahiru Senanayake,,5.9,Heavy Rain,Month-end deliveries,Month-end fuel requirement.
FT-202607-00913,LankaTech Solutions (Pvt) Ltd,26-07-2026,06:30:51,Colombo Head Office,Vehicle,SP CAB 7788,Toyota Hilux, Diesel,65.86,L ,315.25,20762.37,Company Fuel Depot,RCP-147519,company fuel card,Nimal Perera,141897.0,,Flooding,Client site visits,VEHICLE REFUELLED BEFORE SCHEDULED CLIENT VISIT.
FT-202607-01245,LankaTech Solutions (Pvt) Ltd,01-07-2026,08:47:31,Kurunegala Warehouse,Vehicle,WP CBA 1198,Toyota Corolla,petrol ,29.62,Litres,337.58,9999.12,Local Fuel Station,RCP-942898,,Tharindu Silva,137935.0,,Wet Roads,Warehouse operations,Extra trip completed from Kurunegala Warehouse.
FT-202607-01475,LankaTech Solutions (Pvt) Ltd,20-07-2026,09:17:44,Kandy Branch,Generator,GEN-KDY-01,Diesel Generator,diesel ,14.24,L ,304.06,4329.81, Local Fuel Station,RCP-831111,Cash,Chamath Jayasinghe,,3.1,Rain,Month-End Deliveries,refuelling completed at approved station.
FT-202607-00368,LankaTech Solutions (Pvt) Ltd,26 Jul 2026,12:44:37,Kurunegala Warehouse,Vehicle,WP CAA 7812,Toyota Prius,Petrol,28.52,l,330.17,9416.45,Local Fuel Station,RCP-731592,Corporate Credit, Tharindu Silva,125395.0,,Wet Roads,Warehouse operations,Additional fuel required due to increased activity.
FT-202607-00732,LankaTech Solutions (Pvt) Ltd,20/07/2026,07:36:02,KURUNEGALA WAREHOUSE,Vehicle,WP CAZ 9034,Suzuki Wagon R,PetRol,33.5,Ltrs,310.79,10411.47,Company Fuel Depot,RCP-258786,Corporate Credit,Amal Fernando,61544.0,,Heavy Rain,Month-end deliveries,Month-end fuel requirement.
FT-202607-00579,LankaTech Solutions (Pvt) Ltd,23-07-2026,11:02:22,Colombo Head Office,Vehicle,WP KX 2345,Isuzu D-Max,DIESEL,42.03,gallons,294.66,12384.56,Local Fuel Station,RCP-946774,FUEL CARD,Amal Fernando,85123.0,,Heavy Rain,Routine operations,Fuel purchased for operational requirement.
FT-202607-00009,LankaTech Solutions (Pvt) Ltd,2026/07/14,12:17:51,Colombo Head Office,Vehicle,WP CBA 1198,Toyota Corolla,PetRol,26.51,l,331.11,8777.73,Company Fuel Depot,RCP-924606,cash,Pradeep Kumar,121079.0,,Wet Roads,Month-end deliveries,Additional fuel required due to increased activity.
FT-202607-01113,LankaTech Solutions (Pvt) Ltd,18-07-2026,11:23:25,Colombo Head Office,Vehicle,WP CAB 4521,Toyota Hiace,diesel,68.36,l,323.16,22091.22,Lanka IOC,RCP-932825,company fuel card,Sahan Wijesinghe,63763.0,,Normal,inter-branch transfer,Fuel receipt entered manually by admin.
FT-202607-00977,LankaTech Solutions (Pvt) Ltd,2026-07-18,20:07:01,Colombo Head Office,Generator,GEN-CMB-02,Diesel Generator,diesel,101.98,l,287.57,29326.39,Company Fuel Depot,RCP-515052,corporate credit,Lahiru Senanayake,,13.0,Heavy Rain,Month-end deliveries, Additional fuel required due to increased activity. 
FT-202607-00382,LankaTech Solutions (Pvt) Ltd,2026/07/22,17:06:38,Colombo Head Office,Generator,GEN-CMB-01,Diesel Generator,DIESEL,78.74,Ltrs,327.59,25794.44,Company Fuel Depot,RCP-788832,Corporate Credit,Lahiru Senanayake,,12.9,Rain,Emergency operations, Fuel issued for emergency operations. 
FT-202607-00706,LankaTech Solutions (Pvt) Ltd,30-07-2026,15:32:13,Kurunegala Warehouse,Vehicle,SP CAB 7788,Toyota Hilux,diesel ,66.67,litres,295.22,19682.32,Lanka IOC,RCP-599375,Company Fuel Card,Chamath Jayasinghe,189027.0,,Flooding,Maintenance work,urgent refill
FT-202607-00637,LankaTech Solutions (Pvt) Ltd,13-Jul-2026,06:34:57,Colombo Head Office,Vehicle,CP CAE 9911,Mitsubishi Canter, Diesel,63.69,ltr,328.22,20904.33,Ceypetco,RCP-461955,cash,Tharindu Silva,146010.0,,Very Hot,Month-end deliveries,Month-end fuel requirement.
FT-202607-01038,LankaTech Solutions (Pvt) Ltd,04/07/2026,09:40:39,Colombo HQ,Vehicle,WP CAA 7812,Toyota Prius,Petrol,72.83,litres,342.38,24935.54,Ceypetco,RCP-351555,Fuel Account,Amal Fernando,73039.0,,Flooding,Increased deliveries,fuel receipt entered manually by admin.
FT-202607-00562,LankaTech Solutions (Pvt) Ltd,22-Jul-2026,12:44:46,Kandy Branch,Vehicle,WP RAB 3842,Isuzu Elf,DIESEL,50.68,L ,292.66,14832.01, Ceypetco,RCP-605002,cash,,18225.0,,Rain,Routine operations, Additional trip resulted in higher consumption. 
FT-202607-01487,LankaTech Solutions (Pvt) Ltd,2026-07-16,10:12:12,Colombo Head Office,Generator,GEN-CMB-01,Diesel Generator,DIESEL,80.18,LTR,307.43,24649.74,Lanka IOC,RCP-508809,Cash,Ruwan Bandara,,15.5,Very Hot,Maintenance work,Vehicle refuelled before scheduled client visit.
FT-202607-00804,LankaTech Solutions (Pvt) Ltd,2026/07/22,08:03:09,Galle Branch,Vehicle,WP CAA 7812,Toyota Prius,PetRol,31.57,Ltrs,306.42,9673.68,Company Fuel Depot,RCP-983964,company fuel card,Pradeep Kumar,97756.0,,Flooding,Maintenance work,routine fuel purchase.
FT-202607-01486,LankaTech Solutions (Pvt) Ltd,04/07/2026,06:23:30,Colombo Head Office,Vehicle,WP  CAA  7812,Toyota Prius,Petrol,30.81,l,330.91,10195.34,Lanka IOC,RCP-133641,Corporate Credit,,71204.0,,Very Hot,Warehouse operations,extra trip completed from colombo head office.
FT-202607-01053,LankaTech Solutions (Pvt) Ltd,2026-07-27,09:31:08,Kandy Branch,Generator,GEN-KDY-01,Diesel Generator, Diesel,42.29,litres,294.52,12455.25,Company Fuel Depot,RCP-208155,cash,Chamath Jayasinghe,,6.5,Flooding,Routine operations,Fuel receipt entered manually by admin.
FT-202607-00921,LankaTech Solutions (Pvt) Ltd,28-Jul-2026,10:15:14,COLOMBO HEAD OFFICE,Vehicle,WP RAB 3842,Isuzu Elf,Diesel,24.6,LTR,288.95,7108.17,Lanka IOC,RCP-238931,corporate credit,Ruwan Bandara,92656.0,,Wet Roads,Client site visits,
FT-202607-01413,LankaTech Solutions (Pvt) Ltd,20-07-2026,08:44:07,Kandy Branch,Generator,GEN-KDY-01,Diesel Generator,diesel,21.39,litres,291.03,6225.13,,RCP-362444,FUEL CARD,Dinesh Kumara,,3.2,Normal,,Fuel issued for maintenance work.
FT-202607-00108,LankaTech Solutions (Pvt) Ltd,05-Jul-2026,20:56:21,Kurunegala WH,Vehicle,CP CAE 9911,Mitsubishi Canter,DIESEL,64.8,L ,320.72,20782.66,Ceypetco,RCP-388853,fuel_account,Pradeep Kumar,59931.0,,Flooding,Month-end deliveries,N/A
FT-202607-00851,LankaTech Solutions (Pvt) Ltd,03-07-2026,10:45:44, Colombo Head Office,Vehicle,CP BDT 5521,Toyota TownAce, Diesel,55.94,L ,325.85,18228.05,,RCP-979151,cash,Lahiru Senanayake,73250.0,,Very Hot,Routine operations,routine fuel purchase.
FT-202607-01082,LankaTech Solutions (Pvt) Ltd,28-07-2026,17:04:41,Colombo  Head Office,Vehicle,CP CAE 9911,Mitsubishi Canter,DiesEl,100.34,Litres,297.35,29836.1,Ceypetco ,RCP-172530,FUEL CARD,Kasun Fernando,29308.0,,Wet Roads,Warehouse operations,Consumption slightly higher due to wet roads.
FT-202607-00225,Lankatech Solutions (Pvt) Ltd,2026-07-10,07:58:13,Kandy Branch,Generator,GEN-KDY-01,Diesel Generator,Diesel,28.5,litres,305.18,8697.63,Lanka IOC,RCP-915980,Cash,Chamath Jayasinghe,,6.0,Normal,Month-end deliveries,REFUELLING COMPLETED AT APPROVED STATION.
FT-202607-00913,LankaTech Solutions (Pvt) Ltd,26-07-2026,06:30:51,Colombo Head Office,Vehicle,SP CAB 7788,Toyota Hilux, Diesel,65.86,L ,315.25,20762.37,Company Fuel Depot,RCP-147519,company fuel card,Nimal Perera,141897.0,,Flooding,Client site visits,VEHICLE REFUELLED BEFORE SCHEDULED CLIENT VISIT.
FT-202607-01303,LankaTech Solutions (Pvt) Ltd,2026/07/02,18:42:37,Colombo Head Office,Vehicle,SP CAB 7788,Toyota Hilux,Diesel,51.4,liters,331.92,17060.69,Company Fuel Depot,RCP-302257,Corporate Credit, Ruwan Bandara,149563.0,,Rain,Client site visits,Routine fuel purchase.
FT-202607-00311,LankaTech Solutions (Pvt) Ltd,2026/07/30,12:50:13,Galle Branch,GENERATOR,GEN-GAL-01,Diesel Generator, Diesel,86.12,litres,309.93,26691.17,Local Fuel Station,RCP-130115,Fuel Account,Sahan Wijesinghe,,,Flooding,Month-end deliveries, Generator fuel top-up during month-end deliveries. 
FT-202607-00570,LankaTech Solutions (Pvt) Ltd,2026/07/17,08:03:11,Colombo Head Office,Vehicle,CP CAE 9911,Mitsubishi Canter, Diesel,45.04,L,307.85,13865.56,Local Fuel Station,RCP-609559,Company Fuel Card,Nimal Perera,157738.0,,Rain,Emergency operations,Additional fuel required due to increased activity.
FT-202607-00211,LankaTech Solutions (Pvt) Ltd,27-Jul-2026,15:55:31,Galle Branch,Vehicle,WP KX 2345,Isuzu D-Max,DIESEL,44.57,ltr,328.55,14643.47,Company Fuel Depot,RCP-361410,Corporate Credit,Kasun Fernando,69143.0,,Normal,Warehouse operations,Fuel issued as per request.
FT-202607-00762,LankaTech Solutions (Pvt) Ltd,23-Jul-2026,14:51:04,Colombo Head Office,Generator,GEN-CMB-01,Diesel Generator,diesel ,70.34,l,287.23,20203.76,Local Fuel Station,RCP-984647,cash,Nimal Perera,,10.0,Wet Roads,Client site visits,Generator fuel top-up during client site visits.
FT-202607-00441,LankaTech Solutions (Pvt) Ltd,06/07/2026,20:51:58,Kandy Branch,Vehicle,SP CAB 7788,Toyota Hilux,diesel,44.44,Litres,319.17,14183.91,Local Fuel Station,missing,Cash,Chamath Jayasinghe,73877.0,,Flooding,Emergency operations,Consumption slightly higher due to flooding.
FT-202607-01217,LankaTech Solutions (Pvt) Ltd,2026/07/26,12:27:50,Kandy Branch,Vehicle,WP CAB 4521,Toyota Hiace, Diesel,104.41,ltr,297.54,31066.15,Company Fuel Depot,RCP-399517,corporate credit,Kasun Fernando,55538.0,,,Month-end deliveries,urgent refill
FT-202607-00316,LankaTech Solutions (Pvt) Ltd,28-Jul-2026,11:57:50,Galle Branch,Vehicle,SP CAB 7788,Toyota Hilux,DiesEl,73.23,litres,332.94,24381.2,Ceypetco,RCP-404833,Corporate Credit,Pradeep Kumar,179469.0,,Heavy Rain,Maintenance work,Fuel purchased for operational requirement.
FT-202607-00440,Lankatech Solutions (Pvt) Ltd,09-Jul-2026,13:36:40,Kandy Branch,Generator,GEN-KDY-01,Diesel Generator,diesel,19.12,litres,300.91,5753.4,Ceypetco,RCP-683546,fuel_account, Ruwan Bandara,,2.2,Heavy Rain,Emergency operations, Fuel issued for emergency operations. 
FT-202607-01273,LankaTech Solutions (Pvt) Ltd,2026-07-10,09:31:11,Galle Branch,Generator,GEN-GAL-01,Diesel Generator, Diesel,82.34,L ,311.47,25646.44,Local Fuel Station,RCP-837360,Cash,Tharindu Silva,,16.8,Wet Roads,Client site visits,Additional fuel required due to increased activity.
FT-202607-01126,LankaTech Solutions (Pvt) Ltd,24 Jul 2026,17:20:00,kandyBranch,Vehicle,SP CAB 7788,Toyota Hilux,DiesEl,51.37,liters,314.35,16148.16,Lanka IOC,RCP-935264,company fuel card,Amal Fernando,76640.0,,Rain,Warehouse operations, Month-end fuel requirement. 
FT-202607-00640,LankaTech Solutions (Pvt) Ltd,27-Jul-2026,12:36:58,Kurunegala Warehouse,Vehicle,WP RAB 3842,Isuzu Elf,diesel,19.46,L ,299.67,5831.58,Local Fuel Station,RCP-873202,Fuel Account,Pradeep Kumar,99856.0,,Wet Roads,Emergency operations,Additional trip resulted in higher consumption.
FT-202607-00846,LankaTech Solutions (Pvt) Ltd,2026/07/28,20:18:54,Colombo Head Office,Vehicle,SP CAB 7788,Toyota Hilux, Diesel,25.07,ltr,323.4,8107.64,Local Fuel Station,RCP-713071,cash,Tharindu Silva,83841.0,,Rain,Client site visits,Extra trip completed from Colombo Head Office.
FT-202607-01393,LankaTech Solutions (Pvt) Ltd,09/07/2026,17:42:15,Colombo Head Office,Generator,GEN-CMB-02,Diesel Generator,Diesel,22.74,Ltrs,322.31,7329.33,Lanka IOC,RCP-729785,Fuel Account,Amal Fernando,,3.0,Normal,Emergency operations, EMERGENCY FUEL TOP-UP. 
FT-202607-00986,LankaTech Solutions (Pvt) Ltd,2026-07-05,17:07:55,Kandy Branch,Vehicle,WP CAB 4521,Toyota Hiace, Diesel,31.65,Ltrs,304.92,9650.72,Company  Fuel  Depot,RCP-891256,company fuel card,Amal Fernando,60004.0,,Heavy Rain,CLIENT SITE VISITS, ADDITIONAL TRIP RESULTED IN HIGHER CONSUMPTION. 
FT-202607-00806,Lankatech Solutions (Pvt) Ltd,12-Jul-2026,09:42:24,Colombo HO,Vehicle,WP RAB 3842,Isuzu Elf, Diesel,55.17,L ,329.36,18170.79,Lanka IOC,RCP-103344,Fuel Account,Pradeep Kumar,104602.0,,Rain,Emergency operations,Additional trip resulted in higher consumption.
FT-202607-01234,LankaTech Solutions (Pvt) Ltd,2026/07/04,18:28:10,Galle Branch,Vehicle,WP CAB 4521,Toyota Hiace,Diesel,41.99,litres,331.9,13936.48,Lanka IOC,RCP-181871,company fuel card,Chamath Jayasinghe,178444.0,,Normal,Client site visits,Additional trip resulted in higher consumption.
FT-202607-01386,LankaTech Solutions (Pvt) Ltd,18-07-2026,19:11:39, Kandy Branch,Vehicle,WP CAA 7812,Toyota Prius,PETROL,38.14,Litres,314.5,11995.03,Lanka IOC,RCP-993198,cash,Amal Fernando,156081.0,,Heavy Rain,Client site visits,Additional trip resulted in higher consumption.
FT-202607-00535,LankaTech Solutions (Pvt) Ltd,2026-07-04,18:18:15,Kandy Branch,Vehicle,WP CAA 7812,Toyota Prius,PetRol,36.5,liters,309.98,11314.27,Local Fuel Station,RCP-405270,Cash,Sahan Wijesinghe,120016.0,,Rain,Month-end deliveries,Regular petrol refill for Toyota Prius.
FT-202607-00289,LankaTech Solutions (Pvt) Ltd,31/07/2026,17:45:22,Colombo Head Office,Vehicle,WP CBA 1198,Toyota Corolla,petrol,23.29,l,342.96,7987.54,Ceypetco,RCP-941269,fuel_account,Kasun Fernando,126532.0,,Wet Roads,Routine operations,Fuel issued as per request.
FT-202607-01255,LankaTech Solutions (Pvt) Ltd,23-Jul-2026,09:06:02,Colombo Head Office,Vehicle,SP CAB 7788,Toyota Hilux,diesel ,40.21,L ,319.73,12856.34,Local Fuel Station,RCP-147093,Company Fuel Card,Chamath Jayasinghe,135072.0,,Heavy Rain,Inter-branch transfer, fuel receipt entered manually by admin. 
FT-202607-01355,LankaTech Solutions (Pvt) Ltd,2026/07/30,11:47:32,Kurunegala Warehouse,Generator,GEN-KUR-01,Diesel Generator,DiesEl,89.87,Litres,301.2,27068.84,Lanka IOC,RCP-893951,FUEL CARD,Kasun Fernando,,12.1,Normal,Routine operations,Additional trip resulted in higher consumption. Higher than normal usage reported.
FT-202607-00143,LankaTech Solutions (Pvt) Ltd,2026-07-21,11:36:26,Kurunegala Warehouse,Vehicle,SP CAB 7788,Toyota Hilux,diesel ,67.17,L,320.27,21512.54,Ceypetco,RCP-668676,FUEL CARD,Tharindu Silva,96618.0,,,Client site visits,Fuel purchased for operational requirement.
FT-202607-01321,LankaTech Solutions (Pvt) Ltd,2026-07-27,07:35:45,Colombo Head Office,Vehicle,SP CAB 7788,Toyota Hilux,Diesel,68.05,liters,326.39,22210.84,Local Fuel Station,RCP-464599,cash,Ruwan Bandara,71634.0,,Normal,Month-end deliveries,urgent refill
FT-202607-01381,lankatechSolutions(Pvt)Ltd,11 Jul 2026,13:14:23,Kurunegala Warehouse,Vehicle,WP KX 2345,Isuzu D-Max,diesel,44.74,liters,331.47,14829.97,Ceypetco,RCP-155799,fuel_account,Kasun Fernando,80439.0,,Wet Roads,Client site visits,ADDITIONAL FUEL REQUIRED DUE TO INCREASED ACTIVITY.
FT-202607-01251,Lankatech Solutions (Pvt) Ltd,16-Jul-2026,18:22:54,Colombo head office,Vehicle,WP CAA 7812,Toyota Prius,petrol,61.68,Ltrs,336.42,20750.39,Ceypetco,RCP-701228,corporate credit,Amal Fernando,89336.0,,Normal,Increased deliveries,Additional fuel required due to increased activity. Higher than normal usage reported.
FT-202607-00021,LankaTech Solutions (Pvt) Ltd,08-Jul-2026,06:42:19,Kurunegala Warehouse ,Vehicle,WP CAA 7812,Toyota Prius, Petrol,33.56,litres,329.16,11046.61,,RCP-416241,corporate credit,Lahiru Senanayake,90550.0,,Flooding,Client site visits,Extra trip completed from Kurunegala Warehouse.
FT-202607-01039,LankaTech Solutions (Pvt) Ltd,06-07-2026,20:57:42,colomboHeadOffice,Vehicle,SP CAB 7788,Toyota Hilux, Diesel,18.59,Ltrs,333.09,6192.14,Local Fuel Station,RCP-680463,FUEL CARD,Nimal Perera,55999.0,,Wet Roads,Warehouse operations,Emergency fuel top-up.
FT-202607-01417,LankaTech Solutions (Pvt) Ltd,2026-07-04,08:14:28,Colombo Head Office,Vehicle,WP CAZ 9034,Suzuki Wagon R,PETROL,38.73,liters,313.83,12154.64,Local Fuel Station,RCP-344836,company fuel card,Nimal Perera,180914.0,,Very Hot,Month-end deliveries,Consumption slightly higher due to very hot.
FT-202607-01481,LankaTech Solutions (Pvt) Ltd,02/07/2026,14:39:27,Colombo Head Office,Generator,GEN-CMB-02,Diesel Generator,diesel,103.17,Ltrs ,313.67,32361.33,Company Fuel Depot,RCP-599018,Company Fuel Card,Ruwan Bandara,,16.1,Wet Roads,Inter-branch transfer, Vehicle refuelled before scheduled client visit. 
FT-202607-00067,LankaTech Solutions (Pvt) Ltd,2026-07-08,08:29:36,Colombo Head Office,Vehicle,WP CAZ 9034,Suzuki Wagon R,PETROL,51.76,litres,309.02,15994.88,Local Fuel Station,RCP-801961,cash,Pradeep Kumar,42088.0,,Flooding,Increased deliveries, additional fuel required due to increased activity. 
FT-202607-00821,LankaTech Solutions (Pvt) Ltd,2026/07/15,12:40:12,Galle Branch,Vehicle,WP CAB 4521,Toyota Hiace,DIESEL,73.79,LTR,313.07,23101.44,Lanka IOC,RCP-349083,fuel_account,Amal Fernando,113746.0,,Wet Roads,Maintenance work, VEHICLE REFUELLED BEFORE SCHEDULED CLIENT VISIT. 
FT-202607-00405,LankaTech Solutions (Pvt) Ltd,2026-07-07,07:01:48,Colombo Head Office,Vehicle,WP KX 2345,Isuzu D-Max,diesel ,100.23,liters,323.7,32444.45,Local Fuel Station,missing,cash,Tharindu Silva,82711.0,,Wet Roads,warehouse operations,Additional fuel required due to increased activity.
FT-202607-00491,LankaTech Solutions (Pvt) Ltd,16-07-2026,11:06:02,Kurunegala Warehouse,Generator,GEN-KUR-01,Diesel Generator, Diesel,28.69,Ltrs,293.55,8421.95,Lanka IOC,RCP-686427,Corporate Credit,Amal Fernando,,4.5,Very Hot,Inter-branch transfer,Fuel receipt entered manually by admin.
FT-202607-00085,LankaTech Solutions (Pvt) Ltd,2026-07-24,06:34:29,Kandy Branch,Vehicle,WP CAA 7812,Toyota Prius,PetRol,42.12,LTR,331.53,13964.04,Lanka IOC,RCP-423627,Cash,Ruwan Bandara,19039.0,,Very Hot,,Fuel purchased for operational requirement.
FT-202607-01285,LankaTech Solutions (Pvt) Ltd,2026-07-21,08:37:46,colomboHeadOffice,Vehicle,WP CAB 4521,Toyota Hiace,DiesEl,71.5,LTR,321.22,22967.23, Local Fuel Station,RCP-549182,Cash,Lahiru Senanayake,161741.0,,Flooding,Warehouse operations, Fuel issued as per request. 
FT-202607-00870,LankaTech Solutions (Pvt) Ltd,28/07/2026,17:34:07,Colombo Head Office,Vehicle,WP RAB 3842,Isuzu Elf,diesel,104.72,liters,320.22,33533.44,,RCP-715799,Fuel Account,Tharindu Silva,124534.0,,Flooding,Maintenance work,fuel receipt entered manually by admin. 
FT-202607-00539,LankaTech Solutions (Pvt) Ltd,20-07-2026,19:36:13,Colombo Head Office,Vehicle,WP CAA 7812,Toyota Prius,PETROL,31.47,Ltrs,322.73,10156.31,Ceypetco,RCP-705323,company fuel card,Pradeep Kumar,106228.0,,Heavy Rain,Increased deliveries,emergency fuel top-up.
FT-202607-01477,LankaTech Solutions (Pvt) Ltd,13-Jul-2026,10:38:48,Colombo Head Office,Vehicle,WP CBA 1198,Toyota Corolla,petrol,30.45,l,320.7,9765.31,Lanka IOC,RCP-820374,FUEL CARD,Amal Fernando,74971.0,,Heavy Rain,Month-end deliveries,Month-end fuel requirement.
FT-202607-00936,LankaTech Solutions (Pvt) Ltd,22-07-2026,07:13:42,Colombo Head Office,Vehicle,WP KX 2345,Isuzu D-Max,DIESEL,89.91,LTR,302.08,27160.01,  Company  Fuel  Depot,RCP-281724,cash,Dinesh Kumara,108752.0,,Heavy Rain,Warehouse operations,Additional fuel required due to increased activity.
FT-202607-00477,LankaTech Solutions (Pvt) Ltd,2026/07/31,09:18:59,Kurunegala Warehouse,Vehicle,WP CBA 1198,Toyota Corolla,PETROL,15.76,l,308.73,4865.58,Local Fuel Station,RCP-558030,Corporate Credit,Ruwan Bandara,155229.0,,Very Hot,Month-end deliveries,Month-end fuel requirement.
FT-202607-00593,LANKATECH SOLUTIONS (PVT) LTD,31 Jul 2026,12:31:35,Galle Branch,Vehicle,WP CAB 4521,Toyota Hiace,diesel,42.74,Litres,297.34,12708.31,Company Fuel Depot,RCP-933039,FUEL CARD,Kasun Fernando,69640.0,,Rain,Routine operations, consumption slightly higher due to rain. 
FT-202607-00700,LankaTech Solutions (Pvt) Ltd,2026-07-27,20:11:41,COLOMBO HEAD OFFICE,Vehicle,CP BDT 5521,Toyota TownAce, Diesel,44.98,Litres,328.76,14787.62,Lanka IOC,RCP-846107,fuel_account,Kasun Fernando,29882.0,,Rain,Routine operations,Additional trip resulted in higher consumption.
FT-202607-01208,lankatech solutions (pvt) ltd,2026-07-06,11:11:10,Colombo Head Office,Vehicle,WP RAB 3842,Isuzu Elf,diesel,43.47,liters,332.76,14465.08,Company Fuel Depot,RCP-704358,Corporate Credit,Pradeep Kumar,164331.0,,Very Hot,MONTH-END DELIVERIES,Emergency fuel top-up.
FT-202607-01500,LankaTech Solutions (Pvt) Ltd,02 Jul 2026,13:46:55,Colombo Head Office,Vehicle,WP QK 6723,Honda Fit,Petrol,46.55,Litres,344.45,16034.15,Ceypetco,RCP-160088,Cash,Kasun Fernando,93080.0,,Wet Roads,Warehouse operations,Additional trip resulted in higher consumption.
FT-202607-01176,LankaTech Solutions (Pvt) Ltd,01 Jul 2026,20:40:39,Colombo Head Office,Vehicle,WP CAA 7812,Toyota Prius,petrol ,37.27,ltr,343.97,12819.76,Ceypetco,RCP-185892,FUEL CARD,Pradeep Kumar,44652.0,,Flooding,Client site visits, Additional fuel required due to increased activity. 
FT-202607-00015,LankaTech Solutions (Pvt) Ltd,11 Jul 2026,16:40:43,Colombo HO,Vehicle,WP QK 6723,Honda Fit,petrol,9.82,L,323.28,3174.61,Company Fuel Depot,RCP-413328,FUEL CARD,Kasun Fernando,89026.0,,Normal,Client site visits,N/A
FT-202607-00322,LankaTech Solutions (Pvt) Ltd,04-07-2026,07:30:14,Colombo Head Office,Vehicle,WP CBA 1198,Toyota Corolla,petrol,38.98,Ltrs,303.54,11831.99,Lanka IOC,RCP-181569,Fuel Account,Nimal Perera,54837.0,,Very Hot,Increased deliveries, Vehicle refuelled before scheduled client visit. 
FT-202607-01194,LankaTech Solutions (Pvt) Ltd,26-Jul-2026,06:17:47,Galle Branch,Generator,GEN-GAL-01,Diesel Generator,diesel  ,114.98,L,310.52,35703.59,Lanka IOC,RCP-203018,company fuel card,Dinesh Kumara,,13.7,Wet Roads,Emergency operations,extra trip completed from galle branch.
FT-202607-01365,LankaTech Solutions (Pvt) Ltd,2026/07/28,10:00:51,Kurunegala Warehouse,Generator,GEN-KUR-01,Diesel Generator,Diesel,70.95,LTR,318.49,22596.87,Company Fuel Depot,RCP-411659,Company Fuel Card,Ruwan Bandara,,9.5,Normal,Emergency operations,REFUELLING COMPLETED AT APPROVED STATION.
FT-202607-01426,LankaTech Solutions (Pvt) Ltd,2026/07/08,08:48:48,Kurunegala Warehouse,VEHICLE,WP CAZ 9034,Suzuki Wagon R,petrol,46.09,L,323.17,14894.91,Ceypetco,RCP-836592,Fuel Account,Amal Fernando,153259.0,,Wet Roads,Warehouse operations, CONSUMPTION SLIGHTLY HIGHER DUE TO WET ROADS. 
FT-202607-00312,LankaTech Solutions (Pvt) Ltd,07-07-2026,07:40:13, Galle Branch,Vehicle,WP RAB 3842,Isuzu Elf,diesel,23.49,L ,295.74,6946.93,Lanka IOC,RCP-866968,Corporate Credit,Dinesh Kumara,153408.0,,Rain,Maintenance work,Routine fuel purchase.
FT-202607-00476,LankaTech Solutions (Pvt) Ltd,25-Jul-2026,12:36:37,Colombo Head Office,Vehicle,WP CAZ 9034,Suzuki Wagon R, Petrol,15.07,LTR,308.75,4652.86,Lanka IOC,RCP-364861,Cash,Sahan Wijesinghe,151516.0,,Wet Roads,Routine operations,Vehicle refuelled before scheduled client visit.
FT-202607-00852,LankaTech Solutions (Pvt) Ltd,28/07/2026,13:58:34,Kurunegala Warehouse,Vehicle,WP RAB 3842,Isuzu Elf,diesel ,24.48,litres,332.2,8132.26,Ceypetco,RCP-199865,FUEL CARD,,149513.0,,,Routine operations,fuel receipt entered manually by admin.
FT-202607-01336,LankaTech Solutions (Pvt) Ltd,2026/07/23,19:54:41,Colombo Head Office,Generator,GEN-CMB-02,Diesel Generator,DiesEl,111.14,Litres,299.79,33318.66,Lanka IOC,RCP-981371,fuelAccount,Ruwan Bandara,,14.7,Heavy Rain,Month-end deliveries,Additional fuel required due to increased activity.
FT-202607-00401,LankaTech Solutions (Pvt) Ltd,15-07-2026,10:34:38,Colombo Head Office,Vehicle,CP CAE 9911,Mitsubishi Canter,diesel,58.73,liters,295.63,17362.35,Local Fuel Station,RCP-965447,Corporate Credit,Sahan Wijesinghe,132467.0,,Flooding,Maintenance work,ok
FT-202607-01317,LankaTech Solutions (Pvt) Ltd,2026-07-31,20:42:08,Kandy Branch,Vehicle,CP BDT 5521,Toyota TownAce, DIESEL,33.41,LTR,315.23,10531.83,Ceypetco,RCP-278610,cash,Chamath Jayasinghe,113241.0,,Wet Roads,Warehouse operations,Vehicle refuelled before scheduled client visit. 
FT-202607-00925,LankaTech Solutions (Pvt) Ltd,17-Jul-2026,11:59:39,Kandy Branch,Vehicle,SP CAB 7788,Toyota Hilux,DiesEl,83.05,Ltrs,297.42,24700.73,Ceypetco,RCP-912832,company fuel card,Chamath Jayasinghe,26692.0,,Rain,Increased deliveries,additional trip resulted in higher consumption.
FT-202607-00722,LankaTech Solutions (Pvt) Ltd,2026/07/28,09:03:31,Colombo Head Office,Generator,GEN-CMB-02,Diesel Generator,Diesel,55.42,L ,326.52,18095.74,Ceypetco,RCP-634377,Company Fuel Card,Nimal Perera,,,Normal,Routine operations,Vehicle refuelled before scheduled client visit.
FT-202607-00524,LankaTech Solutions (Pvt) Ltd,19-07-2026,15:42:10,Colombo Head Office,Generator,GEN-CMB-01,Diesel Generator, Diesel,21.57,ltr,288.16,6215.61,Ceypetco,RCP-826979,Cash,Kasun Fernando,,3.3,Flooding,Routine operations,fuel receipt entered manually by admin.
FT-202607-00119,LankaTech Solutions (Pvt) Ltd,2026/07/28,11:18:07,Colombo Head Office,Generator,GEN-CMB-01,Diesel Generator,Diesel,165.7,Litres,304.11,50391.03,LANKA IOC,RCP-426975,FUEL CARD,Amal Fernando,,17.7,Flooding,Month-end deliveries, Fuel issued for month-end deliveries. 
FT-202607-00207,LankaTech Solutions (Pvt) Ltd,04-07-2026,14:51:10,Colombo  Head Office,Vehicle,WP CAA 7812,Toyota Prius,PETROL,36.81,ltr,327.17,12043.13,Ceypetco,RCP-334426,corporate credit,Dinesh Kumara,109323.0,,Normal,Routine operations,extra fuel
FT-202607-01187,LankaTech Solutions (Pvt) Ltd,06-07-2026,07:00:57,Kurunegala Warehouse,Generator,GEN-KUR-01,Diesel Generator, Diesel,94.57,litres,302.14,28573.38,Local Fuel Station,RCP-725703,Cash,Nimal Perera,,14.9,Normal,Inter-branch transfer,fuel receipt entered manually by admin.
FT-202607-00180,LankaTech Solutions (Pvt) Ltd,26 Jul 2026,07:53:57,COLOMBO HEAD OFFICE,Vehicle,WP RAB 3842,Isuzu Elf,DIESEL,31.62,litres,302.56,9566.95,Ceypetco,RCP-421395,fuel_account,Nimal Perera,101795.0,,Rain,Emergency operations, Fuel purchased for operational requirement. 
FT-202607-00935,LankaTech Solutions (Pvt) Ltd,12/07/2026,19:47:54,KANDY BRANCH,Vehicle,WP CBA 1198,Toyota Corolla,PetRol,78.07,ltr,325.65,25423.5,,,cash,Nimal Perera,186614.0,,Wet Roads,Inter-branch transfer,Generator fuel top-up during inter-branch transfer. Higher than normal usage reported.
FT-202607-01158,LankaTech Solutions (Pvt) Ltd,21 Jul 2026,09:32:01,Kandy Branch,Vehicle,WP CAZ 9034,Suzuki Wagon R,petrol ,11.63,l,331.89,3859.88,Ceypetco,RCP-363133,FUEL CARD,Dinesh Kumara,134665.0,,Rain,Inter-branch transfer,Vehicle refuelled before scheduled client visit.
FT-202607-00294,LankaTech Solutions (Pvt) Ltd,2026-07-03,20:12:57,Colombo Head Office,Vehicle,WP QK 6723,Honda Fit, Petrol,34.53,LTR,344.41,11892.48,Lanka IOC,RCP-585309,Corporate Credit,Kasun Fernando,123699.0,,Heavy Rain,Routine operations,VEHICLE REFUELLED BEFORE SCHEDULED CLIENT VISIT.
FT-202607-01109,LankaTech Solutions (Pvt) Ltd,20-Jul-2026,07:20:25,Colombo  Head Office,Vehicle,WP CBA 1198,Toyota Corolla,petrol ,27.77,Litres,329.82,9159.1,Lanka IOC,RCP-634553,company fuel card,Nimal Perera,74528.0,,Heavy Rain,Emergency operations,Fuel issued for emergency operations.
FT-202607-01469,LankaTech Solutions (Pvt) Ltd,01-Jul-2026,09:13:13,COLOMBO HEAD OFFICE,Vehicle,WP CAZ 9034,Suzuki Wagon R,PetRol,52.64,l,320.29,16860.07,Lanka IOC,RCP-162797,Cash,Kasun Fernando,39500.0,,Flooding,Increased deliveries,Emergency fuel top-up.
FT-202607-01308,LankaTech Solutions (Pvt) Ltd,31/07/2026,17:37:58,Colombo Head Office,Vehicle,WP CAZ 9034,Suzuki Wagon R,petrol,28.39,Litres,331.7,9416.96,Lanka IOC,RCP-981519,Corporate Credit,Sahan Wijesinghe,166015.0,,Very Hot,Maintenance work,Emergency fuel top-up.
FT-202607-01461,LankaTech Solutions (Pvt) Ltd,2026/07/28,13:31:25,Colombo head office,Vehicle,CP BDT 5521,Toyota TownAce, Diesel,53.53,L  ,326.42,17473.26,Ceypetco,RCP-274406,company fuel card,Lahiru Senanayake,110021.0,,Heavy Rain,Inter-branch transfer,Additional trip resulted in higher consumption.
FT-202607-00240,LankaTech Solutions (Pvt) Ltd,2026/07/28,14:07:00,Colombo Head Office,Vehicle,CP CAE 9911,Mitsubishi Canter,DiesEl,55.1,LTR,331.55,18268.41,Local Fuel Station,RCP-570112,cash,Dinesh Kumara,34051.0,,Flooding,Month-end deliveries, ADDITIONAL TRIP RESULTED IN HIGHER CONSUMPTION. 
FT-202607-00254,lankatech solutions (pvt) ltd,29/07/2026,17:48:33,Colombo Head Office,Generator,GEN-CMB-02,Diesel Generator, Diesel,21.95,litres,303.88,6670.17,Lanka IOC,RCP-881660,fuel_account,Chamath Jayasinghe,,3.4,Normal,Month-end deliveries,Additional trip resulted in higher consumption.
FT-202607-00520,LankaTech Solutions (Pvt) Ltd,02/07/2026,10:36:31,Galle branch,Vehicle,WP CAZ 9034,Suzuki Wagon R,PETROL,34.18,litres,336.64,11506.36,Lanka IOC,RCP-847516,Cash,Tharindu Silva,91690.0,,Flooding,Routine operations,
FT-202607-01122,LankaTech Solutions (Pvt) Ltd,15-Jul-2026,15:07:32,Colombo Head Office,Vehicle,WP CAB 4521,Toyota Hiace,Diesel,48.93,l,307.28,15035.21,Ceypetco,RCP-607258,fuel_account,Chamath Jayasinghe,22678.0,,Heavy Rain,Routine operations,additional trip resulted in higher consumption.
FT-202607-00679,LankaTech Solutions (Pvt) Ltd,16/07/2026,14:37:21,Colombo head office,Generator,GEN-CMB-02,Diesel Generator, Diesel,74.68,litres,315.23,23541.38,Ceypetco,RCP-835988,company fuel card,Tharindu Silva,,7.9,Flooding,Inter-branch transfer,Fuel issued as per request.
FT-202607-01135,LankaTech Solutions (Pvt) Ltd,27/07/2026,15:34:27,Colombo Head Office,Vehicle,WP CAB 4521,Toyota Hiace, Diesel,100.02,L,329.65,32971.59,LOCAL FUEL STATION,RCP-831039,Fuel Account,Kasun Fernando,155635.0,,Heavy Rain,Increased deliveries,generator use
FT-202607-00664,LankaTech Solutions (Pvt) Ltd,13 Jul 2026,11:57:50,Kurunegala Warehouse,Vehicle,WP QK 6723,Honda Fit,PETROL,38.28,LTR,298.87,11440.74,Company Fuel Depot,RCP-308721,fuel_account,Pradeep Kumar,124122.0,,Heavy Rain,Increased deliveries,Refuelling completed at approved station.
FT-202607-00135,LankaTech Solutions (Pvt) Ltd,2026/07/05,12:44:39,Kurunegala Warehouse,Vehicle,CP CAE 9911,Mitsubishi Canter,diesel ,64.2,Litres,293.44,18838.85,Company Fuel Depot,RCP-762660,Fuel Account,Lahiru Senanayake,120795.0,,Normal,Client site visits,extra trip completed from kurunegala warehouse.
FT-202607-00163,LankaTech Solutions (Pvt) Ltd,2026/07/31,07:05:14,Colombo Head Office,Generator,GEN-CMB-01,Diesel Generator,DiesEl,99.88,L,315.39,31501.15,Local Fuel Station,RCP-790642,company fuel card,Sahan Wijesinghe,,16.0,Flooding,Warehouse operations,Regular diesel refill for Diesel Generator.
FT-202607-01252,LankaTech Solutions (Pvt) Ltd,2026-07-23,16:44:19,Kandy Branch,Vehicle,WP CAZ 9034,Suzuki Wagon R, Petrol,37.88,liters,300.08,11367.03,Lanka IOC,RCP-580980,cash,Lahiru Senanayake,158808.0,,Rain,Increased deliveries,Refuelling completed at approved station.
FT-202607-01376,LankaTech Solutions (Pvt) Ltd,2026-07-24,09:21:45,Colombo Head Office,Generator,GEN-CMB-02,Diesel Generator,DIESEL,128.92,L ,306.31,39489.49,Ceypetco,RCP-886740,Fuel Account,Ruwan Bandara,,15.3,Heavy Rain,Emergency operations,additional fuel required due to increased activity.
FT-202607-01179,LankaTech Solutions (Pvt) Ltd,25 Jul 2026,15:15:50,Kurunegala Warehouse,Vehicle,WP KX 2345,Isuzu D-Max,DIESEL,68.51,l,291.61,19978.2,Company Fuel Depot,RCP-890431,company fuel card,Nimal Perera,20403.0,,Wet Roads,Warehouse operations,Emergency fuel top-up.
FT-202607-00564,LankaTech Solutions (Pvt) Ltd,2026-07-03,16:56:37,Kurunegala WH,Vehicle,WP RAB 3842,Isuzu Elf,diesel,50.62,liters,292.7,14816.47,Local Fuel Station,RCP-497208,fuel_account,Chamath Jayasinghe,143683.0,,Rain,,FUEL PURCHASED FOR OPERATIONAL REQUIREMENT.
FT-202607-00448,LankaTech Solutions (Pvt) Ltd,2026/07/06,12:42:07,Colombo Head Office,vehicle,SP CAB 7788,Toyota Hilux,DIESEL,91.54,ltr,309.84,28362.75,Ceypetco,RCP-127050,FUEL CARD,Amal Fernando,30792.0,,Very Hot,Inter-branch transfer,Emergency fuel top-up.
FT-202607-00202,LankaTech Solutions (Pvt) Ltd,18-Jul-2026,18:09:17,Galle Branch,Generator,GEN-GAL-01,Diesel Generator,DiesEl,111.91,LTR,295.62,33082.83,Lanka IOC,RCP-749668,FUEL CARD,Tharindu Silva,,14.2,Flooding,Routine operations,Fuel purchased for operational requirement.
FT-202607-01004,LankaTech Solutions (Pvt) Ltd,2026-07-04,09:02:06,colomboHeadOffice,Generator,GEN-CMB-01,Diesel Generator,DIESEL,76.74,Ltrs,318.11,24411.76,Ceypetco,RCP-157408,Cash,Dinesh Kumara,,14.4,Normal,Inter-branch transfer,Fuel receipt entered manually by admin.
FT-202607-01035,LankaTech Solutions (Pvt) Ltd,2026/07/18,17:23:08,Galle Branch,Vehicle,WP CBA 1198,Toyota Corolla,petrol ,20.06,L,303.82,6094.63,Lanka IOC,RCP-955226,cash,Lahiru Senanayake,150257.0,,Normal,Maintenance work,Fuel purchased for operational requirement.
FT-202607-01266,LankaTech Solutions (Pvt) Ltd,20/07/2026,13:06:27,Galle Branch,Generator,GEN-GAL-01,Diesel Generator,diesel ,76.64,Litres,286.13,21929.0,Lanka IOC,RCP-511078,Company Fuel Card,Amal Fernando,,13.1,Normal,Emergency operations,fuel receipt entered manually by admin.
FT-202607-00794,LankaTech Solutions (Pvt) Ltd,29 Jul 2026,13:48:27,Colombo Head Office,Vehicle,WP QK 6723,Honda Fit,PETROL,29.86,l,313.1,9349.17,Local Fuel Station,RCP-277724,corporate credit,Kasun Fernando,118925.0,,Normal,Client site visits,Additional fuel required due to increased activity.
FT-202607-00149,LankaTech Solutions (Pvt) Ltd,2026-07-10,14:10:41,Kurunegala Warehouse,Vehicle,CP CAE 9911,Mitsubishi Canter,diesel,41.24,L,324.32,13374.96,Lanka IOC,RCP-151306,Cash,Nimal Perera,128698.0,,Normal,Maintenance work,fuel receipt entered manually by admin. Higher than normal usage reported.
FT-202607-00383,lankatech solutions (pvt) ltd,16 Jul 2026,12:11:24,Colombo Head Office,Vehicle,WP CAB 4521,Toyota Hiace, Diesel,36.5,litres,317.23,11578.9,Lanka IOC,RCP-798377,Fuel Account,Amal Fernando,57582.0,,Normal,Emergency operations,Additional fuel required due to increased activity.
FT-202607-00690,LankaTech Solutions (Pvt) Ltd,2026-07-04,15:26:03,Colombo Head Office ,Vehicle,WP CAB 4521,Toyota Hiace,diesel ,47.31,liters,298.55,14124.4,Local Fuel Station,RCP-329328,cash,Sahan Wijesinghe,83537.0,,Heavy Rain,Maintenance work,Fuel purchased for operational requirement.
FT-202607-01139,LankaTech Solutions (Pvt) Ltd,2026-07-03,06:28:50,Colombo Head Office,Vehicle, CP BDT 5521,Toyota TownAce,diesel ,52.49,L,293.52,15406.86,Company Fuel Depot,RCP-691100,cash,Sahan Wijesinghe,181913.0,,Heavy Rain,Increased deliveries,Regular diesel refill for Toyota TownAce.
FT-202607-00701,LankaTech Solutions (Pvt) Ltd,16 Jul 2026,17:42:27,Galle Branch,Vehicle,WP CBA 1198,Toyota Corolla,petrol,59.92,L ,335.2,20085.18,Lanka IOC,RCP-100329,Corporate Credit,Sahan Wijesinghe,92612.0,,Rain,Inter-branch transfer,Consumption slightly higher due to rain.
FT-202607-00352,LankaTech Solutions (Pvt) Ltd,13 Jul 2026,07:47:16,Colombo HQ,Vehicle,SP CAB 7788,Toyota Hilux, Diesel,13.13,l,329.68,4328.7,Ceypetco,RCP-132668,FUEL CARD,Ruwan Bandara,52490.0,,Wet Roads,Routine operations,
FT-202607-00618,LankaTech Solutions (Pvt) Ltd,24/07/2026,11:11:12,Colombo Head Office,Generator,GEN-CMB-01,Diesel Generator,diesel,107.83,Ltrs,319.57,34459.23,Company Fuel Depot,RCP-701230,FUEL CARD,Sahan Wijesinghe,,13.9,Wet Roads,emergencyOperations,month-end fuel requirement.
FT-202607-00567,LankaTech Solutions (Pvt) Ltd,2026-07-08,18:13:33,Galle Branch,Vehicle,WP CAB 4521,Toyota Hiace,DIESEL,58.86,L,327.76,19291.95,Company Fuel Depot,RCP-635610,FUEL CARD,Amal Fernando,31831.0,,Flooding,Client site visits,Routine fuel purchase.
FT-202607-00150,LankaTech Solutions (Pvt) Ltd,27-Jul-2026,13:20:30,colomboHeadOffice,Generator,GEN-CMB-02,Diesel Generator,diesel,29.56,Ltrs ,301.45,8910.86,Lanka IOC,RCP-464886,Corporate Credit,Dinesh Kumara,,4.7,Wet Roads,Increased deliveries,Additional fuel required due to increased activity.
FT-202607-00369,LankaTech Solutions (Pvt) Ltd,2026-07-03,11:50:23,Kurunegala Warehouse,Vehicle,SP CAB 7788,Toyota Hilux,Diesel,67.73,Litres,334.41,22649.59,Company Fuel Depot,RCP-727205,FUEL CARD,Nimal Perera,19978.0,,Flooding,Client site visits,Fuel receipt entered manually by admin.
FT-202607-00065,LankaTech Solutions (Pvt) Ltd,26-07-2026,07:04:18,Colombo Head Office,Vehicle,WP QK 6723,Honda Fit,petrol ,36.01,L ,310.74,11189.75,Lanka IOC,RCP-678413,Corporate Credit,Kasun Fernando,105359.0,,Rain,Inter-branch transfer,Fuel receipt entered manually by admin.
FT-202607-01444,LankaTech Solutions (Pvt) Ltd,2026/07/20,17:31:00,Kurunegala Warehouse,Generator,GEN-KUR-01,Diesel Generator,diesel ,80.66,ltr,287.35,23177.65,Lanka IOC,RCP-830986,Company Fuel Card,Amal Fernando,,11.9,Rain,Maintenance work,Additional fuel required due to increased activity.
FT-202607-00471,LankaTech Solutions (Pvt) Ltd,2026-07-14,09:43:46,Colombo  Head Office,Generator,GEN-CMB-01,Diesel Generator,diesel,137.7, Litres,294.01,40485.18,Local Fuel Station,RCP-344416,Company Fuel Card,Pradeep Kumar,,13.9,Flooding,Inter-branch transfer,Refuelling completed at approved station.
FT-202607-00060,LankaTech Solutions (Pvt) Ltd,26-07-2026,07:34:52,Galle Branch,Vehicle,WP CAB 4521,Toyota Hiace,DIESEL,31.18,liters,298.64,9311.6,,RCP-572648,Corporate Credit,Lahiru Senanayake,65266.0,,Rain,Inter-branch transfer,Fuel issued as per request.
FT-202607-01014,LankaTech Solutions (Pvt) Ltd,2026/07/07,14:11:48,KURUNEGALA WAREHOUSE,Vehicle,WP CAB 4521,Toyota Hiace, Diesel,36.21,Litres,299.73,10853.22,Ceypetco,RCP-665222,CASH,Chamath Jayasinghe,32353.0,,Rain,Maintenance work,emergency fuel top-up.
FT-202607-00886,LankaTech Solutions (Pvt) Ltd,27 Jul 2026,06:18:00,kandy branch,Generator,GEN-KDY-01,Diesel Generator,DIESEL,37.69,litres,301.74,11372.58,Lanka IOC,RCP-641797,Fuel Account,Tharindu Silva,,,Very Hot,Inter-branch transfer,Month-end fuel requirement.
FT-202607-00020,LankaTech Solutions (Pvt) Ltd,01/07/2026,10:01:20,Kurunegala Warehouse,Vehicle,WP RAB 3842,Isuzu Elf,DIESEL,86.95,LTR,318.06,27655.32,Ceypetco,RCP-418241,Cash,Nimal Perera,48611.0,,Rain,Increased deliveries,Month-end fuel requirement.
FT-202607-01024,LankaTech Solutions (Pvt) Ltd,23-Jul-2026,20:23:09,Colombo Head Office,Vehicle,WP CBA 1198,Toyota Corolla,petrol,38.22,litres,339.58,12978.75,Local Fuel Station,RCP-165005,corporate credit,Nimal Perera,68809.0,,Very Hot,Inter-branch transfer, generator fuel top-up during inter-branch transfer. 
FT-202607-00910,LankaTech Solutions (Pvt) Ltd,04/07/2026,10:06:37,Kurunegala Warehouse,Vehicle,WP CBA 1198,Toyota Corolla,PETROL,70.47,ltr,320.87,22611.71,Local Fuel Station,RCP-456406,Cash,Lahiru Senanayake,34485.0,,Flooding,Month-end deliveries,Consumption slightly higher due to flooding. Higher than normal usage reported.
FT-202607-00661,LankaTech Solutions (Pvt) Ltd,22-Jul-2026,13:14:50,Colombo HQ,Generator,GEN-CMB-01,Diesel Generator,diesel ,94.31, ltr,300.66,28355.24,Ceypetco,RCP-712497,company fuel card,Pradeep Kumar,,14.2,Normal,Maintenance work,Generator fuel top-up during maintenance work.
FT-202607-00744,LankaTech Solutions (Pvt) Ltd,04 Jul 2026,11:38:48,Colombo Head Office,vehicle,WP RAB 3842,Isuzu Elf, Diesel,63.63,L,310.16,19735.48,Company Fuel Depot,RCP-982282,Fuel Account,Dinesh Kumara,47254.0,,Rain,Warehouse operations,Month-end fuel requirement.
FT-202607-00290,LankaTech Solutions (Pvt) Ltd,03 Jul 2026,12:12:52,Colombo Head Office,Vehicle,WP CBA 1198,Toyota Corolla,PetRol,51.17,litres,300.17,15359.7,LANKA IOC,RCP-417527,Company Fuel Card,Sahan Wijesinghe,147680.0,,Heavy Rain,Client site visits,Generator fuel top-up during client site visits.
FT-202607-00569,LankaTech Solutions (Pvt) Ltd,23.07.2026,16:37:15,Colombo Head Office,Vehicle,CP CAE 9911,Mitsubishi Canter,DiesEl,25.58,Litres,294.0,7520.52,Lanka IOC,RCP-903599,corporate credit,Pradeep Kumar,54138.0,,Wet Roads,Client site visits,Extra trip completed from Colombo Head Office.
FT-202607-00046,LankaTech Solutions (Pvt) Ltd,2026/07/06,09:51:10,Colombo Head Office,Vehicle,WP CAA 7812,Toyota Prius,petrol ,62.58,LTR,318.0,19900.44,,RCP-700419,corporate credit,Sahan Wijesinghe,29198.0,,Rain,Inter-branch transfer,Additional trip resulted in higher consumption.
FT-202607-00117,LankaTech Solutions (Pvt) Ltd,04-07-2026,15:53:51,Galle Branch,Vehicle,WP KX 2345,Isuzu D-Max,diesel,53.45,ltr,313.89,16777.42,Local Fuel Station,RCP-238699,FUEL CARD,Kasun Fernando,57233.0,,Rain,Emergency operations, Additional fuel required due to increased activity. 
FT-202607-01153,LankaTech Solutions (Pvt) Ltd,25-Jul-2026,14:41:20,kandy branch,Vehicle,WP CBA 1198,Toyota Corolla, Petrol,26.21,ltr,333.71,8746.54,Local Fuel Station ,RCP-395706,Fuel Card,Ruwan Bandara,28947.0,,Rain,Month-end deliveries,refuelling completed at approved station.
FT-202607-01111,LankaTech Solutions (Pvt) Ltd,01/07/2026,16:51:28,Galle Branch,Vehicle,CP CAE 9911,Mitsubishi Canter,diesel ,81.32,LTR,322.7,26241.96,Local Fuel Station,RCP-899056,Company Fuel Card,Chamath Jayasinghe,131433.0,,Flooding,Month-end deliveries,EXTRA TRIP COMPLETED FROM GALLE BRANCH.
FT-202607-00486,LankaTech Solutions (Pvt) Ltd,14/07/2026,20:30:03,GALLE BRANCH,Vehicle,WP RAB 3842,Isuzu Elf,diesel,93.49,litres,306.95,28696.76,Company Fuel Depot,RCP-827970,Cash,Tharindu Silva,44681.0,,Very Hot,Inter-branch transfer,Month-end fuel requirement.
FT-202607-00270,LankaTech Solutions (Pvt) Ltd,04/07/2026,10:50:16,Kurunegala Warehouse,Vehicle,CP BDT 5521,Toyota TownAce,Diesel,40.63,l,304.39,12367.37,Company Fuel Depot,RCP-487391,cash,Lahiru Senanayake,55690.0,,Wet Roads,Warehouse operations,Fuel receipt entered manually by admin.
FT-202607-01407,LankaTech Solutions (Pvt) Ltd,06-07-2026,07:33:11,Colombo Head Office,Vehicle,WP CBA 1198,Toyota Corolla, Petrol,41.01,l,314.3,12889.44,Company Fuel Depot,RCP-376045,FUEL CARD,Nimal Perera,146945.0,,Wet Roads,Emergency operations, Emergency fuel top-up. 
FT-202607-00760,LankaTech Solutions (Pvt) Ltd,2026/07/22,06:42:12,Colombo Head Office,Vehicle,WP CBA 1198,Toyota Corolla,PetRol,52.81,litres,309.78,16359.48,Lanka IOC,RCP-495804,Corporate Credit,Amal Fernando,19388.0,,Rain,Month-end deliveries,Consumption slightly higher due to rain.
FT-202607-00343,LankaTech Solutions (Pvt) Ltd,02/07/2026,07:35:45,Colombo Head Office,Vehicle,WP CBA 1198,Toyota Corolla,petrol,57.22,l,307.57,17599.16,Local Fuel Station,RCP-417819,corporate credit,Amal Fernando,173096.0,,Very Hot,Increased deliveries,fuel purchased for operational requirement.
FT-202607-01227,LankaTech Solutions (Pvt) Ltd,05-07-2026,15:40:32,kandyBranch,Vehicle,SP CAB 7788,Toyota Hilux, Diesel,58.88,L ,310.2,18264.58,Ceypetco,RCP-168983,company fuel card,Pradeep Kumar,167016.0,,Flooding,Month-end deliveries, Additional fuel required due to increased activity. 
FT-202607-00607,LankaTech Solutions (Pvt) Ltd,2026-07-04,07:30:16,Colombo Head Office,Generator,GEN-CMB-01,Diesel Generator,DIESEL,155.35,Litres,310.69,48265.69,Local Fuel Station,RCP-993806,company fuel card,Dinesh Kumara,,15.0,,Client site visits, ADDITIONAL FUEL REQUIRED DUE TO INCREASED ACTIVITY. 
FT-202607-00884,LankaTech Solutions (Pvt) Ltd,03-Jul-2026,15:12:22,Colombo Head Office,Vehicle,WP CAA 7812,Toyota Prius,Petrol,40.22,Ltrs,344.68,13863.03,Company Fuel Depot,RCP-140585,Fuel Account,Amal Fernando,113625.0,,Very Hot,Maintenance work,regular petrol refill for toyota prius.
FT-202607-00522,LankaTech Solutions (Pvt) Ltd,2026-07-01,09:22:39,Kurunegala Warehouse,Generator,GEN-KUR-01,Diesel Generator,diesel,97.37,L ,329.03,32037.65,,RCP-679278,FUEL CARD,Dinesh Kumara,,12.4,Heavy Rain,Inter-branch transfer, Regular diesel refill for Diesel Generator. 
FT-202607-00937,LankaTech Solutions (Pvt) Ltd,24-07-2026,09:15:16,Colombo Head Office,Vehicle,WP RAB 3842,Isuzu Elf,DiesEl,53.87,Litres,312.89,16855.38,Local Fuel Station,RCP-580219,Company Fuel Card,Amal Fernando,64469.0,,Very Hot,Emergency operations,Fuel issued for emergency operations.
FT-202607-00743,LankaTech Solutions (Pvt) Ltd,14-07-2026,17:42:42,Colombo HO,Vehicle,WP QK 6723,Honda Fit, Petrol,-38.93,Ltrs,297.22,11570.77,Local Fuel Station,RCP-963422,fuel_account,Kasun Fernando,24565.0,,Heavy Rain,Month-end deliveries,trip extended
FT-202607-00546,LankaTech Solutions (Pvt) Ltd,2026/07/27,17:29:48,Colombo Head Office,Vehicle,WP QK 6723,Honda Fit, Petrol,N/A,ltr,342.67,9046.49,Lanka IOC,RCP-820101,,Tharindu Silva,142836.0,,Very Hot,Emergency operations,ok
FT-202607-01250,LankaTech Solutions (Pvt) Ltd,28-Jul-2026,14:41:11,Kurunegala Warehouse,Vehicle,SP CAB 7788,Toyota Hilux,diesel,65.41,Litres,305.49,19982.1,LOCAL FUEL STATION,RCP-743625,cash,Tharindu Silva,77193.0,,Heavy Rain,Routine operations,Fuel issued as per request.
FT-202607-00894,LankaTech Solutions (Pvt) Ltd,12 Jul 2026,10:43:31,Galle Branch,Vehicle,CP CAE 9911,Mitsubishi Canter,DIESEL,86.06,Ltrs,314.85,27095.99,Local Fuel Station,RCP-625720,company fuel card,Pradeep Kumar,160273.0,,Very Hot,,Additional trip resulted in higher consumption.
FT-202607-00556,LankaTech Solutions (Pvt) Ltd,01-07-2026,15:07:47,Colombo Head Office,Vehicle,WP CAZ 9034,Suzuki Wagon R,petrol,33.79,litres,320.53,10830.71,Company Fuel Depot,RCP-575417,company fuel card,Tharindu Silva,44614.0,,Rain,Routine operations, REFUELLING COMPLETED AT APPROVED STATION. 
FT-202607-01283,LankaTech Solutions (Pvt) Ltd,2026-07-03,09:29:51,Galle Branch,Vehicle,WP RAB 3842,Isuzu Elf, Diesel,80.99,LTR,292.54,23692.81,Ceypetco,RCP-289861,Cash,Nimal Perera,44561.0,,Flooding,Maintenance work,refuelling completed at approved station.
FT-202607-01292,LankaTech Solutions (Pvt) Ltd,20 July 2026,14:09:08,Colombo Head Office,Vehicle,CP CAE 9911,Mitsubishi Canter,DiesEl,53.41,l,312.19,16674.07, ,RCP-621910,Corporate Credit,Nimal Perera,96858.0,,Normal,Increased deliveries,Month-end fuel requirement.
FT-202607-01491,LankaTech Solutions (Pvt) Ltd,2026-07-27,13:28:15,Colombo Head Office,Generator,GEN-CMB-01,Diesel Generator,DIESEL,33.48,liters,311.81,10439.4,Local Fuel Station,RCP-494286,Cash,Tharindu Silva,,7.2,Rain,Routine operations,ADDITIONAL FUEL REQUIRED DUE TO INCREASED ACTIVITY.
FT-202607-00192,LankaTech Solutions (Pvt) Ltd,2026-07-06,14:21:57,Kandy Branch,Vehicle,WP CAB 4521,Toyota Hiace,DiesEl,86.44,L ,307.2,26554.37,Ceypetco,RCP-295778,Cash,Lahiru Senanayake,135661.0,,Wet Roads,Client site visits,Fuel issued as per request.
FT-202607-00430,LankaTech Solutions (Pvt) Ltd,28 Jul 2026,16:30:48,Kandy Branch,Vehicle,CP BDT 5521,Toyota TownAce,diesel,50.13,liters,306.89,15384.4,Local Fuel Station,RCP-755655,fuel_account,Pradeep Kumar,117233.0,,Wet Roads,Routine operations,Month-end fuel requirement.
FT-202607-00130,LankaTech Solutions (Pvt) Ltd,17-07-2026,07:27:21,Colombo Head Office,Vehicle,CP CAE 9911,Mitsubishi Canter, Diesel,81.53,ltr,330.17,26918.76,Local Fuel Station,RCP-408987,COMPANY FUEL CARD,Chamath Jayasinghe,91436.0,,Wet Roads,Warehouse operations,Additional fuel required due to increased activity.
FT-202607-00565,LankaTech Solutions (Pvt) Ltd,16/07/2026,08:19:37,Kurunegala Warehouse,Vehicle,WP QK 6723,Honda Fit, Petrol,41.29,l,333.7,13778.47,Company Fuel Depot,RCP-655091,company fuel card,Kasun Fernando,177062.0,,Heavy Rain,Warehouse operations,Additional fuel required due to increased activity.
FT-202607-00949,LankaTech Solutions (Pvt) Ltd,2026/07/20,06:36:34,Kurunegala Warehouse,Vehicle,SP CAB 7788,Toyota Hilux,diesel,79.79,L,313.65,25026.13,Local Fuel Station,RCP-950284,Company Fuel Card,Kasun Fernando,104969.0,,Very Hot,Month-end deliveries,Generator fuel top-up during month-end deliveries.
FT-202607-01027,LankaTech Solutions (Pvt) Ltd,2026/07/08,06:00:38,Colombo Head Office,Vehicle,WP QK 6723,Honda Fit,PETROL,26.97,litres,332.4,8964.83,Ceypetco,RCP-200425,FUEL CARD,Pradeep Kumar,39009.0,,Heavy Rain,Routine operations,Fuel purchased for operational requirement.
FT-202607-00120,LankaTech Solutions (Pvt) Ltd,2026-07-21,15:28:42,Galle Branch,Generator,GEN-GAL-01,Diesel Generator,diesel ,121.49,L,321.8,39095.48,,RCP-230383,corporate credit,Tharindu Silva,,17.1,Wet Roads,Maintenance work,Generator fuel top-up during maintenance work.
FT-202607-01485,Lankatech Solutions (Pvt) Ltd,11 Jul 2026,15:05:36,Colombo Head Office,Vehicle,WP KX 2345,Isuzu D-Max,DIESEL,84.75,liters,288.07,24413.93,Company Fuel Depot,RCP-922195,company fuel card,,31187.0,,,Inter-branch transfer,
FT-202607-00945,LankaTech Solutions (Pvt) Ltd,2026-07-05,13:29:34,COLOMBO HEAD OFFICE,Vehicle,WP QK 6723,Honda Fit,PETROL,30.7,l,338.0,10376.6,Lanka IOC,RCP-777614,cash,Tharindu Silva,46370.0,,Rain,Warehouse operations, refuelling completed at approved station. 
FT-202607-01495,LankaTech Solutions (Pvt) Ltd,25-Jul-2026,16:46:28,Colombo Head Office,Vehicle,CP BDT 5521,Toyota TownAce,Diesel,65.25,Ltrs,325.97,21269.54,Company Fuel Depot,RCP-799480,corporate credit,Amal Fernando,,,Flooding,Maintenance work,
FT-202607-01192,LankaTech Solutions (Pvt) Ltd,08-07-2026,10:54:29,Colombo head office,Generator,GEN-CMB-02,Diesel Generator, DiesEl,73.49,litres,316.09,23229.45,Local Fuel Station,RCP-994956,company fuel card,Sahan Wijesinghe,,11.5,Very Hot,Inter-branch transfer,Fuel purchased for operational requirement. Higher than normal usage reported.
FT-202607-00854,LankaTech Solutions (Pvt) Ltd,2026-07-03,11:53:09,Kandy Branch,Vehicle,WP KX 2345,Isuzu D-Max,diesel ,14.6,L ,312.76,4566.3,Local Fuel Station,RCP-234943,cash,Dinesh Kumara,94891.0,,Very Hot,Warehouse operations,Fuel issued as per request.
FT-202607-00114,LankaTech Solutions (Pvt) Ltd,11 Jul 2026,20:58:34,Kandy Branch,Vehicle,WP CBA 1198,Toyota Corolla, Petrol,25.19,L ,318.69,8027.8,Lanka IOC,RCP-244488,corporate credit,Pradeep Kumar,139222.0,,Heavy Rain,Inter-branch transfer,additional trip resulted in higher consumption.
FT-202607-00049,LankaTech Solutions (Pvt) Ltd,2026/07/18,06:15:07,Kurunegala warehouse,Generator,GEN-KUR-01,Diesel Generator,DiesEl,68.37,L ,307.67,21035.4,Local Fuel Station,,corporate credit,Nimal Perera,,11.3,Normal,Routine operations,Additional fuel required due to increased activity.
FT-202607-00331,LankaTech Solutions (Pvt) Ltd,08 Jul 2026,12:35:03,Kurunegala Warehouse,Vehicle,SP CAB 7788,Toyota Hilux, Diesel,-65.95,LTR,288.98,19058.23,Lanka IOC,RCP-899478,cash,Dinesh Kumara,78843.0,,Wet Roads,Maintenance work,Fuel issued for maintenance work.
FT-202607-00883,LankaTech Solutions (Pvt) Ltd,Jul 27 2026,08:56:17,Colombo Head Office,Vehicle,WP CBA 1198,Toyota Corolla,PETROL,32.33,L,343.44,11103.42,Ceypetco,RCP-749446,Cash,Ruwan Bandara,39413.0,,Normal,Inter-branch transfer,consumption slightly higher due to normal.
FT-202607-00169,LankaTech Solutions (Pvt) Ltd,14 Jul 2026,12:48:26,kandyBranch,Vehicle,WP KX 2345,Isuzu D-Max,Diesel,66.86,litres,326.15,21806.39,Ceypetco,RCP-734932,Cash,Tharindu Silva,47519.0,,Heavy Rain,Maintenance work,Routine fuel purchase.
FT-202607-00409,LankaTech Solutions (Pvt) Ltd,2026-07-19,13:14:32,colomboHeadOffice,Vehicle,WP CAA 7812,Toyota Prius, Petrol,27.49,LTR,344.32,9465.36,Ceypetco,RCP-837175,FUEL CARD,Amal Fernando,38705.0,,Heavy Rain,Maintenance work, fuel issued for maintenance work. 
FT-202607-00209,LankaTech Solutions (Pvt) Ltd,29/07/2026,18:16:04,Colombo Head Office,Vehicle,CP BDT 5521,Toyota TownAce,diesel ,54.62,L ,304.61,16637.8,Local Fuel Station,RCP-188617,Cash,Dinesh Kumara,27115.0,,Rain,Month-end deliveries,Emergency fuel top-up.
FT-202607-01304,LankaTech Solutions (Pvt) Ltd,2026-07-03,12:57:42,Kandy Branch,Vehicle,WP RAB 3842,Isuzu Elf,diesel,25.1,liters,312.41,7841.49,Company Fuel Depot,RCP-827781,Company Fuel Card,Kasun Fernando,137643.0,,Flooding,Warehouse operations, Emergency fuel top-up. 
FT-202607-00815,LankaTech Solutions (Pvt) Ltd,27 Jul 2026,13:24:51,Galle Branch,Vehicle,CP BDT 5521,Toyota TownAce,diesel,93.6,litres,313.5,29343.6,Local Fuel Station,RCP-121590,FUEL CARD,Lahiru Senanayake,155428.0,,Heavy Rain,Month-end deliveries,
FT-202607-01059,LankaTech Solutions (Pvt) Ltd,2026-07-11,06:52:21,Colombo Head Office,Vehicle,WP RAB 3842,Isuzu Elf,diesel ,44.06,ltr,332.85,14665.37,Local Fuel Station,RCP-481576,fuel_account,Ruwan Bandara,67149.0,,,Routine operations,Refuelling completed at approved station.
FT-202607-00802,LankaTech Solutions (Pvt) Ltd,2026/07/26,12:20:02, Kandy Branch,Vehicle,CP CAE 9911,Mitsubishi Canter,Diesel,72.63,Litres,298.54,21682.96,Local Fuel Station,RCP-962535,Fuel Account,Nimal Perera,27218.0,,Wet Roads,Routine operations,FUEL ISSUED FOR ROUTINE OPERATIONS.
FT-202607-00338,LankaTech Solutions (Pvt) Ltd,03/07/2026,11:01:13,Kandy Branch,Vehicle,CP CAE 9911,Mitsubishi Canter,DIESEL,100.52,Ltrs,300.91,30247.47,Local Fuel Station,RCP-149135,Fuel Account,Kasun Fernando,107315.0,,Normal,Increased deliveries,Generator fuel top-up during increased deliveries. Higher than normal usage reported.
FT-202607-00292,LankaTech Solutions (Pvt) Ltd,30-Jul-2026,15:20:52,Galle Branch,Vehicle,WP QK 6723,Honda Fit,Petrol,23.29,litres,319.51,7441.39,Local Fuel Station,RCP-321362,Cash,Ruwan Bandara,158358.0,,Very Hot,Maintenance work,Refuelling completed at approved station.
FT-202607-01293,LankaTech Solutions (Pvt) Ltd,21-Jul-2026,10:06:29,kandyBranch,Vehicle,WP CAZ 9034,Suzuki Wagon R,petrol,47.38,LTR,330.01,15635.87,Ceypetco,RCP-560509,Corporate Credit,Lahiru Senanayake,24907.0,,Wet Roads,Emergency operations,fuel receipt entered manually by admin.
FT-202607-00469,LankaTech Solutions (Pvt) Ltd,2026-07-03,06:29:30,Kandy Branch,Generator,GEN-KDY-01,Diesel Generator, Diesel,23.66,liters,295.84,6999.57, Local Fuel Station,RCP-381746,fuel_account,Pradeep Kumar,,3.3,Heavy Rain,Maintenance work,Fuel receipt entered manually by admin.
FT-202607-00542,LANKATECH SOLUTIONS (PVT) LTD,2026/07/29,11:29:25,Colombo Head Office,Vehicle,WP QK 6723,Honda Fit,petrol ,48.28,Ltrs,315.86,15249.72,Local Fuel Station,RCP-509503,FUEL CARD,Chamath Jayasinghe,36795.0,,Very Hot,Inter-branch transfer,manual entry
FT-202607-00468,LankaTech Solutions (Pvt) Ltd,04/07/2026,18:14:19,Colombo Head Office,Vehicle,WP CAA 7812,Toyota Prius,petrol,31.27,litres,307.95,9629.6,Local Fuel Station,RCP-138419,company fuel card,Kasun Fernando,166168.0,,Very Hot,Month-end deliveries,Emergency fuel top-up.
FT-202607-00289,LankaTech Solutions (Pvt) Ltd,31/07/2026,17:45:22,Colombo Head Office,Vehicle,WP CBA 1198,Toyota Corolla,petrol,23.29,l,342.96,7987.54,Ceypetco,RCP-941269,fuel_account,Kasun Fernando,126532.0,,Wet Roads,Routine operations,Fuel issued as per request.
FT-202607-00837,LankaTech Solutions (Pvt) Ltd,26 Jul 2026,08:50:15,Colombo Head Office,Vehicle,WP KX 2345,Isuzu D-Max,DIESEL,57.61,L,299.2,17236.91,Local Fuel Station,RCP-791753,Fuel Account,Sahan Wijesinghe,69742.0,,Very Hot,Client site visits, fuel issued as per request. 
FT-202607-00871,LankaTech Solutions (Pvt) Ltd,13/07/2026,17:42:55,Galle Branch,Vehicle,  WP  KX  2345,Isuzu D-Max,diesel,39.82,L,328.2,13068.92,Lanka IOC,RCP-580364,company fuel card,Amal Fernando,148014.0,,Very Hot,Warehouse operations,Fuel purchased for operational requirement.
FT-202607-00421,LankaTech Solutions (Pvt) Ltd,2026/07/10,12:50:41,Colombo Head Office,Vehicle,WP CAB 4521,Toyota Hiace, Diesel,N/A,litres,308.56,16770.24,Local Fuel Station,RCP-473585,FUEL CARD,Chamath Jayasinghe,46973.0,,Wet Roads,Increased deliveries, Fuel issued as per request. 
FT-202607-01044,LankaTech Solutions (Pvt) Ltd,02-07-2026,16:27:26,Colombo Head Office,Generator,GEN-CMB-02,Diesel Generator,Diesel,57.94,l,293.73,17018.72,local fuel station,RCP-394016,Corporate Credit,Sahan Wijesinghe,,9.3,Wet Roads,Client site visits,Refuelling completed at approved station.
FT-202607-01446,LankaTech Solutions (Pvt) Ltd,13 Jul 2026,17:05:11,colomboHeadOffice,vehicle,CP CAE 9911,Mitsubishi Canter,DIESEL,65.23,Litres,305.14,19904.28,Company Fuel Depot ,RCP-761316,Fuel Account,Tharindu Silva,79823.0,,Wet Roads,Maintenance work,
FT-202607-00901,LankaTech Solutions (Pvt) Ltd,2026-07-07,11:45:12,Kandy Branch,Vehicle,CP BDT 5521 ,Toyota TownAce,DiesEl,51.48,ltr,298.08,15345.16,Lanka Ioc,RCP-916295,corporate credit,Ruwan Bandara,95438.0,,Normal,Warehouse operations,Consumption slightly higher due to normal.
FT-202607-00992,LankaTech Solutions (Pvt) Ltd,26-07-2026,19:42:07,Kurunegala Warehouse,Vehicle,WP CAZ 9034,Suzuki Wagon R, Petrol,45.92,LTR,318.78,14638.38,Company Fuel Depot,RCP-405338,company fuel card,Nimal Perera,119244.0,,Heavy Rain,Maintenance work, Fuel purchased for operational requirement. 
FT-202607-00652,LankaTech Solutions (Pvt) Ltd,02/07/2026,18:41:18,Colombo Head Office,Vehicle,CP BDT 5521,Toyota TownAce,DiesEl,83.67,L,328.52,27487.27,Company Fuel Depot,RCP-220194,Company Fuel Card,Ruwan Bandara,166823.0,,Flooding,Month-end deliveries,Month-end fuel requirement.
FT-202607-00775,LankaTech Solutions (Pvt) Ltd,25 Jul 2026,19:33:46,Colombo Head Office,Generator,GEN-CMB-02,Diesel Generator,DIESEL,79.19,Ltrs,333.99,26448.67,Ceypetco,RCP-240541,cash,Pradeep Kumar ,,13.6,Rain,Routine operations,Routine fuel purchase.
FT-202607-00302,LankaTech Solutions (Pvt) Ltd,25/07/2026,12:42:29,Colombo Head Office,vehicle,WP KX 2345,Isuzu D-Max, Diesel,84.57,litres,299.32,25313.49,,RCP-977593,company fuel card,Tharindu Silva,130883.0,,Flooding,Inter-branch transfer,Refuelling completed at approved station.
FT-202607-01195,LankaTech Solutions (Pvt) Ltd,2026-07-09,17:53:33,Kurunegala Warehouse,Vehicle,WP CAZ 9034,Suzuki Wagon R,Petrol,34.99,l,300.34,10508.9,Local Fuel Station,RCP-653515,cash,Nimal Perera,135664.0,,Very Hot,Maintenance work,consumption slightly higher due to very hot.
FT-202607-00533,LankaTech Solutions (Pvt) Ltd,2026-07-07,06:25:48,KANDY BRANCH,VEHICLE,WP CAZ 9034,Suzuki Wagon R,petrol ,60.64,litres ,300.22,18205.34,Local Fuel Station,RCP-664688,Company Fuel Card,Pradeep Kumar,43116.0,,Wet Roads,Increased deliveries,Additional trip resulted in higher consumption.
FT-202607-01314,LankaTech Solutions (Pvt) Ltd,30-07-2026,17:24:24,Kurunegala Warehouse,Vehicle,CP CAE 9911,Mitsubishi Canter,diesel,48.24,Litres,292.77,14123.22,Lanka IOC,RCP-727004,Fuel Account,Dinesh Kumara,143895.0,,Flooding,Increased deliveries,generator use
FT-202607-00752,LankaTech Solutions (Pvt) Ltd,14/07/2026,07:04:56,Colombo Head Office,Vehicle,CP CAE 9911,Mitsubishi Canter,Diesel,60.94,l,325.81,19854.86,Local Fuel Station,RCP-534150,FUEL CARD,Kasun Fernando,63476.0,,Very Hot,Month-end deliveries,Fuel receipt entered manually by admin.
FT-202607-00578,lankatechSolutions(Pvt)Ltd,25/07/2026,10:53:47,Colombo Head Office,Vehicle,WP CAA 7812,Toyota Prius,petrol,39.81,LTR,297.11,11827.95,Lanka IOC,RCP-753492,cash,Dinesh Kumara,23479.0,,Rain,Emergency operations,vehicle refuelled before scheduled client visit.
FT-202607-00838,LankaTech Solutions (Pvt) Ltd,09/07/2026,16:13:32,Colombo Head Office,Vehicle,SP CAB 7788,Toyota Hilux,DIESEL,74.01,liters,331.43,24529.13,Lanka IOC,RCP-929331,fuel_account,Nimal Perera,141750.0,,Wet Roads,Warehouse operations,Fuel issued for warehouse operations.
FT-202607-00008,LankaTech Solutions (Pvt) Ltd,2026-07-02,16:31:30,Kurunegala Warehouse,Generator,GEN-KUR-01,Diesel Generator,Diesel,80.41,liters,293.84,23627.67,Ceypetco,RCP-971639,fuel_account,Tharindu Silva,,11.7,Heavy Rain,Inter-branch transfer,Emergency fuel top-up.
FT-202607-00479,LankaTech Solutions (Pvt) Ltd,19-Jul-2026,19:47:46,Kandy Branch,Vehicle,WP CBA 1198,Toyota Corolla, Petrol,58.81,liters,334.01,19643.13,Company Fuel Depot,RCP-197653,Cash,Amal Fernando,39079.0,,Heavy Rain,Increased deliveries, Generator fuel top-up during increased deliveries. 
FT-202607-00545,LankaTech Solutions (Pvt) Ltd,07-Jul-2026,11:18:23,galleBranch,Vehicle,WP CAB 4521,Toyota Hiace,DiesEl,38.3,Litres,294.85,11292.75,Local Fuel Station,RCP-393610,Company Fuel Card,Lahiru Senanayake,19725.0,,Flooding,Routine operations,Additional trip resulted in higher consumption.
FT-202607-00372,LankaTech Solutions (Pvt) Ltd,2026/07/06,12:08:24,Kurunegala Warehouse,Vehicle,WP CBA 1198,Toyota Corolla,PETROL,16.53,l,309.41,5114.55,Lanka IOC,RCP-813410,Cash,Dinesh Kumara,116311.0,,Rain,Maintenance work,
FT-202607-00343,LankaTech Solutions (Pvt) Ltd,02/07/2026,07:35:45,Colombo Head Office,Vehicle,WP CBA 1198,Toyota Corolla,petrol,57.22,l,307.57,17599.16, Local Fuel Station,RCP-417819,corporate credit,Amal Fernando,173096.0,,Very Hot,Increased deliveries,fuel purchased for operational requirement.
FT-202607-00818,LankaTech Solutions (Pvt) Ltd,14/07/2026,18:01:31,Colombo Head Office,Vehicle,WP KX 2345,Isuzu D-Max,diesel ,52.8,L,319.35,16861.68,Ceypetco,RCP-361584,company fuel card,Ruwan Bandara,78050.0,,Very Hot,Increased deliveries,Fuel receipt entered manually by admin.
FT-202607-01288,LankaTech Solutions (Pvt) Ltd,2026-07-09,09:34:12,Colombo Head Office,Vehicle,CP BDT 5521,Toyota TownAce,diesel,37.88,L ,316.09,11973.49,Local Fuel Station,RCP-697900,,Ruwan Bandara,77934.0,,Rain,Maintenance work,routine fuel purchase.
FT-202607-01055,LankaTech Solutions (Pvt) Ltd,14 Jul 2026,14:28:17,GALLE BRANCH,Vehicle,CP CAE 9911,Mitsubishi Canter,DIESEL,53.67,Litres,323.02,17336.48,Local Fuel Station,RCP-511866,Fuel Account,Ruwan Bandara,53091.0,,Flooding,Increased deliveries,Routine fuel purchase.
FT-202607-00457,LankaTech Solutions (Pvt) Ltd,26 Jul 2026,08:28:51,kandy branch,Generator,GEN-KDY-01,Diesel Generator,diesel,71.82,L,334.69,24037.44,Company Fuel Depot,RCP-800961,FUEL CARD,Lahiru Senanayake,,12.6,Very Hot,Increased deliveries,Month-end fuel requirement.
FT-202607-00095,LankaTech Solutions (Pvt) Ltd,18/07/2026,19:32:24,Kandy Branch,Vehicle,WP CBA 1198,Toyota Corolla,petrol ,33.84,LTR,320.08,10831.51,Lanka IOC,RCP-502986,corporate credit,Sahan Wijesinghe,177085.0,,Heavy Rain,Maintenance work, Fuel receipt entered manually by admin. 
FT-202607-00436,LankaTech Solutions (Pvt) Ltd,24 Jul 2026,07:33:13,Colombo Head Office,Vehicle,CP BDT 5521,Toyota TownAce,diesel,32.93,LTR,333.1,10968.98,,RCP-170655,company fuel card,Pradeep Kumar,,,Normal,Warehouse operations,Additional trip resulted in higher consumption.
FT-202607-00155,LankaTech Solutions (Pvt) Ltd,30/07/2026,20:00:24,Galle Branch,Vehicle,WP CAA 7812,Toyota Prius,petrol,39.3,L ,306.88,12060.38,Local Fuel Station,RCP-388708,company fuel card,Amal Fernando,157732.0,,Very Hot,Routine operations,Emergency fuel top-up.
FT-202607-01178,LankaTech Solutions (Pvt) Ltd,2026/07/13,17:19:32,Colombo Head Office,Vehicle,WP CAB 4521,Toyota Hiace, DiesEl,74.1,LTR,294.75,21840.97,Lanka IOC,RCP-721717,Company Fuel Card,Ruwan Bandara,46684.0,,Heavy Rain,Increased deliveries, FUEL PURCHASED FOR OPERATIONAL REQUIREMENT. 
FT-202607-00604,LankaTech Solutions (Pvt) Ltd,2026/07/11,20:14:30,Galle Branch,Generator,GEN-GAL-01,Diesel Generator,diesel ,36.0,l,322.38,11605.68,Ceypetco,RCP-221747,Cash,Lahiru Senanayake,,,Wet Roads,Increased deliveries,Fuel purchased for operational requirement. Higher than normal usage reported.
FT-202607-01494,LankaTech Solutions (Pvt) Ltd,27-07-2026,19:08:39,Kandy Branch,Vehicle,WP RAB 3842,Isuzu Elf,diesel,90.56,L,318.29,28824.34,,RCP-524310,Corporate Credit, Pradeep Kumar,94137.0,,Wet Roads,Inter-branch transfer,Vehicle refuelled before scheduled client visit.
FT-202607-00853,LankaTech Solutions (Pvt) Ltd,24 Jul 2026,13:26:46,KANDY BRANCH,Vehicle,WP CAB 4521,Toyota Hiace,Diesel,83.65,L,318.46,26639.18,Company Fuel Depot,RCP-626759,company fuel card,Tharindu Silva,26054.0,,Flooding,Increased deliveries,Emergency fuel top-up.
FT-202607-00583,LankaTech Solutions (Pvt) Ltd,27-07-2026,19:53:03,Colombo Head Office,Generator,GEN-CMB-01,Diesel Generator,DiesEl,41.96,Ltrs,292.76,12284.21,Company Fuel Depot,RCP-241411,company fuel card,Ruwan Bandara,,4.2,Flooding,Emergency operations,ADDITIONAL TRIP RESULTED IN HIGHER CONSUMPTION.
FT-202607-00645,LankaTech Solutions (Pvt) Ltd,2026/07/05,12:53:46,Kurunegala Warehouse,Vehicle,CP CAE 9911,Mitsubishi Canter,Diesel,100.03,LTR,288.12,28820.64,Ceypetco,RCP-548685,COMPANY FUEL CARD,Pradeep Kumar,148132.0,,Wet Roads,Emergency operations,additional fuel required due to increased activity.
FT-202607-00273,LankaTech Solutions (Pvt) Ltd,28-Jul-2026,14:31:55,Colombo Head Office,Vehicle,WP CAZ 9034,Suzuki Wagon R,petrol ,16.55,ltr,343.7,5688.23,Ceypetco,RCP-707284,corporate credit,Kasun Fernando,48525.0,,Rain,Emergency operations, Additional fuel required due to increased activity. 
FT-202607-00751,LankaTech Solutions (Pvt) Ltd,12-Jul-2026,16:55:56,Colombo Head Office,Vehicle,WP CBA 1198,Toyota Corolla,Petrol,35.98,Ltrs,307.15,11051.26,Ceypetco,RCP-759694,Corporate Credit,Nimal Perera,129733.0,,Very Hot,Inter-branch transfer,Month-end fuel requirement.
FT-202607-00900,LankaTech Solutions (Pvt) Ltd,2026/07/05,16:04:30,Colombo Head Office,Vehicle,WP CAZ 9034,Suzuki Wagon R,PETROL,37.84,liters,298.96,11312.65,Lanka IOC,RCP-930271,corporate credit,Ruwan Bandara,159850.0,,Very Hot,Increased deliveries,Vehicle refuelled before scheduled client visit.
FT-202607-00568,LankaTech Solutions (Pvt) Ltd,2026/07/12,19:04:00,Kandy Branch,Vehicle,WP CAA 7812,Toyota Prius,Petrol,59.71,ltr,332.72,19866.71,Lanka IOC,RCP-724597,CORPORATE CREDIT,Kasun Fernando,25355.0,,Flooding,Inter-branch transfer,consumption slightly higher due to flooding.
FT-202607-01123,LankaTech Solutions (Pvt) Ltd,09-Jul-2026,20:23:32,Galle Branch,Vehicle,WP KX 2345,Isuzu D-Max, Diesel,50.31,liters,288.79,14529.02,Lanka IOC,RCP-520111,Company Fuel Card,Ruwan Bandara,149152.0,,Rain,Warehouse operations,Fuel receipt entered manually by admin.
FT-202607-00067,LankaTech Solutions (Pvt) Ltd,2026-07-08,08:29:36,Colombo Head Office,Vehicle,WP CAZ 9034,Suzuki Wagon R,PETROL,51.76,litres,309.02,15994.88,Local Fuel Station,RCP-801961,cash,Pradeep Kumar,42088.0,,Flooding,Increased deliveries, additional fuel required due to increased activity. 
FT-202607-01212,LankaTech Solutions (Pvt) Ltd,24-Jul-2026,18:54:24,Kandy,Vehicle,WP CAA 7812,Toyota Prius,PETROL,37.81,liters,297.59,11251.88,Company Fuel Depot,RCP-789708,corporate credit,Kasun Fernando,52234.0,,Normal,Client site visits,generator use
FT-202607-00800,LankaTech Solutions (Pvt) Ltd,06 Jul 2026,15:12:52,Kandy Branch,Vehicle,WP QK 6723,Honda Fit,Petrol,26.72,l,331.57,8859.55,Local Fuel Station,RCP-766097,Corporate Credit,Ruwan Bandara,55393.0,,Very Hot,Client site visits, Emergency fuel top-up. 
FT-202607-01232,LankaTech Solutions (Pvt) Ltd,04 Jul 2026,15:50:55,Kurunegala Warehouse,VEHICLE,WP KX 2345,Isuzu D-Max,DIESEL,52.79,L ,324.2,17114.52,Lanka IOC,RCP-566119,fuel_account,Nimal Perera,133940.0,,Rain,Maintenance work, Generator fuel top-up during maintenance work. 
FT-202607-00288,LankaTech Solutions (Pvt) Ltd,14 Jul 2026,09:59:26,COLOMBO HEAD OFFICE,Vehicle,WP CAZ 9034,Suzuki Wagon R,PetRol,43.22,Litres,339.26,14662.82,Local Fuel Station,RCP-565061,FUEL CARD,Tharindu Silva,84060.0,,Wet Roads,Increased deliveries,Emergency fuel top-up.
FT-202607-00839,LankaTech Solutions (Pvt) Ltd,30-Jul-2026,17:09:21,Colombo Head Office,Vehicle,WP CAB 4521,Toyota Hiace,diesel ,104.78, Ltrs,333.23,34915.84,Lanka IOC,RCP-149157,fuel_account,Nimal Perera,128466.0,,Wet Roads,,Fuel purchased for operational requirement.
FT-202607-00325,LankaTech Solutions (Pvt) Ltd,2026/07/01,12:55:42,galleBranch,Vehicle,WP CBA 1198,Toyota Corolla,petrol ,38.41,l,317.81,12207.08,,RCP-265414,Cash,Amal Fernando,37353.0,,Heavy Rain,Client site visits,Month-end fuel requirement.
FT-202607-00422,LankaTech Solutions (Pvt) Ltd,2026/07/01,18:21:44,Colombo Head Office,Vehicle,WP RAB 3842,Isuzu Elf,Diesel,51.66,Litres,292.32,15101.25,Ceypetco,RCP-606288,cash,Kasun Fernando,178636.0,,Wet Roads,Emergency operations, consumption slightly higher due to wet roads. 
FT-202607-00677,LankaTech Solutions (Pvt) Ltd,11-07-2026,20:41:02,Colombo Head Office,Vehicle,WP CAZ 9034,Suzuki Wagon R,Petrol,41.68,LTR,307.48,12815.77,Local Fuel Station,RCP-857270,cash,Chamath Jayasinghe,35405.0,,Heavy Rain,Month-end deliveries,Routine fuel purchase.
FT-202607-00923,LankaTech Solutions (Pvt) Ltd,26 Jul 2026,15:38:16,Colombo Head Office,Vehicle,WP CAB 4521,Toyota Hiace,DIESEL,88.2,Ltrs,292.8,25824.96,companyFuelDepot,RCP-860780,FUEL CARD,Dinesh Kumara,,,Flooding,WAREHOUSE OPERATIONS,month-end fuel requirement.
FT-202607-01289,LankaTech Solutions (Pvt) Ltd,30 Jul 2026,08:40:01,Kurunegala Warehouse,Generator,GEN-KUR-01,Diesel Generator,diesel ,14.68,liters,323.92,4755.15,Lanka IOC,RCP-361921,Fuel Account,Amal Fernando,,,Heavy Rain,Routine operations,ADDITIONAL TRIP RESULTED IN HIGHER CONSUMPTION.
FT-202607-00458,lankatechSolutions(Pvt)Ltd,2026-07-16,09:12:46,Galle Branch,Vehicle,WP CAA 7812,Toyota Prius,petrol,38.32,Litres,338.05,12954.08,Local Fuel Station,RCP-837191,Company Fuel Card,Ruwan Bandara,124454.0,,Heavy Rain,Client site visits,Extra trip completed from Galle Branch.
FT-202607-00816,LankaTech Solutions (Pvt) Ltd,10/07/2026,14:54:30,Colombo Head Office,Vehicle,WP KX 2345,Isuzu D-Max,Diesel,63.65,LTR,293.26,18666.0,Ceypetco,RCP-887301,Company Fuel Card,Amal Fernando,106698.0,,Wet Roads,Month-end deliveries,Fuel issued for month-end deliveries.
FT-202607-00899,LankaTech Solutions (Pvt) Ltd,22-07-2026,12:19:28,Kurunegala WH,Generator,GEN-KUR-01,Diesel Generator,Diesel,96.53,Litres,290.28,28020.73,,RCP-642732,FUEL CARD,Pradeep Kumar,,14.5,Flooding,Increased deliveries,Additional trip resulted in higher consumption.
FT-202607-01445,LankaTech Solutions (Pvt) Ltd,01 Jul 2026,17:15:29,Kurunegala Warehouse,Vehicle,SP CAB 7788,Toyota Hilux, diesel ,62.61,Ltrs,303.39,18995.25,Ceypetco,RCP-938309,Cash,Kasun Fernando,166487.0,,Flooding,Maintenance work,Consumption slightly higher due to flooding.
FT-202607-00133,LankaTech Solutions (Pvt) Ltd,04-07-2026,07:09:29,Kandy Branch,Vehicle,SP CAB 7788,Toyota Hilux,Diesel,85.51,LTR,287.44,24578.99,Lanka IOC,RCP-393448,corporate credit,Amal Fernando,189842.0,,Normal,Routine operations,additional trip resulted in higher consumption.
FT-202607-00375,LankaTech Solutions (Pvt) Ltd,12-Jul-2026,19:06:09,KURUNEGALA WAREHOUSE,Vehicle,WP QK 6723,Honda Fit,Petrol,71.19,litres,299.61,21329.24,Ceypetco,RCP-261876,Corporate Credit,Ruwan Bandara,186255.0,,Wet Roads,Inter-branch transfer,trip extended
FT-202607-00746,LankaTech Solutions (Pvt) Ltd,04/07/2026,16:35:50,Kurunegala Warehouse,Vehicle,WP CAZ 9034,Suzuki Wagon R,PetRol,40.26,Ltrs,308.72,12429.07,,RCP-119599,Corporate Credit,Tharindu Silva,44207.0,,Very Hot,Client site visits, Month-end fuel requirement. 
FT-202607-01145,LankaTech Solutions (Pvt) Ltd,17-Jul-2026,20:04:43,Galle Branch,Vehicle,WP CAZ 9034,Suzuki Wagon R,PETROL,33.02,L ,327.33,10808.44,Local Fuel Station,RCP-431447,Corporate Credit,Sahan Wijesinghe,39630.0,,Flooding,Client site visits,Extra trip completed from Galle Branch.
FT-202607-00037,LankaTech Solutions (Pvt) Ltd,25-Jul-2026,16:31:58,colombo head office,Vehicle,WP CBA 1198,Toyota Corolla,PETROL,33.78,Litres,340.66,11507.49,Local Fuel Station,RCP-619828,FUEL CARD,Kasun Fernando,153329.0,,Wet Roads,Routine operations,Regular petrol refill for Toyota Corolla.
FT-202607-01284,LankaTech Solutions (Pvt) Ltd,24-07-2026,14:15:04,Colombo Head Office,Generator,GEN-CMB-02,Diesel Generator,DiesEl,38.27,L,292.73,11202.78,Lanka IOC,RCP-695075,company fuel card,Lahiru Senanayake,,4.8,Heavy Rain,Inter-branch transfer,Month-end fuel requirement.
FT-202607-00545,LankaTech Solutions (Pvt) Ltd,07-Jul-2026,11:18:23,galleBranch,Vehicle,WP CAB 4521,Toyota Hiace,DiesEl,38.3,Litres,294.85,11292.75,Local Fuel Station,RCP-393610,Company Fuel Card,Lahiru Senanayake,19725.0,,Flooding,Routine operations,Additional trip resulted in higher consumption.
FT-202607-00507,LankaTech Solutions (Pvt) Ltd,2026-07-10,20:38:41,Kurunegala Warehouse,Vehicle,SP CAB 7788,Toyota Hilux,diesel ,79.23,Litres,315.94,25031.93,Lanka IOC,RCP-224527,COMPANY FUEL CARD,Chamath Jayasinghe,65100.0,,Rain,Increased deliveries,Month-end fuel requirement.
FT-202607-00432,LankaTech Solutions (Pvt) Ltd,05 Jul 2026,11:47:27,Colombo Head Office,Generator,GEN-CMB-01,Diesel Generator,DiesEl,64.43,ltr,324.7,20920.42,Company Fuel Depot,RCP-871221,company fuel card,Sahan Wijesinghe,,9.8,Flooding,Routine operations,Fuel purchased for operational requirement.
FT-202607-00596,LankaTech Solutions (Pvt) Ltd,2026/07/18,14:37:45,Colombo Head Office,Vehicle,SP CAB 7788,Toyota Hilux, Diesel,83.2,Ltrs,302.97,25207.1,Lanka IOC,RCP-722402,FUEL CARD,Ruwan Bandara,103684.0,,Flooding,Inter-branch transfer,Consumption slightly higher due to flooding.
FT-202607-00053,lankatechSolutions(Pvt)Ltd,05-07-2026,09:46:33,KANDY BRANCH,Vehicle,WP RAB 3842,Isuzu Elf,DIESEL,30.84,litres,303.36,9355.62,Ceypetco,RCP-637639,corporate credit,Ruwan Bandara,55464.0,,Normal,Routine operations,regular diesel refill for isuzu elf.
FT-202607-00069,LankaTech Solutions (Pvt) Ltd,2026/07/01,17:47:51,Galle Branch,Generator,GEN-GAL-01,Diesel Generator,DIESEL,28.26,L,308.93,8730.36,Company Fuel Depot,RCP-509675,fuel_account,Amal Fernando,,3.8,Heavy Rain,Inter-branch transfer,vehicle refuelled before scheduled client visit.
FT-202607-01054,LankaTech Solutions (Pvt) Ltd,2026/07/25,07:19:02,Kurunegala Warehouse,vehicle,WP CAZ 9034,Suzuki Wagon R,petrol,28.5,Ltrs,297.72,8485.02,Company Fuel Depot,RCP-863581,company fuel card,Sahan Wijesinghe,161433.0,,Heavy Rain,Client site visits,Month-end fuel requirement.
FT-202607-01375,LankaTech Solutions (Pvt) Ltd,28 Jul 2026,18:32:36,Galle Branch,Vehicle,WP CAZ 9034,Suzuki Wagon R, Petrol,20.34,L ,320.18,6512.46,Company Fuel Depot,RCP-598060,corporate credit,Nimal Perera,128948.0,,Very Hot,Warehouse operations,CONSUMPTION SLIGHTLY HIGHER DUE TO VERY HOT.
FT-202607-00231,LankaTech Solutions (Pvt) Ltd,01-07-2026,15:18:50,Galle Branch,Vehicle,WP RAB 3842,Isuzu Elf,DiesEl,85.58,Ltrs,330.12,28251.67,Ceypetco,RCP-280422,Fuel Account,Amal Fernando,174262.0,,Flooding,Emergency operations,Regular diesel refill for Isuzu Elf.
FT-202607-01352,LankaTech Solutions (Pvt) Ltd,27-Jul-2026,09:49:31,Colombo Head Office,Vehicle,WP CAB 4521,Toyota Hiace,Diesel,53.02,litres,285.15,15118.65,Company Fuel Depot,RCP-656855,corporate credit,Sahan Wijesinghe,26451.0,,Wet Roads,Routine operations,Fuel receipt entered manually by admin.
FT-202607-00462,LankaTech Solutions (Pvt) Ltd,24-Jul-2026,12:31:22,Kandy branch,Generator,GEN-KDY-01,Diesel Generator,diesel,22.67,l,316.01,7163.95,ceypetco,RCP-127923,Cash,Pradeep Kumar,,5.0,Very Hot,Increased deliveries,Month-end fuel requirement.
FT-202607-00737,LankaTech Solutions (Pvt) Ltd,19 Jul 2026,06:31:07,Kandy Branch,Vehicle,CP CAE 9911,Mitsubishi Canter,diesel,53.55,litres,288.08,15426.68,Lanka IOC,RCP-863774,fuel_account,Lahiru Senanayake,102347.0,,Rain,Maintenance work,fuel purchased for operational requirement.
FT-202607-00115,LankaTech Solutions (Pvt) Ltd,28-07-2026,19:27:16,Colombo Head Office,Generator,GEN-CMB-01,Diesel Generator,diesel,70.03,L ,314.69,22037.74, Company Fuel Depot,RCP-660781,,Nimal Perera,,12.2,Heavy Rain,Month-end deliveries,fuel issued as per request.
FT-202607-00908,LankaTech Solutions (Pvt) Ltd,2026-07-29,08:59:06,Kandy Branch,Vehicle,WP RAB 3842,Isuzu Elf, Diesel,58.83,ltr,320.64,18863.25,Local Fuel Station,RCP-793767,Fuel Account,,53367.0,,Normal,Warehouse operations,Generator fuel top-up during warehouse operations.
FT-202607-00216,LankaTech Solutions (Pvt) Ltd,12-07-2026,07:07:35,Colombo Head Office,Vehicle,WP CBA 1198,Toyota Corolla,Petrol,38.42,L,343.22,13186.51,,RCP-124873,company fuel card,Tharindu Silva ,118698.0,,Very Hot,,Additional trip resulted in higher consumption.
FT-202607-01010,LankaTech Solutions (Pvt) Ltd,08 Jul 2026,19:39:07,kurunegalaWarehouse,Vehicle,CP CAE 9911,Mitsubishi Canter,diesel ,71.92,l,293.12,21081.19,,RCP-298406,FUEL CARD,Chamath Jayasinghe,66655.0,,Wet Roads,Inter-branch transfer,Generator fuel top-up during inter-branch transfer.
FT-202607-01401,LankaTech Solutions (Pvt) Ltd,01-Jul-2026,13:32:20,Kandy Branch,Vehicle,WP CAA 7812,Toyota Prius,petrol ,39.2,L,323.16,12667.87, Local Fuel Station,RCP-935996,company fuel card,Amal Fernando,44828.0,,Very Hot,Client site visits, Fuel purchased for operational requirement. 
FT-202607-01295,lankatech solutions (pvt) ltd,2026-07-25,08:31:50,Galle Branch,Vehicle,CP BDT 5521,Toyota TownAce,DIESEL,45.07,L,327.8,14773.95,Ceypetco,RCP-836259,company fuel card,Ruwan Bandara,130934.0,,Flooding,Inter-branch transfer,Additional trip resulted in higher consumption.
FT-202607-00720,LankaTech Solutions (Pvt) Ltd,30-07-2026,13:25:26,Colombo Head Office,Vehicle,CP BDT 5521,Toyota TownAce,diesel ,78.36,L ,334.21,26188.7,Lanka IOC,RCP-367549,FUEL CARD,Kasun Fernando,185835.0,,Heavy Rain,Inter-branch transfer,Extra trip completed from Colombo Head Office.
FT-202607-00048,LankaTech Solutions (Pvt) Ltd,18-07-2026,13:00:13,Galle Branch,Vehicle,WP CAB 4521,Toyota Hiace,diesel ,85.26,L,310.2,26447.65,Company Fuel Depot,RCP-110230,Cash,Sahan Wijesinghe,63244.0,,Normal,Increased deliveries,extra trip completed from galle branch.
FT-202607-00617,LankaTech Solutions (Pvt) Ltd,31/07/2026,07:38:23,Kandy Branch,Vehicle,WP CBA 1198,Toyota Corolla, Petrol,42.82,litres,302.01,12932.07,Company Fuel Depot,RCP-305938,Corporate Credit,Chamath Jayasinghe,140506.0,,Wet Roads,Inter-branch transfer,
FT-202607-01101,lankatech solutions (pvt) ltd,21-Jul-2026,06:19:23,Colombo Head Office,Vehicle,WP CBA 1198,Toyota Corolla,Petrol,44.08,Litres,295.34,13018.59,Ceypetco,RCP-508441,Corporate Credit,Tharindu Silva,74971.0,,Normal,Client site visits,EXTRA TRIP COMPLETED FROM COLOMBO HEAD OFFICE.
FT-202607-01267,LankaTech Solutions (Pvt) Ltd,26/07/2026,08:37:02,Colombo Head Office,Vehicle,CP BDT 5521,Toyota TownAce, Diesel,86.64,litres,325.8,28227.31,Lanka IOC,RCP-436850,Fuel Account,Dinesh Kumara,46404.0,,Flooding,Routine operations,
FT-202607-00589,LankaTech Solutions (Pvt) Ltd,30 Jul 2026,13:26:58,Colombo Head Office,Vehicle,CP CAE 9911,Mitsubishi Canter,diesel,69.03,liters,314.94,21740.31,Local Fuel Station,RCP-863993,Fuel Account,Ruwan Bandara,82189.0,,Heavy Rain,Inter-branch transfer,extra trip completed from colombo head office.
FT-202607-00185,LankaTech Solutions (Pvt) Ltd,19-Jul-2026,13:05:11,Colombo Head Office ,Generator,GEN-CMB-01,Diesel Generator,DiesEl,100.33,litres,311.59,31261.82,,RCP-871754,Corporate Credit,Ruwan Bandara,,10.7,Wet Roads,Emergency operations,Additional trip resulted in higher consumption.
FT-202607-00509,LankaTech Solutions (Pvt) Ltd,2026/07/24,08:39:10,Kandy Branch,Vehicle,WP CAB 4521,Toyota Hiace,diesel,35.97,ltr,316.92,11399.61,Lanka IOC,RCP-685826,Corporate Credit,Pradeep Kumar,27924.0,,Heavy Rain,Maintenance work, Fuel issued for maintenance work. 
FT-202607-00437,LankaTech Solutions (Pvt) Ltd,18/07/2026,12:03:46,Kurunegala Warehouse,Vehicle,WP KX 2345,Isuzu D-Max,DiesEl,64.88,Litres,333.35,21627.75,Local Fuel Station,RCP-114847,,Nimal Perera,131724.0,,Flooding,Warehouse operations,Fuel issued as per request.
FT-202607-00859,LankaTech Solutions (Pvt) Ltd,13 Jul 2026,13:09:02,Kandy branch,Vehicle,CP BDT 5521,Toyota TownAce,DiesEl,107.2,LTR,331.9,35579.68,Local Fuel Station,RCP-945613,Cash,Nimal Perera,112733.0,,Very Hot,Inter-branch transfer,Refuelling completed at approved station.
FT-202607-00974,LankaTech Solutions (Pvt) Ltd,13 Jul 2026,16:35:51,Colombo Head Office,Generator,GEN-CMB-02,Diesel Generator,DiesEl,67.88,Litres,322.6,21898.09,Ceypetco,RCP-446141,fuel_account,Ruwan Bandara,,11.8,Normal,Maintenance work,Emergency fuel top-up.
FT-202607-00631,LankaTech Solutions (Pvt) Ltd,08-07-2026,07:38:27,Colombo Head Office,Vehicle,WP CAA 7812,Toyota Prius,PetRol,26.35,Litres,341.04,8986.4,Lanka IOC,RCP-486407,Corporate Credit,Pradeep Kumar,155054.0,,Very Hot,Inter-branch transfer,Consumption slightly higher due to very hot.
FT-202607-01030,LankaTech Solutions (Pvt) Ltd,21/07/2026,11:32:42,Kurunegala Warehouse,Generator,GEN-KUR-01,Diesel Generator,Diesel,101.69,litres,301.45,30654.45,Lanka IOC,RCP-405053,Company Fuel Card,Nimal Perera,,17.4,Wet Roads,,Additional trip resulted in higher consumption.
FT-202607-00663,LankaTech Solutions (Pvt) Ltd,04-07-2026,09:17:37,Kurunegala Warehouse,Vehicle,WP QK 6723,Honda Fit,PETROL,29.55,Ltrs,310.2,9166.41,Lanka IOC,RCP-335488,companyFuelCard,Tharindu Silva,32775.0,,Wet Roads,Maintenance work,Additional fuel required due to increased activity.
FT-202607-01441,LankaTech Solutions (Pvt) Ltd,29 Jul 2026,16:40:38,Colombo Head Office,Vehicle,WP CBA 1198,Toyota Corolla,petrol ,36.66,liters,322.34,11816.98,Local Fuel Station,RCP-182931,fuel_account,Amal Fernando,103997.0,,Rain,Warehouse operations,Vehicle refuelled before scheduled client visit.
FT-202607-00274,LankaTech Solutions (Pvt) Ltd,10/07/2026,11:15:14,Galle Branch,Vehicle,WP CAB 4521,Toyota Hiace, Diesel,65.35,Litres,328.23,21449.83,Local Fuel Station,RCP-573424,Cash,Sahan Wijesinghe,129513.0,,Rain,Routine operations,Fuel purchased for operational requirement.
FT-202607-00731,LankaTech Solutions (Pvt) Ltd,02/07/2026,06:23:15,Colombo Head Office,Vehicle,WP RAB 3842,Isuzu Elf,DiesEl,37.48,L ,311.22,11664.53,Ceypetco,RCP-131022,FUEL CARD,Lahiru  Senanayake,86161.0,,Heavy Rain,Warehouse operations,Regular diesel refill for Isuzu Elf.
FT-202607-01483,LankaTech Solutions (Pvt) Ltd,18/07/2026,11:55:34,Colombo Head Office,Generator,GEN-CMB-01,Diesel Generator,DIESEL,31.11,liters,321.79,10010.89,Lanka IOC,RCP-312861,Corporate Credit,Nimal Perera,,6.7,Normal,Month-end deliveries,Vehicle refuelled before scheduled client visit.
FT-202607-00138,LankaTech Solutions (Pvt) Ltd,23/07/2026,19:17:03,Kurunegala Warehouse,Vehicle,CP BDT 5521,Toyota TownAce,diesel ,78.76,L ,326.79,25737.98,Company Fuel Depot,RCP-373430,cash,Ruwan Bandara,135418.0,,Normal,Month-end deliveries,Consumption slightly higher due to normal.
FT-202607-01050,LankaTech Solutions (Pvt) Ltd,04-07-2026,12:57:40,Kurunegala Warehouse,Vehicle,WP CAZ 9034,Suzuki Wagon R,petrol ,39.06,L ,306.42,11968.77,ceypetco,RCP-803948,corporate credit,Tharindu Silva,130357.0,,Heavy Rain,MAINTENANCE WORK,Emergency fuel top-up.
FT-202607-01480,lankatechSolutions(Pvt)Ltd,15-Jul-2026,15:11:23,Colombo Head Office,Generator,GEN-CMB-01,Diesel Generator,diesel ,59.54,liters,304.25,18115.04,Company Fuel Depot,RCP-692101,Corporate Credit,Lahiru Senanayake,,7.6,Very Hot,Emergency operations,Fuel issued as per request.
FT-202607-01193,LankaTech Solutions (Pvt) Ltd,18-Jul-2026,08:08:54,COLOMBO HEAD OFFICE,Vehicle,CP CAE 9911,Mitsubishi Canter,diesel ,72.25,L,319.8,23105.55,Company Fuel Depot,RCP-436534,company fuel card,Lahiru Senanayake,61998.0,,Heavy Rain,Client site visits, EXTRA TRIP COMPLETED FROM COLOMBO HEAD OFFICE. 
FT-202607-00835,LankaTech Solutions (Pvt) Ltd,2026/07/26,11:13:13,Kurunegala Warehouse,Vehicle,WP QK 6723,Honda Fit,petrol,57.22,l,341.97,19567.52,Local Fuel Station,RCP-845595,fuel_account,Chamath Jayasinghe,30704.0,,Normal,Increased deliveries,Consumption slightly higher due to normal.
FT-202607-00673,LankaTech Solutions (Pvt) Ltd,14-Jul-2026,17:44:22,Colombo Head Office,Vehicle,WP CAA 7812,Toyota Prius,PETROL,49.24,Litres,311.61,15343.68,Lanka IOC,RCP-762909,Cash,Nimal Perera,91809.0,,Flooding,MONTH-END DELIVERIES,Generator fuel top-up during month-end deliveries.
FT-202607-01256,LankaTech Solutions (Pvt) Ltd,18/07/2026,14:50:54,Colombo Head Office,Vehicle,CP BDT 5521,Toyota TownAce,DiesEl,104.71,L,329.53,34505.09,Company Fuel Depot,RCP-121389,fuel_account,Dinesh Kumara,97089.0,,Wet Roads,Month-end deliveries,fuel receipt entered manually by admin.
FT-202607-01282,LankaTech Solutions (Pvt) Ltd,24 Jul 2026,06:06:46,Colombo Head Office,Generator,GEN-CMB-02,Diesel Generator,Diesel,64.32,liters,324.26,20856.4,Ceypetco,RCP-982107,Company Fuel Card,Amal Fernando,,9.0,Flooding,Client site visits,Regular diesel refill for Diesel Generator.
FT-202607-00108,LankaTech Solutions (Pvt) Ltd,05-Jul-2026,20:56:21,Kurunegala WH,Vehicle,CP CAE 9911,Mitsubishi Canter,DIESEL,64.8,L ,320.72,20782.66,Ceypetco,RCP-388853,fuel_account,Pradeep Kumar,59931.0,,Flooding,Month-end deliveries,N/A
FT-202607-00391,LankaTech Solutions (Pvt) Ltd,14-Jul-2026,11:03:58,KURUNEGALA WAREHOUSE,Vehicle,WP CAA 7812,Toyota Prius,Petrol,13.97,l,340.2,4752.59,Ceypetco,RCP-632389,corporate credit,Tharindu Silva,180051.0,,Wet Roads,Warehouse operations,Routine fuel purchase.
FT-202607-01349,LankaTech Solutions (Pvt) Ltd,2026/07/03,16:08:57,Kandy Branch,Generator,GEN-KDY-01,Diesel Generator, Diesel,90.11,liters,288.3,25978.71,Lanka IOC,RCP-661416,FUEL CARD,Kasun Fernando,,16.5,Rain,Month-end deliveries,ROUTINE FUEL PURCHASE.
FT-202607-00684,LankaTech Solutions (Pvt) Ltd,2026-07-06,16:53:32,Kandy Branch,Vehicle,WP CAZ 9034,Suzuki Wagon R,petrol ,43.05,LTR,322.38,13878.46,Company Fuel Depot,RCP-210348,Company Fuel Card,Dinesh Kumara,100457.0,,Very Hot,Inter-branch transfer,fuel issued as per request.
FT-202607-00102,LankaTech Solutions (Pvt) Ltd,05-07-2026,08:47:04,Colombo Head Office,Vehicle,WP CAZ 9034,Suzuki Wagon R, Petrol,61.16,ltr,342.46,20944.85,Local Fuel Station,RCP-950018,cash,Amal Fernando,126900.0,,Wet Roads,Maintenance work,Consumption slightly higher due to wet roads.
FT-202607-01175,LankaTech Solutions (Pvt) Ltd,2026/07/22,17:20:30,kurunegalaWarehouse,Vehicle,WP KX 2345,Isuzu D-Max,DIESEL,61.44,l,326.59,20065.69,Lanka IOC,RCP-577667,cash,Amal Fernando,168030.0,,Heavy Rain,Emergency operations,Fuel issued for emergency operations.
FT-202607-01106,LankaTech Solutions (Pvt) Ltd,2026/07/03,07:47:30,Colombo Head Office,Vehicle,WP CAB 4521,Toyota Hiace,DIESEL,59.37,Litres,307.01,18227.18,Company Fuel Depot ,RCP-211205,Cash,Lahiru Senanayake,166342.0,,Very Hot,,routine fuel purchase.
FT-202607-00513,LankaTech Solutions (Pvt) Ltd,2026-07-09,08:54:07,Kurunegala Warehouse,Generator,GEN-KUR-01,Diesel Generator, Diesel,21.18,L ,334.61,7087.04,Company Fuel Depot,RCP-660650,Fuel Account,Nimal Perera,,2.5,Very Hot,Warehouse operations,Vehicle refuelled before scheduled client visit. Higher than normal usage reported.
FT-202607-00249,LankaTech Solutions (Pvt) Ltd,11-07-2026,14:11:00,Galle Branch,Vehicle,CP  BDT  5521,Toyota TownAce,diesel,43.9,Litres,317.12,13921.57,Ceypetco,RCP-215311,corporate credit,Chamath Jayasinghe,171929.0,,Rain,Client site visits,Fuel receipt entered manually by admin.
FT-202607-00086,LankaTech Solutions (Pvt) Ltd,2026-07-10,09:40:19,Colombo Head Office,Vehicle,CP BDT 5521,Toyota TownAce,diesel,29.93,Litres,303.9,9095.73,Ceypetco,RCP-264428,FUEL CARD,Pradeep Kumar,179015.0,,Flooding,Routine operations,Fuel receipt entered manually by admin.
FT-202607-00279,LankaTech Solutions (Pvt) Ltd,13/07/2026,11:14:02,Galle Branch,Vehicle,WP RAB 3842,Isuzu Elf, Diesel,71.7,Litres,322.28,23107.48,Local Fuel Station,RCP-564624,Cash,Amal Fernando,84236.0,,Flooding,Month-end deliveries,Extra trip completed from Galle Branch.
FT-202607-00646,LankaTech Solutions (Pvt) Ltd,05-Jul-2026,20:58:43,Colombo Head Office,Vehicle,WP QK 6723,Honda Fit,PETROL,40.56,L ,326.84,13256.63,Ceypetco,RCP-795341,Company Fuel Card,Ruwan Bandara,32574.0,,Very Hot,Emergency operations,Consumption slightly higher due to very hot.
FT-202607-00232,LankaTech Solutions (Pvt) Ltd,24 Jul 2026,08:11:35,kandy branch,Vehicle,WP CBA 1198,Toyota Corolla, Petrol,17.76,Litres,296.25,5261.4,Lanka IOC,RCP-967289,company fuel card,Tharindu Silva,46910.0,,Rain,Warehouse operations,Additional trip resulted in higher consumption.
FT-202607-00230,LankaTech Solutions (Pvt) Ltd,04-07-2026,12:02:02,colomboHeadOffice,Generator,GEN-CMB-02,Diesel Generator,DIESEL,141.18,Litres,297.57,42010.93,Company Fuel Depot,RCP-924366,FUEL CARD,Chamath Jayasinghe,,17.3,Heavy Rain,Month-end deliveries,Generator fuel top-up during month-end deliveries.
FT-202607-01006,LankaTech Solutions (Pvt) Ltd,26/07/2026,19:32:39,Colombo Head Office,Vehicle,WP CAB 4521,Toyota Hiace, Diesel,68.35,ltr,313.27,21412.0,Company Fuel Depot,RCP-273912,Corporate Credit,Tharindu Silva,88691.0,,Wet Roads,Client site visits,Regular diesel refill for Toyota Hiace.
FT-202607-01416,LankaTech Solutions (Pvt) Ltd,2026/07/16,11:30:44,Colombo Head Office,Vehicle,WP CAZ 9034,Suzuki Wagon R,Petrol,36.55,L,303.67,11099.14,Company Fuel Depot,RCP-626182,company fuel card,Sahan Wijesinghe,115077.0,,Very Hot,Emergency operations,Fuel issued as per request.
FT-202607-00683,LankaTech Solutions (Pvt) Ltd,22-07-2026,06:57:44,Colombo Head Office,Vehicle,CP CAE 9911,Mitsubishi Canter,Diesel,51.23,L ,289.01,14805.98,Lanka IOC,RCP-734872,Cash,Sahan Wijesinghe,169865.0,,Flooding,Client site visits,consumption slightly higher due to flooding.
FT-202607-00942,LankaTech Solutions (Pvt) Ltd,16-Jul-2026,19:45:43,Kandy Branch,Vehicle,CP CAE 9911,Mitsubishi Canter,DiesEl,63.5,LTR,295.42,18759.17,Company Fuel Depot,RCP-590990,corporate credit,Ruwan Bandara ,105797.0,,,Warehouse operations, Regular diesel refill for Mitsubishi Canter.  
FT-202607-00649,LankaTech Solutions (Pvt) Ltd,30-07-2026,17:13:18,Colombo  Head Office,Vehicle,WP RAB 3842,Isuzu Elf,diesel,88.11,L ,294.99,25991.57,Company Fuel Depot,RCP-555273,Fuel Account,Kasun Fernando,91809.0,,Wet Roads,Month-end deliveries,month-end fuel requirement.
FT-202607-00346,lankatechSolutions(Pvt)Ltd,31/07/2026,12:39:39,Kandy Branch,Vehicle,WP RAB 3842,Isuzu Elf,diesel ,51.27,Ltrs,319.43,16377.18,Lanka IOC,RCP-768265,Cash,Dinesh Kumara,166095.0,,Wet Roads,Inter-branch transfer,emergency fuel top-up.
FT-202607-00025,LankaTech Solutions (Pvt) Ltd,2026-07-10,20:42:36,Colombo HO,Generator,GEN-CMB-01,Diesel Generator,Diesel,66.49,Litres,289.07,19220.26,Company Fuel Depot,RCP-298895,Corporate Credit,Pradeep Kumar,,12.0,Very Hot,Maintenance work,regular diesel refill for diesel generator.
FT-202607-00144,LankaTech Solutions (Pvt) Ltd,30-Jul-2026,18:12:16,Colombo Head Office,Vehicle,WP KX 2345,Isuzu D-Max,DiesEl,77.37,L ,307.68,23805.2,,RCP-361479,cash,Nimal Perera,153182.0,,Very Hot,Emergency operations,Refuelling completed at approved station. Higher than normal usage reported.
FT-202607-00110,LankaTech Solutions (Pvt) Ltd,29-07-2026,20:05:06,colomboHeadOffice,Vehicle,CP BDT 5521,Toyota TownAce, Diesel,71.65,l,317.98,22783.27,Local Fuel Station,RCP-342706,company fuel card,Ruwan Bandara,58183.0,,Heavy Rain,Warehouse operations,Consumption slightly higher due to heavy rain.
FT-202607-00492,LankaTech Solutions (Pvt) Ltd,20 Jul 2026,18:50:39,Colombo Head Office,Generator,GEN-CMB-02,Diesel Generator,diesel,170.0,liters,316.56,53815.2,Ceypetco,RCP-293855,FUEL CARD,Pradeep Kumar,,17.1,Heavy Rain,Increased deliveries,
FT-202607-00396,LankaTech Solutions (Pvt) Ltd,21/07/2026,15:50:42,Colombo Head Office,Vehicle,WP KX 2345,Isuzu D-Max,DIESEL,64.19,L ,304.01,19514.4,,RCP-576548,cash,Ruwan Bandara,115425.0,,Wet Roads,Maintenance work,see receipt
FT-202607-01277,LankaTech Solutions (Pvt) Ltd,2026/07/19,19:21:40,KANDY BRANCH,Vehicle,WP CAZ 9034,Suzuki Wagon R,petrol,22.89,L ,305.0,6981.45,Company Fuel Depot,RCP-483691,Fuel Account,Dinesh Kumara,110381.0,,Rain,Routine operations,
FT-202607-01048,LankaTech Solutions (Pvt) Ltd,26/07/2026,20:53:22,Kandy Branch,Vehicle,CP BDT 5521,Toyota TownAce, Diesel,69.4,ltr,323.17,22428.0,Lanka IOC,RCP-898061,Fuel Account,Amal Fernando,,,Wet Roads,Emergency operations, Fuel receipt entered manually by admin. 
FT-202607-01414,LankaTech Solutions (Pvt) Ltd,2026/07/07,10:34:59,Kurunegala Warehouse,Vehicle,WP CAB 4521,Toyota Hiace, Diesel,95.22,LTR,300.24,28588.85,Lanka IOC,RCP-100568,company fuel card,Ruwan Bandara,90101.0,,Flooding,Inter-branch transfer,vehicle refuelled before scheduled client visit.
FT-202607-00304,LankaTech Solutions (Pvt) Ltd,29-07-2026,20:13:57,Kandy Branch,Generator, GEN-KDY-01,Diesel Generator,diesel,23.17,Ltrs,289.82,6715.13,Ceypetco,RCP-998165,Company Fuel Card,Kasun Fernando,,4.7,Wet Roads,Routine operations,Regular diesel refill for Diesel Generator.
FT-202607-00857,LankaTech Solutions (Pvt) Ltd,25-Jul-2026,10:24:33,Galle Branch,Generator,GEN-GAL-01,Diesel Generator,DIESEL,57.41,LTR,292.11,16770.04,Local Fuel Station,RCP-210207,Cash,Sahan Wijesinghe,,10.5,Very Hot,Client site visits,CONSUMPTION SLIGHTLY HIGHER DUE TO VERY HOT.
FT-202607-00759,lankatech solutions (pvt) ltd,23 Jul 2026,12:54:31,Kurunegala Warehouse,Vehicle,WP CAZ 9034,Suzuki Wagon R,petrol ,22.13,litres,331.61,7338.53,Ceypetco,RCP-721934,company fuel card,Amal Fernando,84095.0,,Very Hot,Routine operations,Fuel issued for routine operations.
FT-202607-01422,LankaTech Solutions (Pvt) Ltd,2026/07/22,20:46:04,Kandy Branch,Vehicle, WP CBA 1198,Toyota Corolla,petrol,29.23,l,307.17,8978.58,Local Fuel Station,RCP-887817,FUEL CARD,Kasun Fernando,44996.0,,Rain,Emergency operations,consumption slightly higher due to rain.
FT-202607-01345,LankaTech Solutions (Pvt) Ltd,11/07/2026,15:18:13,Galle,Vehicle,CP CAE 9911,Mitsubishi Canter,diesel ,72.16,ltr,296.37,21386.06,Ceypetco,RCP-372739,fuel_account,Lahiru Senanayake,45702.0,,Wet Roads,Maintenance work,Fuel receipt entered manually by admin.
FT-202607-01347,LankaTech Solutions (Pvt) Ltd,07/07/2026,17:10:51,KANDY BRANCH,Vehicle,WP RAB 3842,Isuzu Elf,DiesEl,60.46,Litres,316.52,19136.8,Ceypetco,RCP-840197,cash,Pradeep Kumar,92774.0,,Flooding,Warehouse operations,Vehicle refuelled before scheduled client visit.
FT-202607-00938,LankaTech Solutions (Pvt) Ltd,04-07-2026,16:11:02,Colombo Head Office,VEHICLE,CP BDT 5521,Toyota TownAce,Diesel,85.89,L ,319.38,27431.55,CEYPETCO,RCP-677272,fuel_account,Pradeep Kumar,101135.0,,Wet Roads,Inter-branch transfer,Extra trip completed from Colombo Head Office.
FT-202607-00424,LankaTech Solutions (Pvt) Ltd,15/07/2026,11:51:29,Colombo Head Office,Vehicle,WP CAZ 9034,Suzuki Wagon R,PETROL,12.92,l,297.73,3846.67,Company Fuel Depot,RCP-528814,company fuel card,Kasun Fernando,45395.0,,Rain,Routine operations,Fuel issued for routine operations.
FT-202607-01318,LankaTech Solutions (Pvt) Ltd,07-Jul-2026,07:50:46,Colombo Head Office,Vehicle,WP RAB 3842,Isuzu Elf,DiesEl,73.6,L,309.33,22766.69,Lanka IOC,RCP-355550,company fuel card,Pradeep Kumar,156892.0,,Wet Roads,Routine operations,Fuel issued for routine operations.
FT-202607-00944,LankaTech Solutions (Pvt) Ltd,06/07/2026,16:04:51,Colombo Head Office,Vehicle,SP CAB 7788,Toyota Hilux,DiesEl,69.66,L ,331.7,23106.22,Lanka IOC,RCP-777933,Cash,Sahan Wijesinghe,133850.0,,Heavy Rain,Routine operations,Regular diesel refill for Toyota Hilux.
FT-202607-00711,LankaTech Solutions (Pvt) Ltd,05-07-2026,11:15:12,Colombo HO,Vehicle,SP CAB 7788,Toyota Hilux,Diesel,86.04,liters,316.37,27220.47,Local Fuel Station,RCP-112330,Company Fuel Card,Tharindu Silva,109512.0,,Very Hot,Client site visits,Regular diesel refill for Toyota Hilux.
FT-202607-00516,LankaTech Solutions (Pvt) Ltd,18-07-2026,18:27:53,Kandy Branch,Vehicle,WP CAA 7812,Toyota Prius,petrol ,21.94,LTR,298.9,6557.87,Local Fuel Station,RCP-907808,FUEL CARD,Sahan Wijesinghe,160300.0,,Normal,,Consumption slightly higher due to normal.
FT-202607-01433,LankaTech Solutions (Pvt) Ltd,2026/07/05,07:11:16,Kandy Branch,Vehicle,WP RAB 3842,Isuzu Elf,DIESEL,63.66,l,309.39,19695.77,Ceypetco ,RCP-847260,company fuel card,Sahan Wijesinghe,42742.0,,Flooding,,
FT-202607-00653,LankaTech Solutions (Pvt) Ltd,03 Jul 2026,20:46:39,Kurunegala Warehouse,Vehicle,WP CAA 7812,Toyota Prius,petrol,31.26,ltr,332.06,10380.2,Local Fuel Station,RCP-859317,cash,Kasun Fernando,168388.0,,Heavy Rain,Inter-branch transfer, Vehicle refuelled before scheduled client visit. 
FT-202607-00763,LankaTech Solutions (Pvt) Ltd,08-Jul-2026,13:13:25,Colombo Head Office,Vehicle,SP CAB 7788,Toyota Hilux,diesel,69.71,liters,309.16,21551.54,Company Fuel Depot,RCP-839594,cash,Pradeep Kumar,126140.0,,Normal,Emergency operations,Consumption slightly higher due to normal.
FT-202607-00094,LankaTech Solutions (Pvt) Ltd,23/07/2026,15:47:34,Colombo Head Office,Vehicle,WP CBA 1198,Toyota Corolla,PETROL,51.4,liters,308.39,15851.25,Ceypetco,RCP-262225,corporate credit,Pradeep Kumar,91880.0,,Rain,Maintenance work,ADDITIONAL FUEL REQUIRED DUE TO INCREASED ACTIVITY.
FT-202607-00444,LankaTech Solutions (Pvt) Ltd,2026-07-29,13:11:49,Colombo Head Office,vehicle,WP RAB 3842,Isuzu Elf,diesel,0.0,Ltrs,330.12,17215.76,Local Fuel Station,RCP-454435,cash,Ruwan Bandara,109296.0,,Heavy Rain,Routine operations, FUEL ISSUED AS PER REQUEST. 
FT-202607-00487,LankaTech Solutions (Pvt) Ltd,20/07/2026,20:52:54,Colombo Head Office,Generator,GEN-CMB-02,Diesel Generator,Diesel,79.92,L ,307.73,24593.78,Lanka IOC,RCP-353574,Fuel Account,Lahiru Senanayake,,14.5,Heavy Rain,Client site visits,Vehicle refuelled before scheduled client visit.
FT-202607-00779,LankaTech Solutions (Pvt) Ltd,2026-07-21,15:26:25,Colombo Head Office,Vehicle,WP CAB 4521,Toyota Hiace,DIESEL,40.94,L ,327.19,13395.16,Ceypetco,RCP-340767,FUEL CARD,Dinesh Kumara,106629.0,,Rain,Client site visits,Emergency fuel top-up.
FT-202607-00744,LankaTech Solutions (Pvt) Ltd,04 Jul 2026,11:38:48,Colombo Head Office,vehicle,WP RAB 3842,Isuzu Elf, Diesel,63.63,L,310.16,19735.48,Company Fuel Depot,RCP-982282,Fuel Account,Dinesh Kumara,47254.0,,Rain,Warehouse operations,Month-end fuel requirement.
FT-202607-01382,LankaTech Solutions (Pvt) Ltd,2026-07-04,11:01:40,Colombo Head Office,Generator,GEN-CMB-02,Diesel Generator,diesel,19.16,Litres,299.53,5738.99,Ceypetco,RCP-546218,Company Fuel Card,Tharindu Silva,,3.7,Rain,Maintenance work, Additional fuel required due to increased activity. 
FT-202607-00915,LankaTech Solutions (Pvt) Ltd,17-Jul-2026,07:19:42,Kandy branch,Vehicle,WP CAB 4521,Toyota Hiace,Diesel,-24.22,ltr,285.33,6910.69,Lanka Ioc,RCP-999060,Corporate Credit,Ruwan Bandara,88647.0,,Rain,Warehouse operations,Consumption slightly higher due to rain.
FT-202607-00303,LankaTech Solutions (Pvt) Ltd,02 Jul 2026,17:04:12,Kandy Branch,Vehicle,CP BDT 5521,Toyota TownAce, Diesel,68.07,litres,324.63,22097.56,Ceypetco,RCP-550540,fuel_account,Amal Fernando,182125.0,,Very Hot,Increased deliveries, Routine fuel purchase. 
FT-202607-00247,LankaTech Solutions (Pvt) Ltd,2026/07/06,18:47:38,Colombo Head Office,Vehicle,CP CAE 9911,Mitsubishi Canter,diesel ,98.9,L ,289.08,28590.01, Ceypetco,RCP-326128,Cash,Amal Fernando,22365.0,,Wet Roads,Emergency operations,Vehicle refuelled before scheduled client visit.
FT-202607-01167,LankaTech Solutions (Pvt) Ltd,2026-07-21,10:35:11,Kurunegala Warehouse,Vehicle,CP CAE 9911,Mitsubishi Canter,Diesel,36.66,Ltrs,297.6,10910.02,Company Fuel Depot,RCP-429790,Cash,Tharindu Silva,186831.0,,Very Hot,Client site visits, Fuel receipt entered manually by admin. 
FT-202607-00439,LankaTech Solutions (Pvt) Ltd,07-07-2026,16:50:40,Kurunegala Warehouse,Vehicle,SP CAB 7788,Toyota Hilux, Diesel,44.2,l,311.31,13759.9,Company Fuel Depot,RCP-883995,Cash,Tharindu Silva,81958.0,,Wet Roads,Client site visits,Generator fuel top-up during client site visits.
FT-202607-00914,LankaTech Solutions (Pvt) Ltd,2026-07-18,06:40:13,Kurunegala Warehouse,Vehicle,WP CAA 7812,Toyota Prius, PetRol,36.71,ltr,309.28,11353.67,Local Fuel Station,RCP-199950,Company Fuel Card,Amal Fernando,169847.0,,Normal,Warehouse operations,Fuel receipt entered manually by admin.
FT-202607-01086,LankaTech Solutions (Pvt) Ltd,2026-07-23,11:44:32,Colombo Head Office,Vehicle,WP KX 2345,Isuzu D-Max, Diesel,87.13,LTR,314.07,27364.92,Local Fuel Station,RCP-616352,Fuel Account,Amal Fernando,62651.0,,Heavy Rain,Warehouse operations,Vehicle refuelled before scheduled client visit.
FT-202607-01049,LankaTech Solutions (Pvt) Ltd,28 Jul 2026,06:59:29,Kurunegala Warehouse,Vehicle,CP BDT 5521,Toyota TownAce,diesel,57.82,Ltrs,308.1,17814.34,Ceypetco,RCP-719581,Corporate Credit,Amal Fernando,91080.0,,Flooding,Warehouse operations,Routine fuel purchase.
FT-202607-01062,LankaTech Solutions (Pvt) Ltd,2026-07-13,19:14:22,Galle Branch,Generator,GEN-GAL-01,Diesel Generator,diesel ,166.97,L,289.29,48302.75,Lanka IOC,RCP-410333,fuel_account,Sahan Wijesinghe,,17.9,Heavy Rain,Emergency operations,
FT-202607-00526,LankaTech Solutions (Pvt) Ltd,08-Jul-2026,10:58:21,Colombo Head Office,Vehicle,WP QK 6723,Honda Fit,PetRol,44.43,l,302.83,13454.74,Company Fuel Depot,RCP-534590,Company Fuel Card,Nimal Perera,185592.0,,Flooding,Client site visits,Additional fuel required due to increased activity.
FT-202607-01177,LankaTech Solutions (Pvt) Ltd,09-Jul-2026,15:36:28,Kandy Branch,Vehicle,WP CAB 4521,Toyota Hiace,diesel ,62.88,LTR,300.86,18918.08,Company Fuel Depot,RCP-780609,company fuel card,Kasun Fernando,187857.0,,Normal,Client site visits,Refuelling completed at approved station.
FT-202607-00409,LankaTech Solutions (Pvt) Ltd,2026-07-19,13:14:32,colomboHeadOffice,Vehicle,WP CAA 7812,Toyota Prius, Petrol,27.49,LTR,344.32,9465.36,Ceypetco,RCP-837175,FUEL CARD,Amal Fernando,38705.0,,Heavy Rain,Maintenance work, fuel issued for maintenance work. 
FT-202607-01338,LankaTech Solutions (Pvt) Ltd,Jul 03 2026,08:53:12, Kurunegala Warehouse ,Vehicle,WP KX 2345,Isuzu D-Max,DIESEL,39.02,Ltrs,316.29,12341.64,Lanka IOC,RCP-645016,COMPANY FUEL CARD,Pradeep Kumar,182257.0,,,ROUTINE OPERATIONS,Fuel issued for routine operations.
FT-202607-00010,LankaTech Solutions (Pvt) Ltd,2026-07-31,14:13:31,Colombo HQ,Vehicle,WP QK 6723,Honda Fit, Petrol,24.07,LTR,301.67,7261.2, Company Fuel Depot,RCP-941193,cash,Ruwan Bandara ,40640.0,,Wet Roads,,Additional trip resulted in higher consumption.
FT-202607-00778,LankaTech Solutions (Pvt) Ltd,2026-07-04,20:15:10,Colombo Head Office,Vehicle,CP BDT 5521,Toyota TownAce,DiesEl,72.12,L,291.64,21033.08,Local Fuel Station,RCP-624890,fuel_account,Tharindu Silva,104052.0,,Very Hot,Warehouse operations,Month-end fuel requirement.
FT-202607-01489,LankaTech Solutions (Pvt) Ltd,24 Jul 2026,12:48:06,Kurunegala Warehouse,Vehicle,WP CAB 4521,Toyota Hiace,DiesEl,93.93,l,324.03,30436.14,Lanka IOC,RCP-444079,fuel_account,Kasun Fernando,93658.0,,Rain,Inter-branch transfer,
FT-202607-00366,LankaTech Solutions (Pvt) Ltd,10/07/2026,09:49:53,Galle Branch,Vehicle,SP CAB 7788,Toyota Hilux,diesel,57.74,litres,321.05,18537.43,Lanka IOC,RCP-212056,company fuel card,Tharindu Silva,41589.0,,Wet Roads,Maintenance work,Generator fuel top-up during maintenance work.
FT-202607-00599,LankaTech Solutions (Pvt) Ltd,19/07/2026,08:24:11,Colombo Head Office,Vehicle,WP RAB 3842,Isuzu Elf,DIESEL,61.72,liters,303.33,18721.53,Company Fuel Depot,RCP-211759,Corporate Credit,Sahan Wijesinghe,97713.0,,Wet Roads,Month-end deliveries,Consumption slightly higher due to wet roads.
FT-202607-01118,LankaTech Solutions (Pvt) Ltd,15-07-2026,17:22:31,Kandy Branch,Generator,GEN-KDY-01,Diesel Generator,diesel,22.33,Litres,290.6,6489.1,Ceypetco,RCP-211548,Corporate Credit,Amal Fernando,,4.3,Wet Roads,Warehouse operations,fuel issued as per request.
FT-202607-00975,LankaTech Solutions (Pvt) Ltd,07 Jul 2026,19:28:02,Kandy Branch,Vehicle,WP CAZ 9034,Suzuki Wagon R,petrol ,46.82,litres,316.2,14804.48,Local Fuel Station,RCP-113108,Corporate Credit,Sahan Wijesinghe,42711.0,,Very Hot,Maintenance work, Fuel purchased for operational requirement. 
FT-202607-00686,LankaTech Solutions (Pvt) Ltd,13/07/2026,07:41:22,Colombo Head Office,Vehicle,WP CAZ 9034,Suzuki Wagon R,petrol ,13.37,l,332.87,4450.47,Ceypetco,RCP-182916,Fuel Account,Chamath Jayasinghe,90412.0,,Heavy Rain,Routine operations, REFUELLING COMPLETED AT APPROVED STATION. 
FT-202607-01102,LankaTech Solutions (Pvt) Ltd,2026-07-01,11:53:14,Colombo Head Office,Vehicle,WP CAA 7812,Toyota Prius,Petrol,57.33,Litres,296.73,17011.53,Local Fuel Station,RCP-800179,Company Fuel Card,Chamath Jayasinghe,20477.0,,Wet Roads,Increased deliveries,extra trip completed from colombo head office.
FT-202607-00885,LankaTech Solutions (Pvt) Ltd,2026/07/08,08:42:33,Kurunegala Warehouse,Generator,GEN-KUR-01,Diesel Generator,diesel,66.85,LTR,324.95,21722.91,Local Fuel Station,RCP-251966,company fuel card,Nimal Perera,,10.6,Wet Roads,Routine operations,FUEL ISSUED FOR ROUTINE OPERATIONS.
FT-202607-00135,LankaTech Solutions (Pvt) Ltd,2026/07/05,12:44:39,Kurunegala Warehouse,Vehicle,CP CAE 9911,Mitsubishi Canter,diesel ,64.2,Litres,293.44,18838.85,Company Fuel Depot,RCP-762660,Fuel Account,Lahiru Senanayake,120795.0,,Normal,Client site visits,extra trip completed from kurunegala warehouse.
FT-202607-00213,LankaTech Solutions (Pvt) Ltd,28 Jul 2026,06:42:17,Colombo Head Office,Vehicle,WP CBA 1198,Toyota Corolla,Petrol,0.0,L,319.09,10705.47,Company Fuel Depot,RCP-804798,cash,Lahiru Senanayake,154832.0,,Heavy Rain,Emergency operations,Consumption slightly higher due to heavy rain.
FT-202607-00670,LankaTech Solutions (Pvt) Ltd,20-Jul-2026,15:27:14,Galle Branch,Vehicle,CP BDT 5521,Toyota TownAce,DiesEl,76.41,L,312.41,23871.25,Ceypetco,RCP-420668,company fuel card,Dinesh Kumara,189464.0,,Wet Roads,Inter-branch transfer,Consumption slightly higher due to wet roads.
FT-202607-01104,LankaTech Solutions (Pvt) Ltd,16-Jul-2026,15:07:29,Colombo Head Office,Generator,GEN-CMB-02,Diesel Generator,diesel ,50.71,litres,296.6,15040.59,Ceypetco,RCP-481269,cash,Chamath Jayasinghe,,,Rain,Month-end deliveries,additional trip resulted in higher consumption.
FT-202607-01249,LankaTech Solutions (Pvt) Ltd,2026/07/18,14:36:47,Kurunegala Warehouse,Vehicle,SP CAB 7788,Toyota Hilux,DiesEl,37.94,L ,318.74,12093.0,Local Fuel Station,RCP-938607,cash,Sahan Wijesinghe,169895.0,,Normal,Routine operations,Additional fuel required due to increased activity.
FT-202607-00167,LankaTech Solutions (Pvt) Ltd,12 Jul 2026,12:50:36,galleBranch,Vehicle,WP CBA 1198,Toyota Corolla,petrol,27.23,litres,311.86,8491.95,Company Fuel Depot,RCP-825097,fuel_account,Tharindu Silva,189211.0,,Heavy Rain,Client site visits,Regular petrol refill for Toyota Corolla.
FT-202607-00179,LankaTech Solutions (Pvt) Ltd,2026/07/17,14:37:50,Colombo Head Office,Generator, GEN-CMB-01,Diesel Generator, Diesel ,103.62,litres,296.31,30703.64,Ceypetco,RCP-915052,Fuel Account,Sahan Wijesinghe,,17.3,Wet Roads,Month-end deliveries,Generator fuel top-up during month-end deliveries.
FT-202607-00755,LankaTech Solutions (Pvt) Ltd,2026/07/12,18:17:00,Colombo Head Office,generator,GEN-CMB-02,Diesel Generator,DiesEl,46.02,LTR,314.35,14466.39,Local Fuel Station,RCP-325545,cash,Dinesh Kumara,,9.0,Very Hot,Routine operations,Additional trip resulted in higher consumption.
FT-202607-00888,LankaTech Solutions (Pvt) Ltd,08.07.2026,13:26:35,Colombo Head Office,Vehicle,SP CAB 7788,Toyota Hilux, Diesel,63.06,L ,323.55,20403.06,Lanka IOC,RCP-499397,corporate credit,Nimal Perera,50286.0,,Normal,Emergency operations,Consumption slightly higher due to normal.
FT-202607-01286,LankaTech Solutions (Pvt) Ltd,16 Jul 2026,12:51:55,Colombo Head Office,Vehicle,CP BDT 5521,Toyota TownAce, Diesel,69.03,l,332.66,22963.52,Lanka IOC,RCP-748869,company fuel card,Lahiru Senanayake,50342.0,,Wet Roads,Inter-branch transfer,REGULAR DIESEL REFILL FOR TOYOTA TOWNACE.
FT-202607-00529,LankaTech Solutions (Pvt) Ltd,31-Jul-2026,11:23:24,Kurunegala Warehouse,Vehicle,WP CBA 1198,Toyota Corolla, Petrol,61.77,liters,329.35,20343.95,Ceypetco,RCP-652476,Corporate Credit,Chamath Jayasinghe,173255.0,,Heavy Rain,Maintenance work,Fuel issued for maintenance work.
FT-202607-00554,LankaTech Solutions (Pvt) Ltd,07 Jul 2026,07:17:25,Colombo Head Office,Generator,GEN-CMB-02,Diesel Generator,Diesel,12.17,LTR,328.77,4001.13,Local Fuel Station,RCP-825231,Cash,Dinesh Kumara,,2.4,Very Hot,Maintenance work,Emergency fuel top-up.
FT-202607-01096,LankaTech Solutions (Pvt) Ltd,09 Jul 2026,11:43:52,Kurunegala Warehouse,Vehicle,WP CBA 1198,Toyota Corolla,petrol ,50.26,ltr,327.13,16441.55,Company Fuel Depot,RCP-774675,Cash,Kasun Fernando,39577.0,,Heavy Rain,Inter-branch transfer,Routine fuel purchase.
FT-202607-01353,LankaTech Solutions (Pvt) Ltd,07-Jul-2026,16:14:29,Colombo Head Office,Vehicle,WP CBA 1198,Toyota Corolla,PetRol,45.09,Ltrs,335.47,15126.34,Lanka IOC,RCP-366218,corporate credit,Ruwan Bandara,172641.0,,Very Hot,Client site visits,Vehicle refuelled before scheduled client visit.
FT-202607-00413,LankaTech Solutions (Pvt) Ltd,06-Jul-2026,06:53:01,Colombo Head Office,Vehicle,WP CAA 7812,Toyota Prius, Petrol,54.6,l,302.5,16516.5,Company Fuel Depot,RCP-227616,corporate credit,Kasun Fernando,62205.0,,Heavy Rain,Emergency operations,Consumption slightly higher due to heavy rain.
FT-202607-00280,LankaTech Solutions (Pvt) Ltd,2026-07-18,11:51:15,Colombo Head Office,Vehicle,WP QK 6723,Honda Fit,PetRol,38.25,l,332.05,12700.91,Ceypetco,RCP-879384,corporate credit,Chamath Jayasinghe,103943.0,,Flooding,Warehouse operations,Regular petrol refill for Honda Fit.
FT-202607-01141,LankaTech Solutions (Pvt) Ltd,2026/07/12,13:03:34,Galle Branch,Vehicle,WP KX 2345,Isuzu D-Max,diesel ,66.4,Litres,319.46,21212.14,Local Fuel Station,RCP-703782,Corporate Credit,Nimal Perera,131887.0,,Heavy Rain,Client site visits,see receipt
FT-202607-01229,LankaTech Solutions (Pvt) Ltd,2026/07/28,14:36:55,Kandy Branch,Vehicle,WP QK 6723,Honda Fit,PetRol,22.8,l,326.39,7441.69,Lanka IOC,RCP-724806,Corporate Credit,Nimal Perera,66713.0,,Normal,Emergency operations,Regular petrol refill for Honda Fit.
FT-202607-01072,LankaTech Solutions (Pvt) Ltd,2026-07-21,09:01:49,Colombo Head Office,Vehicle,WP CAB 4521,Toyota Hiace,DIESEL,89.43,l,332.54,29739.05,Company Fuel Depot,RCP-245300,corporate credit,Nimal Perera,126997.0,,Wet Roads,Emergency operations,CONSUMPTION SLIGHTLY HIGHER DUE TO WET ROADS.
FT-202607-01115,LankaTech Solutions (Pvt) Ltd,16/07/2026,18:43:18,Colombo Head Office,Vehicle,WP QK 6723,Honda Fit,PETROL,35.26,Litres,306.84,10819.18,Lanka IOC,RCP-832568,Corporate Credit,Nimal Perera,79531.0,,Heavy Rain,Warehouse operations,vehicle refuelled before scheduled client visit.
FT-202607-00561,LankaTech Solutions (Pvt) Ltd,2026-07-03,11:10:18,Colombo Head Office,Vehicle,WP RAB 3842,Isuzu Elf,diesel ,35.95,ltr,317.31,11407.29,Local Fuel Station,RCP-163487,Cash,Pradeep Kumar,40505.0,,Rain,,Fuel issued as per request.
FT-202607-00850,LankaTech Solutions (Pvt) Ltd,04-07-2026,10:30:00,Galle Branch,Generator,GEN-GAL-01,Diesel Generator,diesel,105.61,l,287.39,30351.26,Local Fuel Station,RCP-268872,fuel_account,Sahan Wijesinghe,,15.4,Very Hot,Increased deliveries,Fuel purchased for operational requirement.
FT-202607-00359,LankaTech Solutions (Pvt) Ltd,15-07-2026,17:32:47,Kandy branch,Vehicle,WP CAB 4521 ,Toyota Hiace, Diesel,44.58,L ,322.48,14376.16,Local Fuel Station,RCP-738457,cash,Chamath Jayasinghe,134684.0,,Very Hot,Inter-branch transfer,Additional trip resulted in higher consumption.
FT-202607-00255,LankaTech Solutions (Pvt) Ltd,01-Jul-2026,13:17:24,kurunegala warehouse,Vehicle,WP KX 2345,Isuzu D-Max,DiesEl,61.28,Litres,299.37,18345.39,Lanka IOC,RCP-724429,companyFuelCard,Dinesh Kumara,106839.0,,Heavy Rain,Routine operations,additional fuel required due to increased activity.
FT-202607-00275,LankaTech Solutions (Pvt) Ltd,12/07/2026,09:46:55,Kurunegala Warehouse,Vehicle,WP RAB 3842 ,Isuzu Elf,DiesEl,57.77,Litres,300.81,17377.79,Ceypetco,RCP-298670,cash,Sahan Wijesinghe,162471.0,,Rain,Inter-branch transfer,Emergency fuel top-up.
FT-202607-00979,LankaTech Solutions (Pvt) Ltd,30 Jul 2026,12:23:04,Colombo Head Office,Vehicle,WP CAA 7812,Toyota Prius,petrol,20.25,Litres,315.85,6395.96,Company Fuel Depot,RCP-430113,corporate credit,Ruwan Bandara,173021.0,,Rain,Maintenance work,Fuel purchased for operational requirement.
FT-202607-00797,LankaTech Solutions (Pvt) Ltd,17 Jul 2026,20:08:17,Kurunegala Warehouse,Vehicle,WP RAB 3842,Isuzu Elf,DiesEl,74.58,LTR,302.26,22542.55,Company Fuel Depot,RCP-337113,company fuel card,Chamath Jayasinghe,119773.0,,Normal,Emergency operations,Generator fuel top-up during emergency operations.
FT-202607-00376,LankaTech Solutions (Pvt) Ltd,2026/07/28,13:24:37,KURUNEGALA WAREHOUSE,Vehicle,SP CAB 7788,Toyota Hilux,Diesel,-33.23,liters,322.98,10732.63,Ceypetco,RCP-827172,Company Fuel Card,Nimal Perera,61489.0,,Rain,Routine operations,Fuel receipt entered manually by admin.
FT-202607-01455,LankaTech Solutions (Pvt) Ltd,28-07-2026,16:29:17,Kandy Branch,Vehicle,WP CAZ 9034,Suzuki Wagon R,petrol ,45.8,L,321.55,14726.99,Lanka IOC,RCP-733965,fuel_account,Kasun Fernando,179906.0,,Heavy Rain,Month-end deliveries,Fuel issued for month-end deliveries.
FT-202607-01371,LankaTech Solutions (Pvt) Ltd,2026/07/26,15:50:07,Kandy Branch,Vehicle,CP BDT 5521,Toyota TownAce,DiesEl,64.36,L,311.16,20026.26, Company Fuel Depot,RCP-107003,corporate credit,Kasun Fernando,100848.0,,Very Hot,Client site visits, Extra trip completed from Kandy Branch. 
FT-202607-00587,LankaTech Solutions (Pvt) Ltd,2026-07-13,09:45:45,Kurunegala Warehouse,Vehicle,WP CAZ 9034,Suzuki Wagon R, Petrol,45.38,liters,295.26,13398.9,Ceypetco,RCP-347732,cash,Tharindu Silva,165819.0,,Normal,Inter-branch transfer,generator use
FT-202607-00917,LankaTech Solutions (Pvt) Ltd,2026/07/11,09:33:46,Kandy Branch,Generator,GEN-KDY-01,Diesel Generator, Diesel,48.74,l,300.55,14648.81,Ceypetco,RCP-927530,FUEL CARD,Dinesh Kumara,,7.5,Flooding,Increased deliveries,Regular diesel refill for Diesel Generator.
FT-202607-00263,LankaTech Solutions (Pvt) Ltd,28/07/2026,16:20:46,Colombo Head Office,Vehicle,WP CBA 1198,Toyota Corolla, Petrol,50.85,Litres,337.0,17136.45,Local Fuel Station,RCP-212964,Company Fuel Card,Ruwan Bandara,55427.0,,Heavy Rain,Month-end deliveries,FUEL PURCHASED FOR OPERATIONAL REQUIREMENT.
FT-202607-00291,LankaTech Solutions (Pvt) Ltd,12 Jul 2026,11:43:47,Colombo Head Office,Generator,GEN-CMB-01,Diesel Generator,diesel,110.38,liters,332.73,36726.74,Company Fuel Depot,RCP-626085,cash,Nimal Perera,,16.8,Very Hot,Maintenance work,fuel receipt entered manually by admin.
FT-202607-00254,lankatech solutions (pvt) ltd,29/07/2026,17:48:33,Colombo Head Office,Generator,GEN-CMB-02,Diesel Generator, Diesel,21.95,litres,303.88,6670.17,Lanka IOC,RCP-881660,fuel_account,Chamath Jayasinghe,,3.4,Normal,Month-end deliveries,Additional trip resulted in higher consumption.
FT-202607-00603,LankaTech Solutions (Pvt) Ltd,09 Jul 2026,12:35:25,kurunegalaWarehouse,Vehicle,WP KX 2345,Isuzu D-Max,Diesel,48.13,Litres,333.16,16034.99, Ceypetco,RCP-930454,Corporate Credit,Chamath Jayasinghe,130601.0,,Very Hot,Warehouse operations, GENERATOR FUEL TOP-UP DURING WAREHOUSE OPERATIONS. 
FT-202607-00811,LankaTech Solutions (Pvt) Ltd,12-Jul-2026,19:39:43,Kandy Branch ,Vehicle,WP QK 6723,Honda Fit,petrol,47.47,liters,328.48,15592.95, Company Fuel Depot,RCP-468198,FUEL CARD, Chamath Jayasinghe,143072.0,,Wet Roads,Emergency operations,routine fuel purchase.
FT-202607-00829,LankaTech Solutions (Pvt) Ltd,23-07-2026,19:09:27,Galle Branch,Vehicle,WP CAA 7812,Toyota Prius,petrol ,38.04,Ltrs,339.24,12904.69,Lanka IOC,RCP-674103,fuel_account,Ruwan Bandara,70335.0,,Flooding,Month-end deliveries, fuel issued as per request. 
FT-202607-00284,LankaTech Solutions (Pvt) Ltd,2026/07/23,13:18:22,Colombo Head Office,Vehicle,CP CAE 9911,Mitsubishi Canter,diesel ,0.0,l,298.28,2475.72,Company Fuel Depot,RCP-608456,corporate credit,Lahiru Senanayake,91529.0,,Flooding,Routine operations,Routine fuel purchase.
FT-202607-01405,LankaTech Solutions (Pvt) Ltd,20-Jul-2026,06:54:48,COLOMBO HEAD OFFICE,Vehicle,WP CBA 1198,Toyota Corolla,Petrol,35.12,Ltrs,323.71,11368.7,Company Fuel Depot,RCP-972927,Company Fuel Card,Amal Fernando,109763.0,,Rain,,Fuel purchased for operational requirement.
FT-202607-00214,LankaTech Solutions (Pvt) Ltd,30/07/2026,08:40:01,Kandy Branch,Vehicle,WP KX 2345,Isuzu D-Max,Diesel,59.85,ltr,300.23,17968.77,Local Fuel Station,RCP-661015,corporate credit,Pradeep Kumar,84623.0,,Rain,Increased deliveries,VEHICLE REFUELLED BEFORE SCHEDULED CLIENT VISIT.
FT-202607-00044,LankaTech Solutions (Pvt) Ltd,26/07/2026,15:11:28,Colombo Head Office,Vehicle,WP RAB 3842,Isuzu Elf,DiesEl,83.74,L ,325.29,27239.78,Company Fuel Depot,RCP-895844,cash,Chamath Jayasinghe,68029.0,,Very Hot,Month-end deliveries,consumption slightly higher due to very hot.
FT-202607-01209,LankaTech Solutions (Pvt) Ltd,22 Jul 2026,07:38:52,Kandy Branch,Vehicle,WP CAB 4521,Toyota Hiace, Diesel,71.2,L ,334.17,23792.9,Company Fuel Depot,RCP-444463,Corporate Credit,Pradeep Kumar,108080.0,,Rain,Maintenance work,Consumption slightly higher due to rain.
FT-202607-00058,LankaTech Solutions (Pvt) Ltd,25-07-2026,13:50:22,Colombo Head Office,Vehicle,WP CAA 7812,Toyota Prius, Petrol,16.65,L,314.67,5239.26,Company Fuel Depot,RCP-491053,Fuel Account,Tharindu Silva,57773.0,,Flooding,Warehouse operations,Emergency fuel top-up.
FT-202607-00175,LankaTech Solutions (Pvt) Ltd,10/07/2026,11:29:34,kurunegalaWarehouse,Vehicle,WP RAB 3842,Isuzu Elf,diesel ,37.16,L,310.38,11533.72,Ceypetco,RCP-732357,Cash,Lahiru Senanayake,26061.0,,Rain,Emergency operations,refuelling completed at approved station.
FT-202607-01360,LankaTech Solutions (Pvt) Ltd,31 Jul 2026,14:37:08,Colombo HQ,Vehicle,SP CAB 7788,Toyota Hilux, Diesel,42.9,l,326.06,13987.97,Local Fuel Station,RCP-873283,Fuel Account,Pradeep Kumar,147043.0,,Rain,Increased deliveries,additional trip resulted in higher consumption.
FT-202607-01076,LankaTech Solutions (Pvt) Ltd,13-Jul-2026,19:58:31,Colombo Head Office,Vehicle,WP CAA 7812,Toyota Prius, Petrol,20.01,l,323.34,6470.03,Lanka IOC,RCP-809276,company fuel card,Pradeep Kumar,63040.0,,Very Hot,Month-end deliveries,Fuel receipt entered manually by admin.
FT-202607-01198,LankaTech Solutions (Pvt) Ltd,30-Jul-2026,07:00:32,Kandy Branch,Vehicle,WP KX 2345,Isuzu D-Max,diesel,63.91,L ,290.04,18536.46,Local Fuel Station,RCP-189735,company fuel card,Sahan Wijesinghe,52008.0,,Flooding,Client site visits,Regular diesel refill for Isuzu D-Max.
FT-202607-01248,LankaTech Solutions (Pvt) Ltd,08-Jul-2026,11:14:29,Colombo Head Office,Generator,GEN-CMB-01,Diesel Generator,DIESEL,15.21,litres,308.27,4688.79,Ceypetco,RCP-151547,fuel_account,Amal Fernando,,2.7,Wet Roads,Increased deliveries,Extra trip completed from Colombo Head Office.
FT-202607-00577,LankaTech Solutions (Pvt) Ltd,03 Jul 2026,16:04:12,Colombo Head Office,Generator,GEN-CMB-01,Diesel Generator,Diesel,27.45,L ,301.6,8278.92, ,RCP-139526,FUEL CARD,Kasun Fernando,,5.4,Normal,Warehouse operations,Emergency fuel top-up.
FT-202607-01466,LankaTech Solutions (Pvt) Ltd,18 July 2026,10:11:30,Kurunegala Warehouse,Vehicle,WP CBA 1198,Toyota Corolla, Petrol,41.42,liters,309.13,12804.16,Company Fuel Depot,RCP-260026,cash,Lahiru Senanayake,44718.0,,Very Hot,Inter-branch transfer,Regular petrol refill for Toyota Corolla.
FT-202607-01161,LankaTech Solutions (Pvt) Ltd,2026/07/25,20:28:31,galle branch,Generator,GEN-GAL-01,Diesel Generator,diesel ,64.56,Ltrs,291.65,18828.92,Company Fuel Depot,RCP-827121,Fuel Account,Nimal Perera,,9.6,Normal,Emergency operations,fuel receipt entered manually by admin.
FT-202607-00970,LankaTech Solutions (Pvt) Ltd,14-07-2026,12:52:00,Colombo Head Office,Vehicle,WP CAA 7812,Toyota Prius,Petrol,39.67,Ltrs,318.42,12631.72,Ceypetco,RCP-199815,companyFuelCard,Chamath Jayasinghe,120968.0,,Heavy Rain,Month-end deliveries,Refuelling completed at approved station.
FT-202607-00456,LankaTech Solutions (Pvt) Ltd,09-07-2026,12:33:08,Kandy Branch,Generator,GEN-KDY-01,Diesel Generator,Diesel,82.85,ltr,333.49,27629.65,lanka ioc,RCP-213238,Fuel Account,Nimal Perera,,14.7,Rain,Increased deliveries,Additional trip resulted in higher consumption.
FT-202607-00781,LankaTech Solutions (Pvt) Ltd,08-07-2026,19:44:04,Colombo Head Office,Generator,GEN-CMB-02,Diesel Generator,DIESEL,38.27,Ltrs,296.92,11363.13,Company Fuel Depot,RCP-755823,company fuel card,Nimal Perera,,6.8,Wet Roads,Increased deliveries,
FT-202607-01298,LankaTech Solutions (Pvt) Ltd,2026-07-25,11:58:15,Colombo head office,Generator,GEN-CMB-01,Diesel Generator,DIESEL,55.17,liters,326.2,17996.45,Company Fuel Depot,RCP-180210,Corporate Credit,Ruwan Bandara,,6.1,Heavy Rain,Emergency operations,Additional fuel required due to increased activity.
FT-202607-00189,LankaTech Solutions (Pvt) Ltd,16 Jul 2026,20:42:06,Kurunegala Warehouse,Vehicle,WP CBA 1198,Toyota Corolla,Petrol,41.37,L,325.08,13448.56,Lanka IOC,RCP-400368,Cash,Kasun Fernando,175299.0,,Rain,Maintenance work,Fuel issued as per request.
FT-202607-01423,LankaTech Solutions (Pvt) Ltd,18-Jul-2026,06:35:52,Kandy Branch,Vehicle,CP BDT 5521,Toyota TownAce,DiesEl,99.77,LTR,286.99,28632.99,Lanka IOC,RCP-649726,Corporate Credit,Chamath Jayasinghe,95967.0,,Rain,Increased deliveries,Routine fuel purchase.
FT-202607-00934,LankaTech Solutions (Pvt) Ltd,2026/07/22,17:58:43,Colombo Head Office,Vehicle,WP KX 2345,Isuzu D-Max,DIESEL,65.25,L ,323.07,21080.32,Ceypetco,RCP-393189,FUEL CARD,Sahan Wijesinghe,82870.0,,Wet Roads,Emergency operations, Fuel issued for emergency operations. 
FT-202607-01124,LankaTech Solutions (Pvt) Ltd,2026-07-28,11:05:04,Colombo Head Office,Vehicle,WP QK 6723,Honda Fit,Petrol,41.03,litres,320.68,13157.5,Lanka IOC,RCP-405568,FUEL CARD,Nimal Perera,178331.0,,Wet Roads,Warehouse operations,Routine fuel purchase.
FT-202607-01084,LankaTech Solutions (Pvt) Ltd,31/07/2026,20:32:20,Galle Branch,Vehicle,WP CAZ 9034,Suzuki Wagon R,PETROL,21.99,L ,305.09,6708.93,Company Fuel Depot,RCP-128896,Company Fuel Card,,47886.0,,Wet Roads,Increased deliveries,Refuelling completed at approved station.
FT-202607-00878,LankaTech Solutions (Pvt) Ltd,2026-07-25,13:15:31,Kandy Branch,Generator,GEN-KDY-01,Diesel Generator,DIESEL,90.86,Ltrs,290.37,26383.02,Lanka IOC,RCP-188375,Fuel Account,Nimal Perera,,14.7,Normal,Maintenance work,Emergency fuel top-up.
FT-202607-00958,LankaTech Solutions (Pvt) Ltd,2026/07/18,11:46:21,Colombo Head Office,Generator,GEN-CMB-02,Diesel Generator,DiesEl,93.83,liters,295.74,27749.28,Lanka IOC,RCP-479909,Corporate Credit,Ruwan Bandara,,13.7,Rain,Increased deliveries,Fuel purchased for operational requirement.
FT-202607-00459,LankaTech Solutions (Pvt) Ltd,11 Jul 2026,15:12:56,Colombo Head Office,Vehicle,WP CAB 4521,Toyota Hiace,Diesel,56.18,litres,310.06,17419.17,Ceypetco,RCP-542357,Corporate Credit,Pradeep Kumar,155111.0,,Flooding,Client Site Visits,Additional fuel required due to increased activity.
FT-202607-01170,LankaTech Solutions (Pvt) Ltd,13-Jul-2026,13:53:06,Galle Branch,Vehicle,SP CAB 7788,Toyota Hilux, Diesel,105.23,Litres,306.89,32294.03,Ceypetco,RCP-181678,company fuel card,Sahan Wijesinghe,37497.0,,Flooding,Increased deliveries,Regular diesel refill for Toyota Hilux.
FT-202607-01117,LankaTech Solutions (Pvt) Ltd,19/07/2026,06:53:22,Kurunegala Warehouse,Vehicle,CP CAE 9911,Mitsubishi Canter,DIESEL,46.93,Ltrs,290.69,13642.08,Lanka IOC,RCP-899787,Corporate Credit,Kasun Fernando,113716.0,,Wet Roads,Maintenance work, Fuel receipt entered manually by admin. 
FT-202607-00079,LankaTech Solutions (Pvt) Ltd,2026/07/28,20:43:07,Kurunegala Warehouse,Vehicle,WP CAZ 9034,Suzuki Wagon R, Petrol,22.78,L ,305.81,6966.35,Local Fuel Station,RCP-826494,Fuel Account,Amal Fernando,163081.0,,,Maintenance work,Fuel issued as per request.
FT-202607-01398,LankaTech Solutions (Pvt) Ltd,15/07/2026,16:24:37,Colombo Head Office,Vehicle,WP CAA 7812,Toyota Prius,PETROL,35.9,L ,314.23,11280.86,Ceypetco,RCP-657153,cash,Nimal Perera,134551.0,,Wet Roads,Routine operations,fuel issued for routine operations.
FT-202607-00739,LankaTech Solutions (Pvt) Ltd,04-07-2026,10:23:06,Colombo Head Office,Vehicle,WP CAA 7812,Toyota Prius,petrol,30.69,LTR,336.27,10320.13,Lanka IOC,RCP-867655,Corporate Credit,Amal Fernando,92163.0,,Flooding,Inter-branch transfer,Additional fuel required due to increased activity.
FT-202607-00963,LankaTech Solutions (Pvt) Ltd,01-Jul-2026,19:13:14,Colombo head office,Generator,GEN-CMB-02,Diesel Generator,DIESEL,89.88,L,290.4,26101.15,Company Fuel Depot,RCP-541412,Company Fuel Card,Dinesh Kumara,,13.6,Flooding,Routine operations,Additional trip resulted in higher consumption.
FT-202607-00403,lankatech solutions (pvt) ltd,17-Jul-2026,06:32:28,Galle Branch,Vehicle,WP QK 6723,Honda Fit,petrol ,62.14,L ,307.47,19106.19,Company Fuel Depot,RCP-674510,fuel_account,Sahan Wijesinghe,115223.0,,Rain,INCREASED DELIVERIES, Regular petrol refill for Honda Fit. 
FT-202607-01132,LankaTech Solutions (Pvt) Ltd,12/07/2026,08:27:21,COLOMBO HEAD OFFICE,Generator,GEN-CMB-02,Diesel Generator,DIESEL,71.98,Ltrs,316.32,22768.71,Ceypetco,RCP-405935,CORPORATE CREDIT,Ruwan Bandara,,11.4,Very Hot,Client site visits,fuel purchased for operational requirement.
FT-202607-00864,LankaTech Solutions (Pvt) Ltd,04/07/2026,09:07:27,Colombo HO,Vehicle,SP CAB 7788,Toyota Hilux,diesel,77.29,L ,321.71,24864.97,Ceypetco,RCP-241186,Cash,Chamath Jayasinghe,86078.0,,Normal,Inter-branch transfer,Regular diesel refill for Toyota Hilux.
FT-202607-00669,LankaTech Solutions (Pvt) Ltd,13 Jul 2026,19:36:53,Colombo  Head Office,Vehicle,WP CBA 1198,Toyota Corolla,PETROL,28.27,L,300.77,8502.77,Local Fuel Station,RCP-843604,FUEL CARD,Lahiru Senanayake,128270.0,,Flooding,Maintenance work,REFUELLING COMPLETED AT APPROVED STATION.
FT-202607-00373,LankaTech Solutions (Pvt) Ltd,18/07/2026,06:30:40,Colombo Head Office,Vehicle,SP CAB 7788,Toyota Hilux,DIESEL,73.12,l,312.83,22874.13,Local Fuel Station,RCP-243801,cash,Kasun Fernando,187997.0,,Rain,Client site visits,Fuel issued for client site visits.
FT-202607-00527,LankaTech Solutions (Pvt) Ltd,18-07-2026,19:14:05,Galle Branch,Vehicle,WP KX 2345,Isuzu D-Max,DiesEl,87.44,L ,303.68,26553.78,Ceypetco,RCP-654257,FUEL CARD,Pradeep Kumar,168577.0,,Very Hot,INTER-BRANCH TRANSFER,vehicle refuelled before scheduled client visit.
FT-202607-00410,LankaTech Solutions (Pvt) Ltd,2026/07/30,19:06:18,Colombo Head Office,Vehicle,WP CAA 7812,Toyota Prius, Petrol,36.65,L ,339.18,12430.95,Lanka IOC,RCP-186950,Fuel Account,Amal Fernando,104338.0,,Wet Roads,Emergency operations,emergency fuel top-up.
FT-202607-00449,LankaTech Solutions (Pvt) Ltd,28-07-2026,12:13:31,Kandy Branch,Vehicle,CP CAE 9911,Mitsubishi Canter,DIESEL,58.15,ltr,324.64,18877.82,Lanka IOC,RCP-167910,Fuel Account,Kasun Fernando,141857.0,,Wet Roads,Increased deliveries,Fuel issued for increased deliveries.
FT-202607-00308,LankaTech Solutions (Pvt) Ltd,2026-07-19,14:37:48,colombo head office,Vehicle,SP CAB 7788,Toyota Hilux,diesel ,64.74,liters,319.88,20709.03,Company Fuel Depot,RCP-196459,company fuel card,Ruwan Bandara,114280.0,,Wet Roads,Emergency operations,Month-end fuel requirement.
FT-202607-00333,LankaTech Solutions (Pvt) Ltd,19 Jul 2026,16:56:25,Colombo Head Office,Generator,GEN-CMB-01,Diesel Generator,DIESEL,16.52,l,317.2,5240.14,Local Fuel Station,RCP-138947,cash,Sahan Wijesinghe,,2.9,Normal,Increased deliveries,Additional trip resulted in higher consumption.
FT-202607-01029,LankaTech Solutions (Pvt) Ltd,06-Jul-2026,11:52:11,Kandy Branch,Vehicle,WP CAA 7812,Toyota Prius, Petrol,25.8,L,321.4,8292.12,Local Fuel Station,RCP-297959,cash,Pradeep Kumar,101163.0,,Heavy Rain,Emergency operations,Regular petrol refill for Toyota Prius.
FT-202607-00112,LankaTech Solutions (Pvt) Ltd,2026/07/26,13:34:59,Colombo Head Office,Vehicle,SP CAB 7788,Toyota Hilux,DiesEl,38.65,liters,306.25,11836.56,Ceypetco,RCP-589151,company fuel card,Ruwan Bandara,79603.0,,Rain,Emergency operations, Fuel issued for emergency operations. 
FT-202607-00092,LankaTech Solutions (Pvt) Ltd,07-Jul-2026,15:39:45,Colombo Head Office,Vehicle,WP KX 2345,Isuzu D-Max,DiesEl,45.32,liters,324.93,14725.83,Local Fuel Station,RCP-158276,,Nimal Perera,128957.0,,Heavy Rain,Client site visits,Routine fuel purchase.
FT-202607-01490,LankaTech Solutions (Pvt) Ltd,22-07-2026,19:19:21,Colombo Head Office,Vehicle,WP QK 6723,Honda Fit,petrol,44.74,Ltrs,318.02,14228.21,Local Fuel Station,RCP-414881,Cash,Chamath Jayasinghe,44163.0,,Wet Roads,Client site visits,Additional fuel required due to increased activity.
FT-202607-00024,LankaTech Solutions (Pvt) Ltd,2026/07/16,15:17:52,Kandy Branch,Generator,GEN-KDY-01,Diesel Generator,diesel ,32.26,LTR,319.95,10321.59,Ceypetco,RCP-866056,Fuel Account,Nimal Perera,,6.8,Wet Roads,Routine operations, Fuel purchased for operational requirement. 
FT-202607-00956,LankaTech Solutions (Pvt) Ltd,23-Jul-2026,07:26:45,Colombo Head Office,Generator,GEN-CMB-01,Diesel Generator,DiesEl,167.36,ltr,291.42,48772.05,Local Fuel Station,RCP-244035,corporate credit,Lahiru Senanayake,,14.5,Wet Roads,Increased deliveries,Extra trip completed from Colombo Head Office. Higher than normal usage reported.
FT-202607-00506,LankaTech Solutions (Pvt) Ltd,2026-07-06,09:06:19,Colombo Head Office,Vehicle,SP CAB 7788,Toyota Hilux,DIESEL,63.11,litres,333.07,21020.05,Local Fuel Station,RCP-584470,CORPORATE CREDIT,Sahan Wijesinghe,113256.0,,Rain,Increased deliveries,Additional trip resulted in higher consumption.
FT-202607-01047,LankaTech Solutions (Pvt) Ltd,17-07-2026,18:12:33,GALLE BRANCH,Vehicle, WP CAZ 9034,Suzuki Wagon R,PETROL,45.62,liters,311.94,14230.7,Ceypetco,RCP-629247,company fuel card,Pradeep Kumar,45785.0,,Wet Roads,Routine operations,Extra trip completed from Galle Branch.
FT-202607-00165,LankaTech Solutions (Pvt) Ltd,14-07-2026,13:33:27,Colombo HQ,Generator,GEN-CMB-01,Diesel Generator,DIESEL,23.72,LTR,326.37,7741.5,Lanka IOC,RCP-783686,cash,Lahiru Senanayake,,3.5,Rain,Warehouse operations,Fuel issued as per request.
FT-202607-00243,LankaTech Solutions (Pvt) Ltd,2026-07-23,07:27:49,Colombo Head Office,Vehicle,WP CAZ 9034,Suzuki Wagon R,petrol,40.5,liters,319.09,12923.14,Local Fuel Station,RCP-231716,company fuel card,Amal Fernando,152720.0,,Heavy Rain,Client site visits,Extra trip completed from Colombo Head Office.
FT-202607-00685,LankaTech Solutions (Pvt) Ltd,20-Jul-2026,10:13:50,kandyBranch,Vehicle,WP CAZ 9034,Suzuki Wagon R, Petrol,40.68,l,326.28,13273.07,Company Fuel Depot,RCP-489295,Fuel Account,Nimal Perera,102501.0,,,Month-end deliveries,vehicle refuelled before scheduled client visit.
FT-202607-00098,LankaTech Solutions (Pvt) Ltd,14 Jul 2026,14:01:17,Galle Branch,Vehicle,WP CAB 4521,Toyota Hiace,DiesEl,39.24,liters,322.13,12640.38,Ceypetco,RCP-740919,FUEL CARD,Nimal Perera,137485.0,,Flooding,,
FT-202607-01142,LankaTech Solutions (Pvt) Ltd,27.07.2026,13:08:17,colomboHeadOffice,Vehicle,WP CAB 4521,Toyota Hiace,diesel,74.79,ltr,287.29,21486.42,LANKA IOC,RCP-136543,corporate credit,Nimal Perera,35254.0,,Heavy Rain,Maintenance work,ok
FT-202607-01335,LANKATECH SOLUTIONS (PVT) LTD,2026/07/15,07:19:57,Kandy Branch,GENERATOR,GEN-KDY-01,Diesel Generator,DiesEl,102.89,L,314.57,32366.11,Ceypetco,RCP-963422,cash,Kasun Fernando,,15.7,Wet Roads,Warehouse operations,Fuel issued for warehouse operations.
FT-202607-00613,LankaTech Solutions (Pvt) Ltd,20 Jul 2026,14:26:07,Kandy Branch,Vehicle,WP CAZ 9034,Suzuki Wagon R, Petrol,18.45,LTR,322.9,5957.5,Local Fuel Station,,Fuel Account,Dinesh Kumara,27464.0,,Normal,Warehouse operations,Fuel receipt entered manually by admin.
FT-202607-00445,LankaTech Solutions (Pvt) Ltd,19 Jul 2026,06:31:47,Galle Branch,Vehicle,WP RAB 3842,Isuzu Elf,DiesEl,61.4,ltr,306.03,18790.24,Lanka IOC,RCP-837853,cash,Kasun Fernando,110099.0,,Heavy Rain,Month-end deliveries,Regular diesel refill for Isuzu Elf.
FT-202607-00307,LankaTech Solutions (Pvt) Ltd,26/07/2026,11:58:11,Galle Branch,Generator,GEN-GAL-01,Diesel Generator,DIESEL,25.96,Ltrs,327.13,8492.29,Lanka IOC,RCP-666887,Company Fuel Card,Ruwan Bandara,,4.1,Wet Roads,maintenanceWork,EXTRA TRIP COMPLETED FROM GALLE BRANCH.
FT-202607-00828,LankaTech Solutions (Pvt) Ltd,11/07/2026,14:49:30,Colombo Head Office,Vehicle,WP CAZ 9034,Suzuki Wagon R, Petrol,43.35,litres,311.2,13490.52,Company Fuel Depot,RCP-931645,FUEL CARD,Ruwan Bandara,105721.0,,Flooding,Inter-branch transfer,fuel issued for inter-branch transfer.
FT-202607-00301,LankaTech Solutions (Pvt) Ltd,2026/07/09,20:31:28,Colombo Head Office,Vehicle,WP CAB 4521,Toyota Hiace,Diesel,91.78,litres,321.11,29471.48,Ceypetco,RCP-198677,company fuel card,Chamath Jayasinghe,97674.0,,Flooding,Month-end deliveries,Additional trip resulted in higher consumption.
FT-202607-00012,LankaTech Solutions (Pvt) Ltd,2026-07-14,12:05:20,Colombo Head Office,Vehicle,WP CAZ 9034,Suzuki Wagon R,PetRol,N/A,liters,306.74,11048.77,Company Fuel Depot,RCP-409523,corporate credit,Tharindu Silva,59962.0,,Rain,Maintenance work,additional fuel required due to increased activity.
FT-202607-00548,LankaTech Solutions (Pvt) Ltd,11 Jul 2026,17:23:01,Kurunegala Warehouse,Vehicle,WP RAB 3842,Isuzu Elf,diesel ,35.41,L,294.32,10421.87,,,corporate credit,Chamath Jayasinghe,48522.0,,Very Hot,Routine operations,Fuel receipt entered manually by admin.
FT-202607-01454,LankaTech Solutions (Pvt) Ltd,2026-07-15,17:59:05,Colombo Head Office,Vehicle,SP CAB 7788,Toyota Hilux,Diesel,52.5,Litres,316.99,16641.98,Local Fuel Station,RCP-897442,fuel_account,Nimal Perera,116520.0,,Rain,Emergency operations,Additional trip resulted in higher consumption.
FT-202607-01042,LankaTech Solutions (Pvt) Ltd,02-Jul-2026,07:42:51,Colombo Head Office,Vehicle,WP QK 6723,Honda Fit,Petrol,26.88,L,343.58,9235.43,Company Fuel Depot,RCP-618672,Corporate Credit,Tharindu Silva,173836.0,,Wet Roads,Maintenance work,Routine fuel purchase.
FT-202607-00104,LankaTech Solutions (Pvt) Ltd,29 Jul 2026,18:06:33,Kandy Branch,Generator,GEN-KDY-01,Diesel Generator,DiesEl,34.5,l,289.14,9975.33,Company Fuel Depot,RCP-162571,cash,Chamath Jayasinghe,,5.7,Wet Roads,Inter-branch transfer,refuelling completed at approved station.
FT-202607-00318,LankaTech Solutions (Pvt) Ltd,22 Jul 2026,17:54:17,Colombo Head Office,Vehicle,WP CAZ 9034,Suzuki Wagon R,petrol ,30.49,L ,338.21,10312.02,Company Fuel Depot,RCP-300312,Corporate Credit,Amal Fernando,178224.0,,Flooding,Emergency operations,Consumption slightly higher due to flooding.
FT-202607-00238,LankaTech Solutions (Pvt) Ltd,13-Jul-2026,13:00:12,Colombo Head Office,Vehicle,WP CAZ 9034,Suzuki Wagon R,PETROL,35.86,liters,299.23,10730.39,Lanka IOC,RCP-326185,cash,Pradeep Kumar,174661.0,,,Increased deliveries,additional fuel required due to increased activity.
FT-202607-00190,LankaTech Solutions (Pvt) Ltd,2026/07/03,16:24:58,Galle Branch,Vehicle,WP CAB 4521,Toyota Hiace,DIESEL,46.77,litres,332.7,15560.38,Company Fuel Depot,RCP-565349,Company Fuel Card,Sahan Wijesinghe,163672.0,,,Warehouse operations,emergency fuel top-up.
FT-202607-00222,LankaTech Solutions (Pvt) Ltd,2026/07/07,08:22:36,Kandy Branch,Generator,GEN-KDY-01,Diesel Generator,Diesel,31.42,Litres,289.15,9085.09,Local Fuel Station,RCP-683440,Corporate Credit,Dinesh Kumara,,4.6,Rain,Month-end deliveries, REGULAR DIESEL REFILL FOR DIESEL GENERATOR. 
FT-202607-01021,LankaTech Solutions (Pvt) Ltd,17-07-2026,12:33:42,Galle Branch,Generator,GEN-GAL-01,Diesel Generator,DIESEL,102.9,Litres,302.92,31170.47,Local Fuel Station,RCP-742082,fuel_account,Lahiru Senanayake,,,Flooding,Warehouse operations,manual entry
FT-202607-00184,LankaTech Solutions (Pvt) Ltd,10-Jul-2026,20:12:35,Colombo Head Office,Generator,GEN-CMB-01,Diesel Generator,diesel ,164.19,ltr,298.77,49055.05,,RCP-287949,fuel_account,Ruwan Bandara,,17.5,Heavy Rain,Routine operations,Additional trip resulted in higher consumption.
FT-202607-01331,LankaTech Solutions (Pvt) Ltd,17/07/2026,09:21:34,Kandy,Vehicle,WP KX 2345,Isuzu D-Max,DIESEL,57.41,LTR,331.54,19033.71,Local Fuel Station,RCP-153010,FUEL CARD,Ruwan Bandara,157237.0,,Wet Roads,Client site visits,Fuel purchased for operational requirement.
FT-202607-00152,LankaTech Solutions (Pvt) Ltd,2026/07/29,14:07:16,Kurunegala Warehouse,Generator,GEN-KUR-01,Diesel Generator,diesel,101.52,litres,300.96,30553.46,LOCAL FUEL STATION,RCP-213868,FUEL ACCOUNT,Kasun Fernando,,15.5,Normal,Emergency operations,EXTRA TRIP COMPLETED FROM KURUNEGALA WAREHOUSE.
FT-202607-01369,LankaTech Solutions (Pvt) Ltd,12-07-2026,17:38:22,Kurunegala Warehouse ,Generator,GEN-KUR-01,Diesel Generator,Diesel,35.46,l,285.32,10117.45,Ceypetco,RCP-813615,Corporate Credit,Amal Fernando,,6.0,Normal,Client site visits,Consumption slightly higher due to normal.
FT-202607-00555,LankaTech Solutions (Pvt) Ltd,11 Jul 2026,17:53:43,Galle Branch,Vehicle,CP BDT 5521,Toyota TownAce,DiesEl,57.05,l,295.16,16838.88,Lanka IOC,RCP-202480,FUEL CARD,Tharindu Silva,148935.0,,Heavy Rain,Inter-branch transfer,Extra trip completed from Galle Branch.
FT-202607-00164,LankaTech Solutions (Pvt) Ltd,2026-07-07,20:14:00,Colombo Head Office,Generator,GEN-CMB-01,Diesel Generator,diesel ,97.41,Litres,293.1,28550.87,Ceypetco,RCP-567541,company fuel card,Dinesh Kumara,,17.1,Heavy Rain,maintenanceWork,month-end fuel requirement.
FT-202607-00093,LankaTech Solutions (Pvt) Ltd,12-07-2026,12:08:44,Kurunegala Warehouse,Vehicle,WP QK 6723,Honda Fit,petrol ,28.01,litres,326.66,9149.75,Company Fuel Depot,RCP-956817,company fuel card,Kasun Fernando,37318.0,,Rain,Maintenance work,trip extended
FT-202607-01437,LankaTech Solutions (Pvt) Ltd,06-Jul-2026,17:17:58,kurunegalaWarehouse,Generator,GEN-KUR-01,Diesel Generator, Diesel,15.55,l,319.2,4963.56,Local Fuel Station,RCP-826514,fuel_account,Nimal Perera,,2.8,Rain,Month-end deliveries,Fuel issued for month-end deliveries.
FT-202607-00264,LankaTech Solutions (Pvt) Ltd,2026/07/21,13:41:54,Kandy Branch ,Vehicle,WP CAZ 9034,Suzuki Wagon R, Petrol,26.74,L ,300.58,8037.51,Company Fuel Depot,RCP-311634,,Tharindu Silva,29453.0,,Very Hot,Inter-branch transfer,Refuelling completed at approved station.
FT-202607-00196,LankaTech Solutions (Pvt) Ltd,08 Jul 2026,12:31:03,Kurunegala Warehouse,Vehicle,CP CAE 9911,Mitsubishi Canter, Diesel,64.46,L ,333.78,21515.46,Company Fuel Depot,RCP-523355,Cash,Sahan Wijesinghe,124308.0,,Flooding,Client site visits,Regular diesel refill for Mitsubishi Canter.
FT-202607-01493,LankaTech Solutions (Pvt) Ltd,2026/07/24,19:17:44,Colombo Head Office,Vehicle,WP CAB 4521,Toyota Hiace,diesel,53.88,LTR,333.85,17987.84,Lanka IOC,RCP-551520,company fuel card,Pradeep Kumar,160249.0,,Very Hot,Inter-branch transfer,Emergency fuel top-up.
FT-202607-00784,LankaTech Solutions (Pvt) Ltd,07/12/26,14:00:01,Colombo HO,Vehicle,SP CAB 7788,Toyota Hilux,diesel,72.97,ltr,323.82,23629.15,Ceypetco,RCP-200417,corporate credit,Kasun Fernando,178446.0,,Rain,Warehouse operations,Additional fuel required due to increased activity.
FT-202607-01207,LankaTech Solutions (Pvt) Ltd,2026/07/01,20:38:04,Kurunegala Warehouse,Vehicle,WP QK 6723,Honda Fit,petrol ,59.81,liters,341.54,20427.51,Lanka IOC,RCP-608773,Corporate Credit,Dinesh Kumara,189468.0,,Flooding,Month-end deliveries,Month-end fuel requirement.
FT-202607-00215,LankaTech Solutions (Pvt) Ltd,24-07-2026,13:10:44,Kandy Branch,Vehicle,SP CAB 7788,Toyota Hilux,DiesEl,49.25,Litres,287.09,14139.18, Ceypetco,RCP-444638,Corporate Credit,Kasun Fernando,33328.0,,Very Hot,Routine operations,fuel issued for routine operations.
FT-202607-01052,LankaTech Solutions (Pvt) Ltd,2026-07-04,09:12:03,Galle Branch,Generator,GEN-GAL-01,Diesel Generator,diesel,55.58,ltr,331.56,18428.1,Lanka IOC,RCP-770931,FUEL CARD,Pradeep Kumar,,9.7,Normal,Client site visits,trip extended
FT-202607-01327,LankaTech Solutions (Pvt) Ltd,2026-07-21,13:42:35,Colombo Head Office,Vehicle,WP CAZ 9034,Suzuki Wagon R, Petrol,53.39,Litres,295.01,15750.58,Local Fuel Station,RCP-175125,Corporate Credit,Ruwan Bandara,88187.0,,Rain,Increased deliveries,Refuelling completed at approved station.
FT-202607-01261,LankaTech Solutions (Pvt) Ltd,14-Jul-2026,06:29:53,Colombo Head Office,Vehicle,WP QK 6723,Honda Fit, Petrol,16.19,l,322.71,5224.67,Local Fuel Station,RCP-403852,company fuel card,Sahan Wijesinghe,,,Heavy Rain,Inter-branch transfer,Regular petrol refill for Honda Fit.
FT-202607-01324,LankaTech Solutions (Pvt) Ltd,09 Jul 2026,10:01:36,galle branch,Vehicle,WP KX 2345,Isuzu D-Max,Diesel,74.23,ltr,285.61,21200.83, Company Fuel Depot,RCP-733342,FUEL CARD,Tharindu Silva,181171.0,,Wet Roads,Month-end deliveries,Fuel purchased for operational requirement.
FT-202607-01344,LankaTech Solutions (Pvt) Ltd,2026/07/13,13:20:05,Kurunegala Warehouse,Vehicle,WP QK 6723,Honda Fit,petrol ,71.41,LTR,339.82,24266.55,Lanka IOC,RCP-208394,corporate credit,,157564.0,,Very Hot,Month-end deliveries,Vehicle refuelled before scheduled client visit. 
FT-202607-00873,LankaTech Solutions (Pvt) Ltd,14-Jul-2026,20:44:17,Kandy Branch,Vehicle,SP CAB 7788,Toyota Hilux,DiesEl,46.77,ltr,299.81,14022.11,Ceypetco,RCP-429462,company fuel card,Pradeep Kumar,78880.0,,Normal,Maintenance work,fuel issued as per request.
FT-202607-01080,LankaTech Solutions (Pvt) Ltd,24-Jul-2026,14:26:31,Kandy Branch,Generator,GEN-KDY-01,Diesel Generator,diesel,35.65,Litres,329.1,11732.42,Lanka IOC,RCP-317798,FUEL CARD,Chamath Jayasinghe,,4.4,Flooding,Maintenance Work,Emergency fuel top-up.
FT-202607-00538,LankaTech Solutions (Pvt) Ltd,30 July 2026,12:01:31,Colombo Head Office,Vehicle,SP CAB 7788,Toyota Hilux,DiesEl,62.9,LTR,318.67,20044.34,Company Fuel Depot,RCP-795904,company fuel card,Nimal Perera,168918.0,,Wet Roads,Month-end deliveries,Regular diesel refill for Toyota Hilux.
FT-202607-00525,LankaTech Solutions (Pvt) Ltd,01-07-2026,15:50:56,Colombo Head Office,VEHICLE,WP QK 6723,Honda Fit,PetRol,unknown,ltr,320.57,15746.4,Company Fuel Depot,RCP-349423,fuel_account,Chamath Jayasinghe,84424.0,,Very Hot,Warehouse operations, fuel receipt entered manually by admin. 
FT-202607-00768,LankaTech Solutions (Pvt) Ltd,11/07/2026,10:29:23,Kandy Branch,Vehicle,WP CAA 7812,Toyota Prius,petrol,21.23,L,327.21,6946.67,Company Fuel Depot,RCP-988827,fuel_account,Ruwan Bandara,77483.0,,Normal,Routine operations,Emergency fuel top-up.
FT-202607-01378,LankaTech Solutions (Pvt) Ltd,13-07-2026,09:21:14,Colombo Head Office,Vehicle,WP CAZ 9034,Suzuki Wagon R,PETROL,36.07,ltr,334.06,12049.54,Local Fuel Station,RCP-298146,corporate credit,Pradeep Kumar,178167.0,,Very Hot,Increased deliveries,vehicle refuelled before scheduled client visit.
FT-202607-01012,LankaTech Solutions (Pvt) Ltd,2026/07/17,10:19:08,Kurunegala Warehouse,Vehicle,WP CAZ 9034,Suzuki Wagon R,petrol,18.62,liters,312.55,5819.68,Local Fuel Station,RCP-802293,company fuel card,Tharindu Silva,97241.0,,Very Hot,Routine operations,Regular petrol refill for Suzuki Wagon R.
FT-202607-00747,LankaTech Solutions (Pvt) Ltd,16-Jul-2026,19:43:05,Kurunegala Warehouse,Vehicle,CP CAE 9911,Mitsubishi Canter,DIESEL,46.91,litres,295.35,13854.87,localFuelStation,RCP-220895,,Dinesh Kumara,155931.0,,Rain,Month-end deliveries,consumption slightly higher due to rain.
FT-202607-00194,LankaTech Solutions (Pvt) Ltd,22-07-2026,20:28:20,Colombo Head Office,Vehicle,SP CAB 7788,Toyota Hilux,DiesEl,46.24,ltr,285.61,13206.61,Ceypetco,RCP-628089,FUEL CARD,Chamath Jayasinghe,118823.0,,Heavy Rain,Routine operations,Additional fuel required due to increased activity.
FT-202607-00411,LankaTech Solutions (Pvt) Ltd,2026/07/21,17:39:44,Kurunegala Warehouse,Generator,GEN-KUR-01,Diesel Generator,DIESEL,77.84,litres,290.7,22628.09,Ceypetco,RCP-738994,FUEL CARD,Amal Fernando,,11.9,Rain,Inter-branch transfer,Consumption slightly higher due to rain.
FT-202607-00122,LankaTech Solutions (Pvt) Ltd,24-07-2026,12:10:21,Colombo Head Office,Vehicle,WP CAB 4521,Toyota Hiace,diesel ,60.51,Litres,316.79,19168.96,Local Fuel Station,RCP-712096,cash,Lahiru Senanayake,89524.0,,Very Hot,Warehouse Operations,Additional trip resulted in higher consumption.
FT-202607-00805,lankatechSolutions(Pvt)Ltd,2026-07-14,07:59:10,Kurunegala Warehouse,Vehicle,CP BDT 5521,Toyota TownAce, Diesel,38.92,l,310.96,12102.56,Local Fuel Station,RCP-688950,Cash,Amal Fernando,25223.0,,Wet Roads,Increased deliveries,Month-end fuel requirement.
FT-202607-00151,LankaTech Solutions (Pvt) Ltd,23 Jul 2026,07:43:41,Kurunegala Warehouse,Vehicle,CP BDT 5521,Toyota TownAce,diesel ,-89.63,L ,320.54,28730.0,Company Fuel Depot,RCP-858936,fuel_account,Dinesh Kumara,162071.0,,Wet Roads,Inter-branch transfer,see receipt
FT-202607-00178,LankaTech Solutions (Pvt) Ltd,19-07-2026,17:10:18,Colombo Head Office,Vehicle,WP RAB 3842,Isuzu Elf,diesel ,75.61,liters,313.18,23679.54, Local Fuel Station,RCP-259765,Cash,Dinesh Kumara,94304.0,,Very Hot,Routine operations, Vehicle refuelled before scheduled client visit. 
FT-202607-00223,LankaTech Solutions (Pvt) Ltd,2026-07-27,17:31:03,Colombo Head Office,Vehicle,CP BDT 5521,Toyota TownAce,diesel ,45.3,L,321.65,14570.74,Company Fuel Depot,RCP-258608,fuel_account,Sahan Wijesinghe,74537.0,,Heavy Rain,Emergency operations, Fuel issued for emergency operations. 
FT-202607-00540,LankaTech Solutions (Pvt) Ltd,30-07-2026,17:48:31,Galle Branch,Generator,GEN-GAL-01,Diesel Generator,DIESEL,96.77,Ltrs,315.9,30569.64,Company Fuel Depot,RCP-572122,cash,Ruwan Bandara,,9.4,Very Hot,Routine operations,Generator fuel top-up during routine operations. Higher than normal usage reported.
FT-202607-01180,LankaTech Solutions (Pvt) Ltd,27-Jul-2026,10:11:16,Colombo Head Office,Vehicle,WP CBA 1198,Toyota Corolla,Petrol,29.96,litres,344.7,10327.21,Local Fuel Station,RCP-931757,Cash,Nimal Perera,146968.0,,Normal,Emergency operations,Month-end fuel requirement.
FT-202607-01492,LankaTech Solutions (Pvt) Ltd,2026/07/14,10:30:17,Kandy Branch,Vehicle,WP CAZ 9034,Suzuki Wagon R,Petrol,43.04,ltr,315.46,13577.4,Lanka IOC,RCP-383066,FUEL CARD,Kasun Fernando,120647.0,,Very Hot,Maintenance work,Routine fuel purchase.
FT-202607-00475,LankaTech Solutions (Pvt) Ltd,05-Jul-2026,16:55:48,Kandy Branch,Vehicle,WP CAB 4521,Toyota Hiace,DiesEl,,Ltrs,321.69,14524.3,Local Fuel Station,RCP-665868,company fuel card,Nimal Perera,107424.0,,Flooding,Increased deliveries,vehicle refuelled before scheduled client visit.
FT-202607-01120,LankaTech Solutions (Pvt) Ltd,2026-07-21,13:11:44,Kurunegala Warehouse,Generator,GEN-KUR-01,Diesel Generator,Diesel,22.21,Ltrs,303.28,6735.85,Lanka IOC,RCP-766256,Company Fuel Card,Sahan Wijesinghe,,4.7,Very Hot,Warehouse operations,Emergency fuel top-up.
FT-202607-00727,LankaTech Solutions (Pvt) Ltd,04 Jul 2026,06:31:58,Colombo Head Office,Vehicle,WP CAA 7812,Toyota Prius,PetRol,30.65,Litres,304.78,9341.51,Local Fuel Station,RCP-145622,Corporate Credit, Kasun Fernando,162812.0,,Flooding,Emergency operations,Additional fuel required due to increased activity.
FT-202607-00054,LankaTech Solutions (Pvt) Ltd,01-07-2026,20:33:59,Colombo Head Office,Vehicle,CP BDT 5521,Toyota TownAce,DIESEL,86.48,Litres,292.95,25334.32,Ceypetco,RCP-311941,FUEL CARD,Dinesh Kumara,70276.0,,Wet Roads,Emergency operations, Fuel receipt entered manually by admin. 
FT-202607-00451,LankaTech Solutions (Pvt) Ltd,2026/07/16,07:39:27,Kurunegala Warehouse,Vehicle,WP QK 6723,Honda Fit,Petrol,34.13,l,342.13,11676.9,Ceypetco,RCP-841109,Cash,Sahan Wijesinghe,91337.0,,Heavy Rain,Client site visits,Refuelling completed at approved station.
FT-202607-00742,LankaTech Solutions (Pvt) Ltd,12-07-2026,07:28:54,Kandy Branch,Vehicle,SP CAB 7788,Toyota Hilux, Diesel,81.12,liters,316.51,25675.29,Ceypetco,RCP-920219,Fuel Account,Dinesh Kumara,77482.0,,Wet Roads,Warehouse operations,Fuel issued as per request.
FT-202607-00553,LankaTech Solutions (Pvt) Ltd,25/07/2026,11:41:46,galleBranch,Vehicle,WP CBA 1198,Toyota Corolla,petrol ,31.99,l,307.86,9848.44,Company Fuel Depot,RCP-189853,cash,Chamath Jayasinghe,55609.0,,Wet Roads,Emergency operations,Additional trip resulted in higher consumption.
FT-202607-00641,LankaTech Solutions (Pvt) Ltd,21-Jul-2026,09:56:17,Colombo Head Office,Generator,GEN-CMB-01,Diesel Generator,diesel,133.08,l,315.49,41985.41,Ceypetco,RCP-776805,fuel account,Tharindu Silva,,16.8,Very Hot,,Fuel issued for emergency operations.
FT-202607-01359,LankaTech Solutions (Pvt) Ltd,2026-07-10,11:33:47,Colombo Head Office,Vehicle,WP CAB 4521,Toyota Hiace,diesel,69.22,l,321.67,22266.0,Local Fuel Station,RCP-510481,corporate credit,Kasun Fernando,55521.0,,Very Hot,Month-end deliveries,fuel purchased for operational requirement.
FT-202607-01329,lankatech solutions (pvt) ltd,30/07/2026,07:02:36,Colombo Head Office,Vehicle,WP RAB 3842,Isuzu Elf,Diesel,68.69,l,314.69,21616.06,Ceypetco,RCP-606328,cash,Pradeep Kumar,181219.0,,Normal,Increased deliveries,vehicle refuelled before scheduled client visit.
FT-202607-01203,LankaTech Solutions (Pvt) Ltd,10 Jul 2026,16:01:48,Colombo Head Office,Vehicle,CP CAE 9911,Mitsubishi Canter,DIESEL,67.85,Litres,311.31,21122.38,local fuel station,RCP-857784,cash,Dinesh Kumara,114147.0,,Very Hot,Increased deliveries,Consumption slightly higher due to very hot. 
FT-202607-00210,LankaTech Solutions (Pvt) Ltd,09-Jul-2026,20:57:39,Colombo Head Office,Vehicle,WP RAB 3842,Isuzu Elf,DIESEL,60.78,Litres,289.45,17592.77,Lanka Ioc,RCP-647231,Fuel Account,Chamath Jayasinghe,78005.0,,Very Hot,Inter-branch transfer,Additional fuel required due to increased activity.
FT-202607-00988,LankaTech Solutions (Pvt) Ltd,2026-07-03,15:17:47,Kurunegala Warehouse,Vehicle,WP KX 2345,Isuzu D-Max,diesel,86.04,Ltrs,285.97,24604.86,Lanka IOC,RCP-627341,Cash,Amal Fernando,27980.0,,Flooding,Routine operations,Month-end fuel requirement.
FT-202607-01463,LankaTech Solutions (Pvt) Ltd,2026/07/12,13:11:42,Colombo Head Office,Vehicle,CP CAE 9911,Mitsubishi Canter,diesel,60.78,LTR,331.01,20118.79,Ceypetco,RCP-986991,fuel_account,Dinesh Kumara,165643.0,,Rain,Emergency operations,Routine fuel purchase.
FT-202607-01121,LankaTech Solutions (Pvt) Ltd,31/07/2026,17:39:38,Kurunegala Warehouse,Vehicle,WP RAB 3842,Isuzu Elf,DiesEl,92.77,litres,306.76,28458.13,Local Fuel Station,RCP-106111,corporate credit,Kasun Fernando,24232.0,,Heavy Rain,INTER-BRANCH TRANSFER,Additional fuel required due to increased activity.
FT-202607-00843,LankaTech Solutions (Pvt) Ltd,18 Jul 2026,11:45:01,Colombo Head Office,Generator,GEN-CMB-01,Diesel Generator,diesel ,74.85,litres,316.8,23712.48,Lanka IOC,RCP-817692,FUEL CARD,Chamath Jayasinghe,,,Rain,Month-end deliveries,N/A
FT-202607-00485,LankaTech Solutions (Pvt) Ltd,20-Jul-2026,20:07:30,Galle Branch,Vehicle,CP CAE 9911,Mitsubishi Canter,DIESEL,99.1,LTR,334.12,33111.29,Lanka IOC,RCP-373202,,Amal Fernando,149085.0,,Flooding,Inter-branch transfer,Routine fuel purchase.
FT-202607-00387,LankaTech Solutions (Pvt) Ltd,12-07-2026,19:23:47,KURUNEGALA WAREHOUSE,Generator,GEN-KUR-01,Diesel Generator,diesel ,81.87,ltr,321.22,26298.28,Ceypetco,RCP-954480,company fuel card,,,13.7,Rain,Warehouse operations,Month-end fuel requirement.
FT-202607-00847,LankaTech Solutions (Pvt) Ltd,22/07/2026,17:48:22,Galle Branch,Vehicle,WP QK 6723,Honda Fit,petrol,13.96,LTR,333.51,4655.8,Lanka IOC,RCP-182558,Corporate Credit,Ruwan Bandara,133648.0,,Wet Roads,Month-end deliveries,Extra trip completed from Galle Branch.
FT-202607-01258,LankaTech Solutions (Pvt) Ltd,26-Jul-2026,07:34:38,Colombo head office,Generator,GEN-CMB-02,Diesel Generator,DiesEl,70.38,litres,296.64,20877.52,Local Fuel Station,RCP-366813,cash,Lahiru Senanayake,,10.9,Wet Roads,Routine operations,fuel receipt entered manually by admin.
FT-202607-01197,LankaTech Solutions (Pvt) Ltd,12-07-2026,09:07:15,Galle Branch,Vehicle,CP BDT 5521,Toyota TownAce, Diesel,22.54,litres,293.37,6612.56,Company Fuel Depot,RCP-501539,company fuel card,Kasun Fernando,66304.0,,Very Hot,Maintenance work,Emergency fuel top-up.
FT-202607-00017,LankaTech Solutions (Pvt) Ltd,27-Jul-2026,11:03:39,Kandy branch,Vehicle,SP CAB 7788,Toyota Hilux,DiesEl,87.68,Ltrs,300.93,26385.54,Lanka IOC,RCP-511228,company fuel card,Tharindu Silva,98327.0,,Flooding,Month-end deliveries,Vehicle refuelled before scheduled client visit.
FT-202607-00139,LANKATECH SOLUTIONS (PVT) LTD,11-Jul-2026,18:13:31,Colombo Head Office,Vehicle,CP CAE 9911,Mitsubishi Canter,Diesel,59.21,Litres,298.16,17654.05,Ceypetco,RCP-476301,Cash,Ruwan Bandara,65437.0,,Very Hot,Warehouse operations,Consumption slightly higher due to very hot.
FT-202607-00605,LankaTech Solutions (Pvt) Ltd,09/07/2026,15:02:39,Kurunegala Warehouse,Vehicle,WP CAB 4521,Toyota Hiace,DIESEL,38.37,litres,313.92,12045.11,Company Fuel Depot,RCP-662353,Fuel Account,Chamath Jayasinghe,115976.0,,Wet Roads,Inter-branch transfer,Month-end fuel requirement.
FT-202607-00632,LankaTech Solutions (Pvt) Ltd,2026/07/12,09:49:07,Kurunegala Warehouse,Vehicle,CP CAE 9911 ,Mitsubishi Canter, Diesel,71.67,LTR,315.33,22599.7,Lanka IOC,RCP-683684,Corporate Credit,Nimal Perera,148376.0,,Flooding,Month-end deliveries,Generator fuel top-up during month-end deliveries.
FT-202607-00786,LankaTech Solutions (Pvt) Ltd,2026/07/28,19:38:18,Galle branch,Vehicle,WP RAB 3842,Isuzu Elf, diesel ,137.99,liters,306.26,42260.82,Lanka IOC,RCP-692734,FUEL CARD,Nimal Perera,148235.0,,Flooding,Increased deliveries,Extra trip completed from Galle Branch.
FT-202607-00584,LankaTech Solutions (Pvt) Ltd,23-07-2026,18:52:35,Galle Branch,Vehicle,CP CAE 9911,Mitsubishi Canter,Diesel,71.01,liters,291.49,20698.7,Local Fuel Station,RCP-792295,,Pradeep  Kumar,155043.0,,Wet Roads,Emergency operations,trip extended
FT-202607-00371,LankaTech Solutions (Pvt) Ltd,23/07/2026,09:13:15,Colombo Head Office,Vehicle,CP BDT 5521,Toyota TownAce,DiesEl,32.78, liters ,316.59,10377.82,Company Fuel Depot,RCP-500910,Cash,Kasun Fernando,99462.0,,Normal,Warehouse operations, Extra trip completed from Colombo Head Office. 
FT-202607-00928,LankaTech Solutions (Pvt) Ltd,2026/07/07,14:56:59,Colombo Head Office,Vehicle,WP CAZ 9034,Suzuki Wagon R,Petrol,34.25,L,334.45,11454.91,Lanka IOC,RCP-635845,Company Fuel Card,Chamath Jayasinghe,28770.0,,Very Hot,Emergency operations,Refuelling completed at approved station.
FT-202607-00121,LankaTech Solutions (Pvt) Ltd,23-Jul-2026,14:45:03,Colombo Head Office,Vehicle,CP CAE 9911,Mitsubishi Canter,DiesEl,45.07,Ltrs,310.15,13978.46,Company Fuel Depot,RCP-600609,cash,Tharindu Silva,72972.0,,Rain,INTER-BRANCH TRANSFER,Extra trip completed from Colombo Head Office.
FT-202607-00141,LankaTech Solutions (Pvt) Ltd,15-Jul-2026,15:20:27,Kandy Branch,Vehicle,WP QK 6723,Honda Fit,petrol ,51.74,Ltrs,306.61,15864.0,Ceypetco,RCP-247215,FUEL CARD,Tharindu Silva,167396.0,,Flooding,Maintenance work,GENERATOR FUEL TOP-UP DURING MAINTENANCE WORK.
FT-202607-01262,LankaTech Solutions (Pvt) Ltd,2026-07-24,08:24:38,Colombo HO,Generator,GEN-CMB-01,Diesel Generator,Diesel,143.4,Litres,316.97,45453.5,Ceypetco,RCP-863349,cash,Nimal Perera,,16.4,Heavy Rain,Client site visits,Vehicle refuelled before scheduled client visit.
FT-202607-01092,LankaTech Solutions (Pvt) Ltd,2026/07/11,18:35:56,Kandy Branch,Generator,GEN-KDY-01,Diesel Generator,diesel,30.86,l,312.29,9637.27,Ceypetco,RCP-333975,Corporate Credit,Lahiru Senanayake,,3.9,Very Hot,Emergency operations, Routine fuel purchase. 
FT-202607-00071,LankaTech Solutions (Pvt) Ltd,2026/07/11,16:13:25,colombo head office,Vehicle,WP CAB 4521,Toyota Hiace,diesel ,54.8,ltr,314.35,17226.38,Company Fuel Depot,RCP-402085,Corporate Credit,Sahan Wijesinghe,53357.0,,Very Hot,Routine operations,Refuelling completed at approved station.
FT-202607-00544,LankaTech Solutions (Pvt) Ltd,2026-07-15,20:23:50,Colombo Head Office,Vehicle,WP CAA 7812,Toyota Prius, Petrol,18.84,Ltrs,303.08,5710.03,Ceypetco,RCP-420050,corporate credit,Tharindu Silva,64201.0,,Heavy Rain,Client site visits,Fuel purchased for operational requirement.
FT-202607-00320,LankaTech Solutions (Pvt) Ltd,22-Jul-2026,12:24:54,Kandy Branch,Generator,GEN-KDY-01,Diesel Generator,DIESEL,114.21,l,285.54,32611.52,Lanka IOC,RCP-115774,Company Fuel Card,Nimal Perera,,12.6,Rain,Emergency operations,generator fuel top-up during emergency operations.
FT-202607-00427,LankaTech Solutions (Pvt) Ltd,12-Jul-2026,13:31:32,Galle Branch,Generator,GEN-GAL-01,Diesel Generator, Diesel,90.3,liters,328.14,29631.04,Ceypetco,RCP-431594,Company Fuel Card,Chamath Jayasinghe,,13.2,Rain,Routine operations,Fuel purchased for operational requirement.
FT-202607-01162,LankaTech Solutions (Pvt) Ltd,2026/07/01,13:09:13,Kurunegala Warehouse,Vehicle,WP CAB 4521,Toyota Hiace,diesel ,69.72,Litres,303.19,21138.41,Lanka IOC,RCP-618449,FUEL CARD,Kasun Fernando,76123.0,,Wet Roads,Emergency operations,Consumption slightly higher due to wet roads.
FT-202607-01065,LankaTech Solutions (Pvt) Ltd,19-Jul-2026,07:21:37,Colombo Head Office,Vehicle,WP CAA 7812,Toyota Prius,petrol ,,litres,314.98,14271.74,Local Fuel Station,RCP-422194,Corporate Credit,Tharindu Silva,81764.0,,Normal,Inter-branch transfer,Routine fuel purchase.
FT-202607-00712,LankaTech Solutions (Pvt) Ltd,09 Jul 2026,18:23:04,Colombo Head Office,vehicle,WP CAZ 9034,Suzuki Wagon R,PetRol,58.17,LTR,317.28,18456.18,Ceypetco,RCP-282977,cash,Ruwan Bandara,73578.0,,Wet Roads,Emergency operations,regular petrol refill for suzuki wagon r.
FT-202607-00419,LankaTech Solutions (Pvt) Ltd,31/07/2026,18:18:17,Kandy Branch,Vehicle,WP QK 6723,Honda Fit,petrol ,26.69,Ltrs,301.44,8045.43,Ceypetco,RCP-588462,Corporate Credit,Nimal Perera,84361.0,,Rain,Maintenance work,Extra trip completed from Kandy Branch.
FT-202607-00654,LankaTech Solutions (Pvt) Ltd,2026/07/05,11:30:11,Kurunegala Warehouse,Vehicle,CP BDT 5521,Toyota TownAce,Diesel,23.56,ltr,329.34,7759.25,Company Fuel Depot,RCP-925464,Corporate Credit,Dinesh Kumara,96576.0,,,Inter-branch transfer, Additional fuel required due to increased activity. 
FT-202607-01128,LankaTech Solutions (Pvt) Ltd,20/07/2026,11:15:35,Colombo Head Office,Generator,GEN-CMB-01,Diesel Generator, Diesel,285.89,liters,294.53,84203.18,Ceypetco ,RCP-449443,FUEL CARD,Sahan Wijesinghe,,15.6,Flooding,Emergency operations,Consumption slightly higher due to flooding. Higher than normal usage reported.
FT-202607-00256,LankaTech Solutions (Pvt) Ltd,24-Jul-2026,15:30:36,Galle Branch,Vehicle,CP BDT 5521,Toyota TownAce,DiesEl,55.04,litres,286.94,15793.18,,RCP-196534,Fuel Card,Amal Fernando,62165.0,,Rain,Increased deliveries,Refuelling completed at approved station.
FT-202607-01274,Lankatech Solutions (Pvt) Ltd,23 Jul 2026,08:28:59,Galle Branch,Generator,GEN-GAL-01,Diesel Generator, Diesel,76.65,l,292.23,22399.43,Lanka IOC,RCP-558802,FUEL CARD,Lahiru Senanayake,,13.9,,Inter-branch transfer,Fuel purchased for operational requirement.
FT-202607-01222,LankaTech Solutions (Pvt) Ltd,03 Jul 2026,17:56:18,Kandy Branch,Vehicle,WP CBA 1198,Toyota Corolla,petrol ,43.02,l,298.85,12856.53,Local Fuel Station,RCP-516632,Corporate Credit,Chamath Jayasinghe,162600.0,,Rain,Maintenance work,routine fuel purchase.
FT-202607-01482,LankaTech Solutions (Pvt) Ltd,2026-07-07,07:23:28,Galle Branch,Vehicle,WP CAZ 9034,Suzuki Wagon R, Petrol,40.17,Ltrs ,342.36,13752.6,Ceypetco,RCP-763369,Corporate Credit,Nimal Perera,57315.0,,Heavy Rain,Routine operations,Regular petrol refill for Suzuki Wagon R.
FT-202607-00791,Lankatech Solutions (Pvt) Ltd,23/07/2026,13:24:25,Kurunegala Warehouse,Vehicle,WP QK 6723,Honda Fit,PetRol,39.73,litres,340.17,13514.95,Local Fuel Station,RCP-348007,cash,Chamath Jayasinghe,114039.0,,Heavy Rain,Client site visits,Vehicle refuelled before scheduled client visit.
FT-202607-01164,LankaTech Solutions (Pvt) Ltd,23/07/2026,19:31:03,Colombo Head Office,Generator,GEN-CMB-02,Diesel Generator,Diesel,58.69,l,332.36,19506.21,Local Fuel Station,RCP-727678,Cash, Tharindu Silva,,12.4,Very Hot,Warehouse operations,Generator fuel top-up during warehouse operations.
FT-202607-00013,LankaTech Solutions (Pvt) Ltd,16-Jul-2026,13:01:16,Colombo Head Office,Vehicle,CP CAE 9911,Mitsubishi Canter,diesel ,43.99,L,326.57,14365.81,Ceypetco,RCP-528521,corporate credit,Amal Fernando,43165.0,,Rain,MONTH-END DELIVERIES,Fuel purchased for operational requirement.
FT-202607-00576,LankaTech Solutions (Pvt) Ltd,23/07/2026,06:07:21,Galle Branch,Vehicle,WP CBA 1198,Toyota Corolla,petrol,30.47,l,330.6,10073.38,Lanka IOC,RCP-747190,Fuel Account,Lahiru Senanayake,109014.0,,Normal,Routine operations,Consumption slightly higher due to normal.
FT-202607-00050,LankaTech Solutions (Pvt) Ltd,22-Jul-2026,18:15:45,Galle Branch,VEHICLE,WP QK 6723,Honda Fit,PETROL,59.8,L ,330.32,19753.14,Local Fuel Station,RCP-339615,Corporate Credit,Dinesh Kumara,99513.0,,Heavy Rain,Maintenance work,fuel issued as per request.
FT-202607-01299,LankaTech Solutions (Pvt) Ltd,2026-07-11,10:51:09,Galle,Generator,GEN-GAL-01,Diesel Generator,DIESEL,13.76,ltr,320.76,4413.66,Ceypetco,RCP-112352,fuel_account,Tharindu Silva,,2.6,Normal,Warehouse operations,CONSUMPTION SLIGHTLY HIGHER DUE TO NORMAL.
FT-202607-00052,LankaTech Solutions (Pvt) Ltd,19/07/2026,10:19:54,Kandy Branch,Generator,GEN-KDY-01,Diesel Generator, Diesel,58.0,litres,327.04,18968.32,Ceypetco,RCP-147446,FUEL CARD,Nimal Perera,,9.9,Very Hot,Routine operations,Consumption slightly higher due to very hot.
FT-202607-00348,LankaTech Solutions (Pvt) Ltd,2026-07-29,10:52:12,Colombo Head Office,Vehicle,WP CAA 7812,Toyota Prius,PETROL,53.37,litres,307.48,16410.21,,RCP-758979,FUEL CARD,Sahan Wijesinghe,171279.0,,Flooding,Inter-branch transfer,Additional fuel required due to increased activity.
FT-202607-00002,LankaTech Solutions (Pvt) Ltd,2026/07/27,10:02:55,Kandy Branch,Vehicle,WP CBA 1198,Toyota Corolla,petrol,32.57,ltr,301.61,9823.44,Company Fuel Depot,RCP-653404,company fuel card,,130772.0,,Heavy Rain,Warehouse operations,fuel issued as per request.
FT-202607-01440,LankaTech Solutions (Pvt) Ltd,2026/07/08,19:28:52,Kurunegala Warehouse,Vehicle,WP CAZ 9034,Suzuki Wagon R, Petrol,25.94,Litres,304.37,7895.36,Local Fuel Station,RCP-277160,Company Fuel Card,Dinesh Kumara,162979.0,,Heavy Rain,Emergency operations,Fuel issued as per request.
FT-202607-01436,LankaTech Solutions (Pvt) Ltd,20-07-2026,10:36:42,Colombo Head Office,Vehicle,WP KX 2345,Isuzu D-Max,DIESEL,79.58,Ltrs,326.7,25998.79,Ceypetco,RCP-850645,FUEL CARD,Kasun Fernando,67723.0,,Flooding,Warehouse operations,additional fuel required due to increased activity.
FT-202607-00465,LankaTech Solutions (Pvt) Ltd,2026/07/05,10:02:41,Kurunegala Warehouse,Vehicle,WP CAZ 9034,Suzuki Wagon R,petrol ,46.35,ltr,343.92,15940.69,Local Fuel Station,RCP-201658,Cash,Dinesh Kumara,172584.0,,Wet Roads,Increased deliveries,Additional trip resulted in higher consumption.
FT-202607-00103,LankaTech Solutions (Pvt) Ltd,2026/07/14,10:27:49,Colombo Head Office,Generator,GEN-CMB-02,Diesel Generator,Diesel,54.47,L ,305.23,16625.88,Ceypetco,RCP-272515,fuel_account,Amal Fernando,,9.0,Wet Roads,Increased deliveries,Additional trip resulted in higher consumption.
FT-202607-00817,LankaTech Solutions (Pvt) Ltd,30/07/2026,07:41:36,Colombo Head Office,Vehicle,WP CAA 7812,Toyota Prius,PETROL,50.43,LTR,306.2,15441.67,Ceypetco,RCP-662551,company fuel card,Pradeep Kumar,124927.0,,Heavy Rain,Client site visits,Refuelling completed at approved station.
FT-202607-00113,LankaTech Solutions (Pvt) Ltd,26 Jul 2026,13:58:08,Colombo  Head  Office,Vehicle,WP CAA 7812,Toyota Prius,petrol,8.34,L ,316.32,2638.11,Company Fuel Depot,RCP-523360,FUEL CARD,Nimal Perera,29448.0,,Wet Roads,Warehouse operations,month-end fuel requirement.
FT-202607-00235,LankaTech Solutions (Pvt) Ltd,07-Jul-2026,11:05:12,Kandy Branch,Vehicle,WP RAB 3842,Isuzu Elf,DiesEl,52.9,litres,321.04,16983.02,Lanka IOC,RCP-226647,Cash,Lahiru Senanayake,142183.0,,Very Hot,Routine operations, Generator fuel top-up during routine operations. 
FT-202607-00771,LankaTech Solutions (Pvt) Ltd,2026-07-13,17:47:57,KANDY BRANCH,Vehicle,WP CAA 7812,Toyota Prius,petrol,30.97,ltr,333.94,10342.12,Ceypetco,RCP-471746,cash,Tharindu Silva ,171493.0,,Very Hot,Month-end deliveries,Regular petrol refill for Toyota Prius.
FT-202607-00355,LANKATECH SOLUTIONS (PVT) LTD,27/07/2026,18:43:05,Kurunegala Warehouse,Vehicle,CP BDT 5521,Toyota TownAce,diesel,66.96,L ,315.49,21125.21,Company Fuel Depot,RCP-527393,Cash,Pradeep Kumar,81603.0,,Rain,Month-end deliveries,Additional fuel required due to increased activity.
FT-202607-01233,LankaTech Solutions (Pvt) Ltd,13-07-2026,19:17:33,Colombo Head Office,Vehicle,WP KX 2345,Isuzu D-Max,diesel,34.05,Ltrs,306.98,10452.67,Company Fuel Depot,RCP-862703,,Sahan Wijesinghe,137520.0,,Heavy Rain,Routine operations,generator use
FT-202607-01028,LankaTech Solutions (Pvt) Ltd,28 Jul 2026,13:02:34,Colombo HO,Generator,GEN-CMB-02,Diesel Generator, Diesel,117.01,Ltrs,332.88,38950.29,Local Fuel Station,RCP-695386,Fuel Account,Nimal Perera,,14.9,Heavy Rain,Emergency operations,Extra trip completed from Colombo Head Office.
FT-202607-00893,LankaTech Solutions (Pvt) Ltd,13/07/26,17:40:32,Kurunegala Warehouse,Vehicle,WP QK 6723,Honda Fit,Petrol,31.52,LTR,302.86,9546.15,Lanka IOC,RCP-811636,Cash,Ruwan Bandara,87093.0,,Heavy Rain,Maintenance work, Additional trip resulted in higher consumption. 
FT-202607-00170,LankaTech Solutions (Pvt) Ltd,07-07-2026,09:37:00,Kandy Branch,Vehicle,WP RAB 3842,Isuzu Elf,DiesEl,66.47,liters,325.13,21611.39,Local Fuel Station,RCP-360462,FUEL CARD,Ruwan Bandara,56226.0,,Very Hot,Routine operations,Routine fuel purchase.
FT-202607-00432,LankaTech Solutions (Pvt) Ltd,05 Jul 2026,11:47:27,Colombo Head Office,Generator,GEN-CMB-01,Diesel Generator,DiesEl,64.43,ltr,324.7,20920.42,Company Fuel Depot,RCP-871221,company fuel card,Sahan Wijesinghe,,9.8,Flooding,Routine operations,Fuel purchased for operational requirement.
FT-202607-00490,LankaTech Solutions (Pvt) Ltd,08-07-2026,18:06:20,Colombo Head Office,Vehicle,WP CBA 1198,Toyota Corolla,PETROL,46.31,ltr,320.48,14841.43,Local Fuel Station,RCP-581797,fuel_account,Lahiru Senanayake,95304.0,,Rain,Month-end deliveries,Fuel purchased for operational requirement.
FT-202607-01488,LankaTech Solutions (Pvt) Ltd,20 Jul 2026,08:30:45,Colombo HQ,generator,GEN-CMB-02,Diesel Generator,diesel ,32.81,liters,331.77,10885.37,Ceypetco,RCP-911586,fuel_account,Sahan Wijesinghe,,6.4,Very Hot,Maintenance work,Fuel issued as per request.
FT-202607-00622,LankaTech Solutions (Pvt) Ltd,09/07/2026,10:37:13,Colombo Head Office,Vehicle,WP CAA 7812,Toyota Prius,PETROL,48.24,liters,298.14,14382.27,Ceypetco,RCP-912529,Cash,Dinesh Kumara,146259.0,,Normal,Increased deliveries,Fuel issued as per request.
FT-202607-00035,LankaTech Solutions (Pvt) Ltd,2026/07/21,10:06:23,Colombo  Head Office,Vehicle,CP BDT 5521,Toyota TownAce,DiesEl,62.97,Ltrs,320.48,20180.63,Company Fuel Depot,RCP-531313,corporate credit,Sahan Wijesinghe,126365.0,,Wet Roads,Inter-branch transfer,Additional fuel required due to increased activity.
FT-202607-01125,LankaTech Solutions (Pvt) Ltd,26 Jul 2026,17:01:56,Kurunegala Warehouse,Vehicle,WP QK 6723,Honda Fit,PETROL,59.43,litres,319.26,18973.62,Lanka IOC,RCP-901813,FUEL CARD,Sahan Wijesinghe,33788.0,,Heavy Rain,Client site visits,Consumption slightly higher due to heavy rain.
FT-202607-00904,LankaTech Solutions (Pvt) Ltd,2026/07/11,17:43:31,Kandy Branch,Generator,GEN-KDY-01,Diesel Generator, Diesel,60.28,L,308.58,18601.2,Local Fuel Station,RCP-130788,corporate credit,Sahan Wijesinghe,,11.4,Normal,Routine operations,VEHICLE REFUELLED BEFORE SCHEDULED CLIENT VISIT.
FT-202607-00662,LankaTech Solutions (Pvt) Ltd,2026/07/01,15:26:40,KANDY BRANCH,Vehicle,WP CAA 7812,Toyota Prius,Petrol,37.18,Ltrs,326.97,12156.74,Ceypetco,RCP-444261,fuel account,Pradeep Kumar,102453.0,,Heavy Rain,Client site visits,EXTRA TRIP COMPLETED FROM KANDY BRANCH.
FT-202607-01281,LankaTech Solutions (Pvt) Ltd,28/07/2026,19:25:27,Galle Branch,Vehicle,WP KX 2345,Isuzu D-Max,DIESEL,59.5,ltr,310.01,18445.6,Local Fuel Station,RCP-645931,fuel_account,Pradeep Kumar,92369.0,,Flooding,Client site visits,regular diesel refill for isuzu d-max.
FT-202607-01364,lankatechSolutions(Pvt)Ltd,23/07/2026,09:45:21,Kandy branch,Generator,GEN-KDY-01,Diesel Generator,diesel ,77.95,L ,286.92,22365.41,Lanka IOC,RCP-602948,cash,Dinesh Kumara,,11.3,Heavy Rain,Month-end deliveries,Additional trip resulted in higher consumption.
FT-202607-00998,lankatech solutions (pvt) ltd,19-07-2026,16:11:35,Colombo Head Office,Generator,GEN-CMB-02,Diesel Generator,DIESEL,39.2,ltr,290.11,11372.31,Local Fuel Station,RCP-711847,Company Fuel Card,Kasun Fernando,,6.7,Heavy Rain,Warehouse operations, Regular diesel refill for Diesel Generator. 
FT-202607-00306,LankaTech Solutions (Pvt) Ltd,2026/07/14,18:19:47,Colombo Head Office,Vehicle,WP KX 2345,Isuzu D-Max,Diesel,54.43,L,314.2,17101.91,Company Fuel Depot,RCP-595358,company fuel card,Chamath Jayasinghe,63752.0,,Heavy Rain,Warehouse operations,Regular diesel refill for Isuzu D-Max.
FT-202607-01157,LankaTech Solutions (Pvt) Ltd,2026-07-29,16:46:42,Colombo head office,Vehicle,WP KX 2345,Isuzu D-Max,DiesEl,56.77,Ltrs,322.22,18292.43,Ceypetco,,fuel_account,Ruwan Bandara,72643.0,,Normal,Warehouse operations,Generator fuel top-up during warehouse operations.
FT-202607-00339,LankaTech Solutions (Pvt) Ltd,17-07-2026,06:51:30,colomboHeadOffice,Vehicle,WP CAA 7812,Toyota Prius,Petrol,45.24,ltr,328.71,14870.84,Lanka IOC,RCP-634536,corporate credit,Tharindu Silva,188637.0,,Very Hot,Emergency operations,manual entry
FT-202607-00750,LankaTech Solutions (Pvt) Ltd,Jul 25 2026,12:22:06,Colombo Head Office,Vehicle,WP CBA 1198,Toyota Corolla,Petrol,16.89,Litres,297.05,5017.17,Local Fuel Station,RCP-846012,cash,Nimal Perera,30458.0,,Rain,Routine operations,routine fuel purchase.
FT-202607-01397,LankaTech Solutions (Pvt) Ltd,2026-07-17,12:15:43,Colombo HO,Vehicle,CP BDT 5521,Toyota TownAce,DIESEL,62.87,Ltrs,297.8,18722.69,Lanka IOC,RCP-133887,cash,Amal Fernando,106286.0,,Very Hot,Month-end deliveries,Refuelling completed at approved station.
FT-202607-01149,LankaTech Solutions (Pvt) Ltd,23/07/2026,11:56:52,Kandy Branch,Vehicle,SP CAB 7788,Toyota Hilux,Diesel,39.29,L ,320.01,12573.19,Company Fuel Depot,RCP-403713,Company Fuel Card,Ruwan Bandara ,106455.0,,Normal,Warehouse operations,ADDITIONAL TRIP RESULTED IN HIGHER CONSUMPTION.
FT-202607-01146,LankaTech Solutions (Pvt) Ltd,2026-07-26,13:59:45,Colombo Head Office ,Vehicle,WP CAZ 9034,Suzuki Wagon R,petrol,18.02,L ,307.25,5536.64,Lanka IOC,RCP-754427,Fuel Account,Tharindu Silva,83478.0,,Very Hot,Maintenance work, Additional fuel required due to increased activity. 
FT-202607-00428,LankaTech Solutions (Pvt) Ltd,2026/07/22,19:45:58,Galle Branch,Generator,GEN-GAL-01,Diesel Generator,diesel ,47.61,Ltrs,322.97,15376.6,Lanka IOC,RCP-563323,Company Fuel Card,Ruwan Bandara,,6.7,,Client site visits,Regular diesel refill for Diesel Generator.
FT-202607-01296,LankaTech Solutions (Pvt) Ltd,17 Jul 2026,13:16:04,galleBranch,Vehicle,CP BDT 5521,Toyota TownAce, Diesel,35.33,ltr,303.43,10720.18,Ceypetco,RCP-872841,Fuel Account,Lahiru Senanayake,33903.0,,Heavy Rain,Emergency operations,Fuel receipt entered manually by admin.
FT-202607-01013,LankaTech Solutions (Pvt) Ltd,10-Jul-2026,12:03:23,colombo head office,Vehicle,CP BDT 5521,Toyota TownAce, Diesel,53.5,litres,296.75,15876.12,Lanka Ioc,RCP-391102,corporate credit,Lahiru Senanayake,155541.0,,Normal,MONTH-END DELIVERIES,Fuel issued for month-end deliveries.
FT-202607-00776,LankaTech Solutions (Pvt) Ltd,14/07/2026,14:45:30,kandyBranch,Vehicle,WP KX 2345 ,Isuzu D-Max,diesel,86.76,L ,316.85,27489.91,Ceypetco,RCP-411362,Corporate Credit,Lahiru Senanayake,173721.0,,Normal,Warehouse operations,Refuelling completed at approved station.
FT-202607-01211,LankaTech Solutions (Pvt) Ltd,2026-07-26,19:38:37,KURUNEGALA WAREHOUSE,Vehicle,CP BDT 5521,Toyota TownAce,diesel ,32.6,litres,309.38,10085.79,Local Fuel Station,RCP-317075,Company Fuel Card,Tharindu Silva,24632.0,,Very Hot,Emergency operations,Extra trip completed from Kurunegala Warehouse.
FT-202607-01093,LankaTech Solutions (Pvt) Ltd,11-Jul-2026,14:31:37,Colombo  Head Office,Generator,GEN-CMB-01,Diesel Generator, Diesel,64.51,Litres,327.51,21127.67,LANKA IOC,RCP-453880,Corporate Credit,Ruwan Bandara,,9.5,Normal,Emergency operations,Regular diesel refill for Diesel Generator.
FT-202607-01129,LankaTech Solutions (Pvt) Ltd,31/07/2026,13:45:52,Galle Branch,Vehicle,CP BDT 5521,Toyota TownAce,diesel ,73.19,litres,309.35,22641.33,companyFuelDepot,RCP-886325,company fuel card,Amal Fernando,154637.0,,Flooding,Warehouse operations,fuel receipt entered manually by admin.
FT-202607-00285,LankaTech Solutions (Pvt) Ltd,26-Jul-2026,20:48:47,Colombo Head Office,Vehicle,WP CAB 4521,Toyota Hiace,DiesEl,67.49,L,331.8,22393.18,Local Fuel Station,RCP-860917,cash,Dinesh Kumara,176678.0,,Flooding,Inter-branch transfer,vehicle refuelled before scheduled client visit.
FT-202607-00580,LankaTech Solutions (Pvt) Ltd,2026/07/03,12:28:31,kurunegalaWarehouse,Vehicle,CP BDT 5521,Toyota TownAce,DIESEL,54.49,L ,334.55,18229.63,Ceypetco,RCP-883233,corporate credit,Lahiru Senanayake,94050.0,,Normal,Client site visits,Regular diesel refill for Toyota TownAce.
FT-202607-00423,LankaTech Solutions (Pvt) Ltd,2026-07-27,13:50:30,Galle Branch,Vehicle,WP CAB 4521,Toyota Hiace,DiesEl,61.84,LTR,293.89,18174.16,Company Fuel Depot,RCP-996869,corporate credit,Chamath Jayasinghe,143522.0,,Very Hot,Inter-branch transfer,Fuel issued for inter-branch transfer. Higher than normal usage reported.
FT-202607-01189,LankaTech Solutions (Pvt) Ltd,02/07/2026,20:56:18,Kurunegala Warehouse,Generator,GEN-KUR-01,Diesel Generator, Diesel,94.9,litres,324.06,30753.29,Lanka IOC,,Fuel Account,Amal Fernando,,13.9,Flooding,Maintenance work, Generator fuel top-up during maintenance work. 
FT-202607-00625,LankaTech Solutions (Pvt) Ltd,2026-07-05,10:23:44,Colombo Head Office,Vehicle,CP CAE 9911,Mitsubishi Canter, Diesel,60.42,Litres ,303.54,18339.89,Lanka IOC,RCP-630018,Fuel Account,Dinesh Kumara,37469.0,,Flooding,Increased deliveries,fuel receipt entered manually by admin.
FT-202607-00361,LankaTech Solutions (Pvt) Ltd,2026-07-14,11:56:06,Colombo Head Office,Vehicle,WP CAA 7812,Toyota Prius,petrol,32.78,l,344.88,11305.17,Company Fuel Depot,RCP-210090,fuel_account,Kasun Fernando,,,Rain,Warehouse operations, additional trip resulted in higher consumption. 
FT-202607-00478,LankaTech Solutions (Pvt) Ltd,02 Jul 2026,07:14:09,Kandy,Vehicle,WP CAZ 9034,Suzuki Wagon R, Petrol,43.86,liters,318.52,13970.29,Local Fuel Station,RCP-147617,Corporate Credit,Nimal Perera,72890.0,,Heavy Rain,Maintenance work,Additional trip resulted in higher consumption.
FT-202607-00377,LankaTech Solutions (Pvt) Ltd,2026/07/08,07:54:46,Colombo Head Office,VEHICLE,CP CAE 9911,Mitsubishi Canter, Diesel,28.11,litres,285.25,8018.38,Company Fuel Depot,RCP-137043,company fuel card,Kasun Fernando,80670.0,,Rain,Routine operations,emergency fuel top-up.
FT-202607-00761,LankaTech Solutions (Pvt) Ltd,2026/07/22,11:22:07,Colombo Head Office,Vehicle,WP CAA 7812,Toyota Prius,petrol,53.32,l ,335.2,17872.86,Ceypetco,RCP-670703,Company Fuel Card,Pradeep Kumar,117799.0,,Rain,Emergency operations, Emergency fuel top-up. 
FT-202607-00198,LankaTech Solutions (Pvt) Ltd,02-07-2026,07:00:19,Colombo HQ,Vehicle,WP CAZ 9034,Suzuki Wagon R,petrol ,48.11,LTR,329.96,15874.38,Company Fuel Depot,RCP-620255,FUEL CARD,Nimal Perera,112989.0,,Very Hot,monthEndDeliveries,generator use
FT-202607-00142,LankaTech Solutions (Pvt) Ltd,16/07/2026,15:15:47,Kurunegala Warehouse,Vehicle,SP CAB 7788,Toyota Hilux, Diesel,57.44,litres,307.94,17688.07,Local Fuel Station,RCP-475221,Company Fuel Card,Chamath Jayasinghe,57350.0,,Rain,Emergency operations,Emergency fuel top-up.
FT-202607-01434,LankaTech Solutions (Pvt) Ltd,2026-07-23,12:37:08,Kandy Branch,Generator,GEN-KDY-01,Diesel Generator,diesel ,49.67,Ltrs,327.16,16250.04,Lanka IOC,RCP-158267,company fuel card,Sahan Wijesinghe,,8.6,Very Hot,Client site visits,Refuelling completed at approved station.
FT-202607-00022,LankaTech Solutions (Pvt) Ltd,2026/07/03,10:57:47,Colombo  Head Office,Vehicle,CP BDT 5521,Toyota TownAce, Diesel,57.98,L ,298.97,17334.28,Lanka IOC,RCP-162138,Fuel Account,Lahiru Senanayake,94250.0,,Heavy Rain,Emergency operations, Extra trip completed from Colombo Head Office. 
FT-202607-00918,LankaTech Solutions (Pvt) Ltd,2026/07/18,07:42:47,Galle Branch,Generator,GEN-GAL-01,Diesel Generator, Diesel,39.65,Litres,330.6,13108.29,Local Fuel Station,RCP-448592,company fuel card,Tharindu Silva,,8.0,Normal,Client site visits,Additional fuel required due to increased activity.
FT-202607-01219,LankaTech Solutions (Pvt) Ltd,31-07-2026,15:41:11,Kandy Branch,Vehicle,WP CAZ 9034,Suzuki Wagon R,PETROL,32.26,litres,325.16,10489.66,company fuel depot,RCP-789035,company fuel card,Dinesh Kumara,182828.0,,Wet Roads,Client site visits,ADDITIONAL TRIP RESULTED IN HIGHER CONSUMPTION.
FT-202607-00643,LankaTech Solutions (Pvt) Ltd,2026/07/06,20:05:06,Colombo Head Office,Vehicle,WP CBA 1198,Toyota Corolla,petrol ,41.46,Litres,322.25,13360.49,Local Fuel Station,RCP-215387,Fuel Account,Tharindu Silva,31379.0,,Rain,Increased deliveries,Fuel purchased for operational requirement.
FT-202607-00692,LankaTech Solutions (Pvt) Ltd,2026-07-29,09:04:39,Colombo Head Office,Vehicle,WP CAZ 9034,Suzuki Wagon R,petrol ,19.11,L ,304.57,5820.33,Ceypetco,RCP-596825,CASH,Chamath Jayasinghe,180137.0,,Very Hot,Maintenance work,Extra trip completed from Colombo Head Office.
FT-202607-00364,LankaTech Solutions (Pvt) Ltd,31 Jul 2026,13:47:52,Colombo HO,GENERATOR,GEN-CMB-01,Diesel Generator,diesel ,74.49,Litres,320.1,23844.25,Lanka IOC,RCP-756214,corporate credit,Chamath Jayasinghe,,7.3,Heavy Rain,Emergency operations,Generator fuel top-up during emergency operations.
FT-202607-00354,LankaTech Solutions (Pvt) Ltd,18 Jul 2026,20:07:46,COLOMBO HEAD OFFICE,Vehicle,WP QK 6723,Honda Fit,PetRol,38.72,ltr,313.6,12142.59,Company Fuel Depot,RCP-986173,Corporate Credit,Tharindu Silva,28011.0,,Normal,Month-end deliveries,Fuel issued for month-end deliveries.
FT-202607-00310,LankaTech Solutions (Pvt) Ltd,2026/07/09,12:31:12,colombo head office,Vehicle,WP CBA 1198,Toyota Corolla,Petrol,40.25,Litres,319.16,12846.19,Local  Fuel  Station,RCP-574405,cash,Amal Fernando,59447.0,,Very Hot,Emergency operations,fuel issued for emergency operations.
FT-202607-00149,LankaTech Solutions (Pvt) Ltd,2026-07-10,14:10:41,Kurunegala Warehouse,Vehicle,CP CAE 9911,Mitsubishi Canter,diesel,41.24,L,324.32,13374.96,Lanka IOC,RCP-151306,Cash,Nimal Perera,128698.0,,Normal,Maintenance work,fuel receipt entered manually by admin. Higher than normal usage reported.
FT-202607-00260,LankaTech Solutions (Pvt) Ltd,18-Jul-2026,10:19:34,Colombo Head Office,Vehicle,WP CBA 1198,Toyota Corolla,PETROL,12.7,litres,327.48,4159.0,Lanka IOC,RCP-251329,company fuel card,Sahan Wijesinghe,169601.0,,Heavy Rain,Client site visits,Fuel issued for client site visits.
FT-202607-00323,LankaTech Solutions (Pvt) Ltd,29-07-2026,08:29:54,Kurunegala  Warehouse,Vehicle,WP RAB 3842,Isuzu Elf, DIESEL,85.21,Litres,287.65,24510.66,Lanka IOC,RCP-516939,company fuel card,Chamath Jayasinghe,54147.0,,Wet Roads,Client site visits,ROUTINE FUEL PURCHASE.
FT-202607-00996,LankaTech Solutions (Pvt) Ltd,07/07/2026,09:51:24,Kurunegala Warehouse,Vehicle,SP CAB 7788,Toyota Hilux,diesel ,66.64,Litres,332.5,22157.8,Ceypetco,RCP-515491,cash,Amal Fernando,150838.0,,Rain,Increased deliveries,additional trip resulted in higher consumption.
FT-202607-00792,LankaTech Solutions (Pvt) Ltd,2026-07-20,07:57:23,Colombo Head Office,Generator,GEN-CMB-01,Diesel Generator, Diesel,49.73,l,305.34,15184.56,Lanka IOC,RCP-848625,Corporate Credit,Amal Fernando,,9.6,Very Hot,Inter-branch transfer,see receipt
FT-202607-00109,lankatechSolutions(Pvt)Ltd,09/07/2026,15:00:24,Kandy Branch,Vehicle,WP CBA 1198,Toyota Corolla,petrol,28.12,ltr,305.11,8579.69,,RCP-617227,Cash,Amal Fernando,95726.0,,Wet Roads,Warehouse operations,regular petrol refill for toyota corolla.
FT-202607-00610,LankaTech Solutions (Pvt) Ltd,14/07/2026,19:10:26,Kandy Branch,Vehicle,WP CAA 7812,Toyota Prius,petrol,37.93,Litres,318.92,12096.64,Lanka IOC,RCP-524863,fuel_account,Kasun Fernando,183025.0,,Heavy Rain,Maintenance work, Additional trip resulted in higher consumption. 
FT-202607-00715,lankatechSolutions(Pvt)Ltd,09-Jul-2026,08:02:36,Colombo Head Office,Vehicle,WP RAB 3842,Isuzu Elf,Diesel,30.55,l,323.9,9895.15,Ceypetco,RCP-730134,Corporate Credit,Chamath Jayasinghe,178360.0,,Very Hot,Inter-branch transfer,N/A
FT-202607-00267,LankaTech Solutions (Pvt) Ltd,2026/07/07,20:47:34,Kurunegala Warehouse,Vehicle,WP QK 6723,Honda Fit,PetRol,47.9,litres,331.86,15896.09,Local Fuel Station,RCP-244424,cash,Ruwan Bandara,171932.0,,Wet Roads,Maintenance work,fuel purchased for operational requirement.
FT-202607-01224,LankaTech Solutions (Pvt) Ltd,2026/07/01,14:24:16,Colombo Head Office,Vehicle,WP CAB 4521,Toyota Hiace,DiesEl,81.14,Ltrs,298.23,24198.38,Local Fuel Station,RCP-984962,Company Fuel Card,Dinesh Kumara,18982.0,,Normal,Month-end deliveries,Generator fuel top-up during month-end deliveries.
FT-202607-00598,LankaTech Solutions (Pvt) Ltd,2026/07/29,08:08:52,Colombo Head Office,Vehicle,WP RAB 3842,Isuzu Elf,diesel,24.12,Ltrs,308.67,7445.12,lanka ioc,RCP-642489,corporate credit,Chamath Jayasinghe,186742.0,,Heavy Rain,Warehouse operations,Generator fuel top-up during warehouse operations.
FT-202607-01363,LankaTech Solutions (Pvt) Ltd,08-07-2026,20:52:25,Galle Branch,Vehicle,CP BDT 5521,Toyota TownAce,diesel ,74.59,litres,290.96,21702.71,Company Fuel Depot,RCP-380860,Corporate Credit,Dinesh Kumara,53302.0,,Rain,Warehouse operations, consumption slightly higher due to rain. 
FT-202607-00939,LankaTech Solutions (Pvt) Ltd,08-07-2026,08:12:30,COLOMBO HEAD OFFICE,Vehicle,CP BDT 5521,Toyota TownAce,diesel ,38.67,L ,313.61,12127.3,Local Fuel Station,RCP-303632,FUEL CARD,Chamath Jayasinghe,104159.0,,Rain,,Additional fuel required due to increased activity. 
FT-202607-01025,LankaTech Solutions (Pvt) Ltd,04-Jul-2026,17:40:49,Kandy Branch,Vehicle,WP CAB 4521,Toyota Hiace, Diesel,34.83,Litres,328.09,11427.37,Company Fuel Depot,RCP-782734,Company Fuel Card,Kasun Fernando,81639.0,,Very Hot,,Refuelling completed at approved station.
FT-202607-00176,LankaTech Solutions (Pvt) Ltd,27-Jul-2026,11:33:50,Galle Branch,Generator,GEN-GAL-01,Diesel Generator,Diesel,99.46,Ltrs,314.43,31273.21,Local Fuel Station,RCP-962031,Company Fuel Card,Amal Fernando,,,Wet Roads,Month-end deliveries,Month-end fuel requirement.
FT-202607-01020,LankaTech Solutions (Pvt) Ltd,2026-07-22,10:11:35,Kurunegala WH,Vehicle,WP CBA 1198,Toyota Corolla,petrol ,38.99,liters,335.48,13080.37,Lanka IOC,RCP-687761,Company Fuel Card,Kasun Fernando,74297.0,,Very Hot,Month-end deliveries,Refuelling completed at approved station.
FT-202607-01098,LankaTech Solutions (Pvt) Ltd,01-07-2026,18:21:12,Colombo Head Office,Generator,GEN-CMB-02,Diesel Generator, Diesel,130.45,L,333.99,43569.0,Local Fuel Station,RCP-387205,Corporate Credit,Amal Fernando,,17.0,Heavy Rain,Increased deliveries,Fuel issued for increased deliveries.
FT-202607-01236,LankaTech Solutions (Pvt) Ltd,2026-07-28,06:49:29,Colombo Head Office,VEHICLE,WP CAB 4521,Toyota Hiace,DIESEL,70.9,LTR,292.46,20735.41,Local Fuel Station,RCP-648116,Fuel Account,Lahiru Senanayake,177358.0,,Very Hot,Maintenance work,Vehicle refuelled before scheduled client visit.
FT-202607-01007,LankaTech Solutions (Pvt) Ltd,25 Jul 2026,11:55:39,galleBranch,Vehicle,WP CAZ 9034,Suzuki Wagon R,Petrol,38.93,litres,324.96,12650.69,Company Fuel Depot,,corporate credit,Lahiru Senanayake,148428.0,,Very Hot,Warehouse operations,Generator fuel top-up during warehouse operations.
FT-202607-00136,LankaTech Solutions (Pvt) Ltd,2026/07/06,06:33:44, Colombo Head Office,Vehicle,WP QK 6723,Honda Fit,PetRol,20.42,l,297.91,6083.32,Ceypetco,,corporate credit,Ruwan Bandara,186475.0,,,Routine operations,Routine fuel purchase.
FT-202607-00521,LankaTech Solutions (Pvt) Ltd,26-Jul-2026,15:41:29,COLOMBO HEAD OFFICE,Vehicle,CP CAE 9911,Mitsubishi Canter,DiesEl,24.16,LTR,306.45,7403.83,CEYPETCO,RCP-714919,Cash,Kasun Fernando,79262.0,,Flooding,Month-end deliveries,fuel issued for month-end deliveries.
FT-202607-01246,LankaTech Solutions (Pvt) Ltd,2026/07/15,18:37:46,Kurunegala Warehouse,Vehicle,WP  CAZ  9034,Suzuki Wagon R,PETROL,38.17,LTR,313.37,11961.33,Company Fuel Depot,RCP-621708,Corporate Credit,Nimal Perera,155253.0,,Normal,Emergency operations,
FT-202607-00262,LankaTech Solutions (Pvt) Ltd,2026-07-22,15:34:37,Galle Branch ,Vehicle,WP KX 2345,Isuzu D-Max, Diesel,69.85,L,326.68,22818.6,Lanka IOC,RCP-422645,Corporate Credit,Kasun Fernando,78142.0,,Very Hot,Inter-branch transfer,Regular diesel refill for Isuzu D-Max.
FT-202607-00558,LankaTech Solutions (Pvt) Ltd,28-07-2026,07:44:55, Galle Branch,Generator,GEN-GAL-01,Diesel Generator, Diesel,114.49,L,331.49,37952.29,Lanka IOC,RCP-452683,corporate credit,Sahan Wijesinghe,,17.2,Very Hot,Routine operations,ADDITIONAL FUEL REQUIRED DUE TO INCREASED ACTIVITY.
FT-202607-00623,LankaTech Solutions (Pvt) Ltd,30/07/2026,17:40:31,Kandy Branch,Vehicle,CP BDT 5521,Toyota TownAce,DiesEl,59.8,LTR,331.63,19831.47,Lanka IOC,RCP-611105,cash,Nimal Perera,37381.0,,Heavy Rain,Emergency operations,GENERATOR FUEL TOP-UP DURING EMERGENCY OPERATIONS.
FT-202607-01478,LankaTech Solutions (Pvt) Ltd,28/07/2026,07:29:40,Kandy Branch,Vehicle,WP QK 6723,Honda Fit,petrol,12.76,ltr,321.5,4102.34,,RCP-477576,Fuel Account,Lahiru Senanayake,177993.0,,Rain,Month-end deliveries,Fuel issued for month-end deliveries.
FT-202607-01390,LankaTech Solutions (Pvt) Ltd,2026/07/08,12:34:53,galleBranch,Vehicle,WP CAZ 9034,Suzuki Wagon R,Petrol,42.46,ltr,314.98,13374.05,Local Fuel Station,RCP-552315,company fuel card,Kasun Fernando,164846.0,,Heavy Rain,Client site visits,vehicle refuelled before scheduled client visit.
FT-202607-01242,LankaTech Solutions (Pvt) Ltd,16-07-2026,18:04:36,Kandy Branch,Vehicle,WP KX 2345,Isuzu D-Max,Diesel,76.76,ltr,312.39,23979.06,Company Fuel Depot,RCP-156486,cash,Sahan Wijesinghe,40495.0,,Heavy Rain,Inter-branch transfer,ADDITIONAL TRIP RESULTED IN HIGHER CONSUMPTION.
FT-202607-01026,LankaTech Solutions (Pvt) Ltd,2026-07-05,12:57:39,Kandy Branch,Vehicle,WP CAA 7812,Toyota Prius,PetRol,25.27,L ,305.13,7710.64,Lanka IOC,RCP-614301,Fuel Account,Dinesh Kumara,185363.0,,Heavy Rain,Emergency operations, Fuel issued as per request. 
FT-202607-00738,LankaTech Solutions (Pvt) Ltd,2026/07/11,16:53:27,Kurunegala WH,Vehicle,SP CAB 7788,Toyota Hilux,diesel ,74.08,litres,287.08,21266.89,Local Fuel Station,RCP-393614,company fuel card,Kasun Fernando,142402.0,,Heavy Rain,Inter-branch transfer,Vehicle refuelled before scheduled client visit.
FT-202607-01225,LankaTech Solutions (Pvt) Ltd,2026/07/31,06:10:24,Colombo Head Office,Generator,GEN-CMB-01,Diesel Generator, Diesel,173.14,liters,287.83,49834.89,Ceypetco,RCP-115502,Company Fuel Card,Dinesh Kumara,,14.5,Flooding,Emergency operations,routine fuel purchase.
FT-202607-01428,LankaTech Solutions (Pvt) Ltd,31-Jul-2026,08:27:53,Colombo Head Office,Generator,GEN-CMB-01,Diesel Generator, Diesel,67.01,L,296.61,19875.84,,RCP-501278,Fuel Account,Ruwan Bandara,,12.9,Very Hot,Increased deliveries,Fuel issued as per request.
FT-202607-01419,Lankatech Solutions (Pvt) Ltd,28 Jul 2026,10:20:26,Colombo Head Office,Vehicle,WP QK 6723,Honda Fit,petrol,24.96,Ltrs,343.23,8567.02,Ceypetco,RCP-356086,Corporate Credit,Sahan Wijesinghe,178266.0,,Rain,Warehouse operations, Fuel issued for warehouse operations. 
FT-202607-00204,LankaTech Solutions (Pvt) Ltd,2026-07-01,11:43:00,Colombo Head Office,Vehicle,WP CAB 4521,Toyota Hiace,DiesEl,67.99,LTR,331.07,22509.45,Company Fuel Depot,RCP-263841,Corporate Credit,Lahiru Senanayake,87449.0,,Wet Roads,Client site visits, Generator fuel top-up during client site visits. 
FT-202607-01177,LankaTech Solutions (Pvt) Ltd,09-Jul-2026,15:36:28,Kandy Branch,Vehicle,WP CAB 4521,Toyota Hiace,diesel ,62.88,LTR,300.86,18918.08,Company Fuel Depot,RCP-780609,company fuel card,Kasun Fernando,187857.0,,Normal,Client site visits,Refuelling completed at approved station.
FT-202607-00796,LankaTech Solutions (Pvt) Ltd,06 Jul 2026,07:52:41,Kandy Branch,Vehicle,WP CAZ 9034,Suzuki Wagon R,petrol ,37.47,Ltrs,344.84,12921.15,Company Fuel Depot,RCP-116996,Cash,Chamath Jayasinghe,30355.0,,Rain,Routine operations,Extra trip completed from Kandy Branch.
FT-202607-00644,LankaTech Solutions (Pvt) Ltd,21/07/2026,20:28:03,Colombo Head Office,Vehicle,CP BDT 5521,Toyota TownAce,DiesEl,59.05,liters,309.13,18254.13,Company Fuel Depot,RCP-318623,corporate credit,Sahan Wijesinghe,26907.0,,Wet Roads,MONTH-END DELIVERIES,Fuel receipt entered manually by admin.
FT-202607-00399,LankaTech Solutions (Pvt) Ltd,05-07-2026,13:44:33,Kurunegala Warehouse,Vehicle,WP CAZ 9034,Suzuki Wagon R,Petrol,37.47,Ltrs,314.54,11785.81,Local Fuel Station,RCP-216445,Fuel Account,Chamath Jayasinghe,114330.0,,Very Hot,Month-end deliveries, Refuelling completed at approved station. 
FT-202607-00863,LankaTech Solutions (Pvt) Ltd,17 Jul 2026,18:25:21,Colombo Head Office,Vehicle,WP CAB 4521,Toyota Hiace,DIESEL,37.6,ltr,330.12,12412.51,,RCP-806697,company fuel card,Dinesh Kumara,128466.0,,Rain,Routine operations,Emergency fuel top-up.
FT-202607-00253,LankaTech Solutions (Pvt) Ltd,2026/07/01,11:09:25,Kurunegala Warehouse,Vehicle,CP CAE 9911,Mitsubishi Canter, Diesel,78.91,L,327.96,25879.32,Ceypetco,,cash,Dinesh Kumara,62855.0,,Wet Roads,Month-end deliveries,ROUTINE FUEL PURCHASE.
FT-202607-00827,LankaTech Solutions (Pvt) Ltd,2026/07/04,17:29:58,Kandy Branch,Vehicle,CP CAE 9911,Mitsubishi Canter,Diesel,50.22,Ltrs,314.04,15771.09,Lanka IOC,RCP-423830,FUEL CARD,Chamath Jayasinghe,130884.0,,Wet Roads,Month-end deliveries,Emergency fuel top-up.
FT-202607-00616,LankaTech Solutions (Pvt) Ltd,16-Jul-2026,14:36:37,Colombo Head Office,Vehicle,CP CAE 9911,Mitsubishi Canter,diesel,85.82,liters,328.31,28175.56,,RCP-252900,company fuel card,Amal Fernando,29327.0,,Heavy Rain,Increased deliveries,Fuel purchased for operational requirement.
FT-202607-00844,LankaTech Solutions (Pvt) Ltd,15/07/2026,17:38:21,Kurunegala Warehouse,Vehicle,CP CAE 9911,Mitsubishi Canter,diesel ,65.13,LTR,307.97,20058.09, Ceypetco,RCP-166496,Corporate Credit,Ruwan Bandara,123348.0,,Heavy Rain,Emergency operations,Refuelling completed at approved station.
FT-202607-00905,LankaTech Solutions (Pvt) Ltd,14/07/2026,20:12:48,Colombo Head Office,Vehicle,WP KX 2345,Isuzu D-Max,Diesel,45.36,liters,321.71,14592.77,Local Fuel Station,RCP-987133,Corporate Credit,Chamath Jayasinghe,39046.0,,Normal,Routine operations,Extra trip completed from Colombo Head Office.
FT-202607-00299,LankaTech Solutions (Pvt) Ltd,2026-07-18,15:09:57,Galle Branch,Vehicle,WP RAB 3842,Isuzu Elf,DiesEl,102.61,L,334.35,34307.65,Ceypetco,RCP-633421,Fuel Account,Nimal Perera,63558.0,,Wet Roads,Inter-branch transfer,Regular diesel refill for Isuzu Elf.
FT-202607-00511,LankaTech Solutions (Pvt) Ltd,24-07-2026,09:47:00,Colombo Head Office,Vehicle,WP CAZ 9034,Suzuki Wagon R,Petrol,32.71,LTR,336.82,11017.38,,RCP-777302,fuel_account,Kasun Fernando,21847.0,,Normal,Routine operations,Additional fuel required due to increased activity.
FT-202607-00535,LankaTech Solutions (Pvt) Ltd,2026-07-04,18:18:15,Kandy Branch,Vehicle,WP CAA 7812,Toyota Prius,PetRol,36.5,liters,309.98,11314.27,Local Fuel Station,RCP-405270,Cash,Sahan Wijesinghe,120016.0,,Rain,Month-end deliveries,Regular petrol refill for Toyota Prius.
FT-202607-01315,LankaTech Solutions (Pvt) Ltd,19-Jul-2026,16:55:34,Colombo Head Office,Vehicle,WP KX 2345,Isuzu D-Max,diesel,70.31,ltr,329.65,23177.69,Ceypetco,RCP-311047,Company Fuel Card,Ruwan Bandara,176932.0,,Rain,Month-end deliveries,REFUELLING COMPLETED AT APPROVED STATION.
FT-202607-00879,LankaTech Solutions (Pvt) Ltd,2026-07-25,14:48:19,Kandy Branch,GENERATOR,GEN-KDY-01,Diesel Generator,DIESEL,48.77,litres,332.44,16213.1,Local Fuel Station,RCP-273860,Company Fuel Card,Lahiru Senanayake,,8.5,Normal,Inter-branch transfer, Extra trip completed from Kandy Branch. 
FT-202607-01316,LankaTech Solutions (Pvt) Ltd,04/07/2026,14:46:11,Galle Branch,Vehicle,WP KX 2345,Isuzu D-Max,DiesEl,113.17,LTR,326.04,36897.95,Lanka IOC,RCP-454307,Corporate Credit,Chamath Jayasinghe,177724.0,,Wet Roads,Warehouse operations,generator use Higher than normal usage reported.
FT-202607-00906,LankaTech Solutions (Pvt) Ltd,25 Jul 2026,11:19:43,Colombo HQ,Vehicle,WP KX 2345,Isuzu D-Max, Diesel,69.25,L ,290.62,20125.44,Local Fuel Station,RCP-898595,Fuel Account,Lahiru Senanayake,43761.0,,Heavy Rain,Month-end deliveries, Extra trip completed from Colombo Head Office. 
FT-202607-00265,LankaTech Solutions (Pvt) Ltd,2026-07-19,08:12:42,Galle,Vehicle,WP RAB 3842,Isuzu Elf,diesel,74.25,Litres,331.4,24606.45,Local Fuel Station,RCP-679060,FUEL CARD,Sahan Wijesinghe,157290.0,,Flooding,Inter-branch transfer,Generator fuel top-up during inter-branch transfer.
FT-202607-00273,LankaTech Solutions (Pvt) Ltd,28-Jul-2026,14:31:55,Colombo Head Office,Vehicle,WP CAZ 9034,Suzuki Wagon R,petrol ,16.55,ltr,343.7,5688.23,Ceypetco,RCP-707284,corporate credit,Kasun Fernando,48525.0,,Rain,Emergency operations, Additional fuel required due to increased activity. 
FT-202607-00248,LankaTech Solutions (Pvt) Ltd,2026-07-27,08:46:08,colombo head office,Vehicle,WP QK 6723,Honda Fit, Petrol,10.75,LTR,308.07,3311.75,Ceypetco,RCP-522011,Corporate Credit,Kasun Fernando,165212.0,,Rain,Warehouse operations,Fuel issued as per request.
FT-202607-00698,LankaTech Solutions (Pvt) Ltd,07-Jul-2026,14:26:29,Colombo Head Office,Vehicle,WP CAZ 9034,Suzuki Wagon R,petrol ,21.6,L,337.85,7297.56,Lanka IOC,RCP-537089,company fuel card,Tharindu Silva,49684.0,,Heavy Rain,Warehouse operations,Refuelling completed at approved station.
FT-202607-01157,LankaTech Solutions (Pvt) Ltd,2026-07-29,16:46:42,Colombo head office,Vehicle,WP KX 2345,Isuzu D-Max,DiesEl,56.77,Ltrs,322.22,18292.43,Ceypetco,RCP-633769,fuel_account,Ruwan Bandara,72643.0,,Normal,Warehouse operations,Generator fuel top-up during warehouse operations.
FT-202607-00080,LankaTech Solutions (Pvt) Ltd,17 Jul 2026,19:37:34,Kandy Branch,Vehicle,WP RAB 3842,Isuzu Elf,DiesEl,22.23,LTR,319.3,7098.04,Lanka IOC,RCP-385665,Cash,Tharindu Silva,173014.0,,Flooding,Increased deliveries,Emergency fuel top-up.
FT-202607-00874,LankaTech Solutions (Pvt) Ltd,21/07/2026,19:19:48,Kurunegala Warehouse,Vehicle,SP CAB 7788,Toyota Hilux,diesel,68.32,ltr,309.26,21128.64,Lanka IOC,RCP-926997,fuel_account,,82505.0,,Heavy Rain,Maintenance work,
FT-202607-00276,LankaTech Solutions (Pvt) Ltd,15/07/2026,09:38:11,Galle Branch,Vehicle,WP RAB 3842,Isuzu Elf,Diesel,55.83,litres,316.63,17677.45,Ceypetco,,FUEL CARD,,65366.0,,Normal,Routine operations,Additional fuel required due to increased activity.
FT-202607-00434,LankaTech Solutions (Pvt) Ltd,2026-07-11,18:35:21,Kurunegala Warehouse,Vehicle,WP CAB 4521,Toyota Hiace,Diesel,80.73,liters,305.22,24640.41,Ceypetco,RCP-907143,corporate credit,Nimal Perera,126009.0,,Heavy Rain,,Fuel purchased for operational requirement.
FT-202607-00160,LankaTech Solutions (Pvt) Ltd,01-07-2026,12:57:36,Kandy Branch,Vehicle,WP CAZ 9034,Suzuki Wagon R, Petrol,27.19,liters,320.4,8711.68,Company Fuel Depot,RCP-100364,corporate credit,Kasun Fernando,28350.0,,Rain,Warehouse operations, Regular petrol refill for Suzuki Wagon R. 
FT-202607-01379,LankaTech Solutions (Pvt) Ltd,2026/07/10,16:03:20,Kandy Branch,Vehicle,WP CBA 1198,Toyota Corolla,petrol,52.81,L,342.23,18073.17,Ceypetco,RCP-736720,Company Fuel Card,Nimal Perera,151036.0,,Heavy Rain,Month-end deliveries,additional fuel required due to increased activity.
FT-202607-00358,LankaTech Solutions (Pvt) Ltd,02 Jul 2026,07:05:33,Galle Branch,Vehicle,WP CAZ 9034,Suzuki Wagon R,Petrol,47.26,Litres,338.23,15984.75,Lanka IOC,RCP-996613,Cash,Tharindu Silva,89618.0,,Heavy Rain,Month-end deliveries,Month-end fuel requirement.
FT-202607-00131,LankaTech Solutions (Pvt) Ltd,25/07/2026,14:06:40,kurunegalaWarehouse,Vehicle,WP CAA 7812,Toyota Prius,petrol,38.77,liters,302.79,11739.17,Ceypetco,RCP-614784,corporate credit,Lahiru Senanayake,158540.0,,Very Hot,Client site visits,Regular petrol refill for Toyota Prius.
FT-202607-00147,LankaTech Solutions (Pvt) Ltd,21-07-2026,07:09:57,Kurunegala Warehouse,Vehicle,WP CAZ 9034,Suzuki Wagon R,petrol,18.43,Ltrs,295.55,5446.99, Ceypetco,RCP-863365,Company Fuel Card,Dinesh Kumara,139183.0,,,Warehouse operations,extra trip completed from kurunegala warehouse.
FT-202607-00336,LankaTech Solutions (Pvt) Ltd,02 Jul 2026,14:02:49,Colombo Head Office,Vehicle,WP CAB 4521,Toyota Hiace,Diesel,40.16,liters,324.65,13037.94,Local Fuel Station,RCP-654233,Corporate Credit,Sahan Wijesinghe,88384.0,,Very Hot,Emergency operations,
FT-202607-00041,LankaTech Solutions (Pvt) Ltd,20-07-2026,10:54:38,Kurunegala Warehouse,Vehicle, WP RAB 3842,Isuzu Elf, Diesel,33.42,ltr,288.05,9626.63,Ceypetco,RCP-749648,cash,Lahiru Senanayake,123608.0,,Wet Roads,Inter-branch transfer,Extra trip completed from Kurunegala Warehouse.
FT-202607-00258,LankaTech Solutions (Pvt) Ltd,15-Jul-2026,19:17:47,kandyBranch,Vehicle,WP CAA 7812,Toyota Prius,petrol ,31.77,L ,315.72,10030.42,Company Fuel Depot,RCP-510703,Cash,Sahan Wijesinghe,34504.0,,Normal,Client site visits,Vehicle refuelled before scheduled client visit.
FT-202607-01190,LankaTech Solutions (Pvt) Ltd,03-07-2026,09:45:53,Kandy Branch,Vehicle,WP CAB 4521,Toyota Hiace,diesel ,97.48,L,296.91,28942.79,Lanka IOC,RCP-944296,company fuel card,Dinesh Kumara,129621.0,,Heavy Rain,Month-end deliveries,generator fuel top-up during month-end deliveries.
FT-202607-00309,LankaTech Solutions (Pvt) Ltd,2026/07/05,14:45:18,Kurunegala Warehouse,Vehicle,WP KX 2345,Isuzu D-Max, Diesel,54.18,L,334.24,18109.12,Lanka IOC,RCP-902568,Company Fuel Card,Kasun Fernando,88832.0,,Very Hot,Inter-branch transfer,Vehicle refuelled before scheduled client visit.
FT-202607-01403,LankaTech Solutions (Pvt) Ltd,2026/07/29,10:35:04,Kurunegala Warehouse,Generator,GEN-KUR-01,Diesel Generator,DIESEL,39.3,LTR,296.1,11636.73,Ceypetco,RCP-126641,Corporate Credit,Pradeep Kumar,,6.9,Normal,Inter-branch transfer,Emergency fuel top-up.
FT-202607-00655,LankaTech Solutions (Pvt) Ltd,2026/07/15,07:25:41,Colombo Head Office,Vehicle,CP BDT 5521,Toyota TownAce,DIESEL,46.7,L ,314.43,14683.88,Local Fuel Station,,Fuel Account,Sahan Wijesinghe,85410.0,,Flooding,Inter-branch transfer, Fuel issued as per request. 
FT-202607-00512,LankaTech Solutions (Pvt) Ltd,21 Jul 2026,18:54:13,Kandy Branch,Generator,GEN-KDY-01,Diesel Generator,diesel,62.8,liters,300.52,18872.66,Company Fuel Depot,RCP-372207,Company Fuel Card,Ruwan Bandara,,,Wet Roads,Warehouse operations,
FT-202607-01356,LankaTech Solutions (Pvt) Ltd,25-Jul-2026,17:42:34,Galle Branch,Vehicle,WP CBA 1198,Toyota Corolla,PetRol,36.05,L,322.47,11625.04,Company Fuel Depot,RCP-853013,cash,Kasun Fernando,118336.0,,Wet Roads,Maintenance work,Additional fuel required due to increased activity.
FT-202607-00523,LankaTech Solutions (Pvt) Ltd,12/07/2026,07:04:31,Kandy Branch,Vehicle,SP CAB 7788,Toyota Hilux,diesel ,49.51,LTR,320.36,15861.02,Company Fuel Depot,RCP-221667,Company Fuel Card,Amal Fernando,107863.0,,Flooding,Maintenance work,fuel issued for maintenance work.
FT-202607-00195,LankaTech Solutions (Pvt) Ltd,09 Jul 2026,13:19:27,colombo head office,Vehicle,WP CAB 4521,Toyota Hiace,diesel ,84.47,ltr,297.98,25170.37,Lanka IOC,RCP-523798,Fuel Account,Kasun Fernando,123744.0,,Wet Roads,Month-end deliveries,Fuel receipt entered manually by admin. 
FT-202607-00680,LankaTech Solutions (Pvt) Ltd,2026-07-24,14:02:45,Kandy Branch,Vehicle, CP BDT 5521,Toyota TownAce,Diesel,40.14,Litres,301.09,12085.75,Company Fuel Depot,RCP-122053,corporate credit,Pradeep Kumar,157544.0,,Rain,Emergency operations,Fuel issued as per request.
FT-202607-00268,LankaTech Solutions (Pvt) Ltd,2026-07-22,17:24:16,Kurunegala Warehouse,Vehicle,WP CBA 1198,Toyota Corolla,PETROL,42.34,Litres,328.42,13905.3,Lanka IOC,RCP-582584,fuel_account,Ruwan Bandara,162898.0,,Flooding,Increased deliveries,
FT-202607-00326,LankaTech Solutions (Pvt) Ltd,2026/07/23,16:11:00,Galle branch,Vehicle,WP CAA 7812,Toyota Prius,petrol ,69.85,ltr,300.86,21015.07,Company Fuel Depot,,Company Fuel Card,Pradeep Kumar,151258.0,,Very Hot,Increased deliveries,additional fuel required due to increased activity.
FT-202607-00300,LankaTech Solutions (Pvt) Ltd,21 Jul 2026,18:05:33,Colombo Head Office,Vehicle,WP CBA 1198,Toyota Corolla,Petrol,57.65, Litres,339.56,19575.63,Company Fuel Depot,RCP-545362,cash,Tharindu Silva,46913.0,,Heavy Rain,Routine operations,fuel purchased for operational requirement.
FT-202607-00740,LankaTech Solutions (Pvt) Ltd,17-Jul-2026,19:47:56,Kandy Branch,Vehicle,WP CAB 4521,Toyota Hiace,Diesel,44.95,ltr,320.93,14425.8,Ceypetco,RCP-643999,fuel_account,Lahiru Senanayake,81164.0,,Flooding,Warehouse operations,Emergency fuel top-up.
FT-202607-00400,LankaTech Solutions (Pvt) Ltd,06 Jul 2026,14:17:27,Colombo Head Office,Vehicle,CP CAE 9911,Mitsubishi Canter,diesel ,74.08,liters,307.89,22808.49,Local Fuel Station,RCP-266197,Cash,Amal Fernando,178265.0,,Flooding,Month-end deliveries,Extra trip completed from Colombo Head Office.
FT-202607-00858,LankaTech Solutions (Pvt) Ltd,2026-07-23,08:44:17,Colombo Head Office,Vehicle,WP CBA 1198,Toyota Corolla,petrol,37.68,Ltrs,342.98,12923.49,Lanka IOC,RCP-945888,Corporate Credit,Ruwan Bandara ,125977.0,,Normal,Emergency operations, Generator fuel top-up during emergency operations. 
FT-202607-00953,LankaTech Solutions (Pvt) Ltd,2026/07/08,12:01:07,Kurunegala Warehouse,Vehicle,WP CAB 4521,Toyota Hiace,DIESEL,37.7,Ltrs,295.39,11136.2,Company Fuel Depot,RCP-725091,Company Fuel Card,Sahan Wijesinghe,43908.0,,Heavy Rain,Increased deliveries,Fuel issued as per request.
FT-202607-01171,LankaTech Solutions (Pvt) Ltd,2026/07/28,06:02:54,Kandy Branch,Vehicle,WP KX 2345,Isuzu D-Max,Diesel,90.75,ltr,327.42,29713.37,Lanka IOC,RCP-626671,company fuel card,Lahiru Senanayake,,,Very Hot,Maintenance work,Fuel issued for maintenance work.
FT-202607-01410,LankaTech Solutions (Pvt) Ltd,24-07-2026,20:09:09,Colombo Head Office,Vehicle,CP CAE 9911,Mitsubishi Canter,DiesEl,103.22,Litres,289.02,29832.64,Ceypetco,RCP-411004,Fuel Account,Ruwan Bandara,116337.0,,Wet Roads,Inter-branch transfer,ROUTINE FUEL PURCHASE.
FT-202607-00173,LANKATECH SOLUTIONS (PVT) LTD,28-Jul-2026,18:27:49,Colombo Head Office ,Vehicle,WP CAZ 9034,Suzuki Wagon R,petrol,29.2,L,316.08,9229.54,Ceypetco,RCP-270486,cash,Lahiru Senanayake,183650.0,,Normal,Client site visits,fuel receipt entered manually by admin.
FT-202607-00600,LankaTech Solutions (Pvt) Ltd,04.07.2026,13:12:24,Colombo Head Office,Generator,GEN-CMB-02,Diesel Generator,Diesel,53.81,L ,285.72,15374.59,CEYPETCO,RCP-786114,fuel_account,Pradeep Kumar,,11.8,Normal,Inter-branch transfer,
FT-202607-00514,LankaTech Solutions (Pvt) Ltd,23-07-2026,18:35:33,Galle Branch,Vehicle,WP RAB 3842,Isuzu Elf,DiesEl,98.68,liters,318.66,31445.37,companyFuelDepot,RCP-352601,Corporate Credit,Nimal Perera,20267.0,,Heavy Rain,Month-end deliveries,Regular diesel refill for Isuzu Elf.
FT-202607-01272,LankaTech Solutions (Pvt) Ltd,06-07-2026,07:28:32,Kurunegala Warehouse,Vehicle,WP CAA 7812,Toyota Prius,PETROL,54.55,L ,313.55,17104.15,Company Fuel Depot,RCP-334639,fuel_account,Lahiru Senanayake,130946.0,,Wet Roads,Inter-branch transfer,Routine fuel purchase.
FT-202607-01306,LankaTech Solutions (Pvt) Ltd,01-Jul-2026,11:32:17,Kandy branch,Vehicle,WP KX 2345,Isuzu D-Max,DIESEL,74.16,LTR,304.77,22601.74,Local Fuel Station,RCP-152246,Company Fuel Card,Nimal Perera,176943.0,,Very Hot,Month-end deliveries,vehicle refuelled before scheduled client visit.
FT-202607-01465,LankaTech Solutions (Pvt) Ltd,06 Jul 2026,08:11:27,Kurunegala Warehouse,Generator,GEN-KUR-01,Diesel Generator, Diesel,114.26,LTR,303.99,34733.9,Lanka IOC,RCP-845328,fuel_account,Tharindu Silva,,14.9,Rain,Emergency operations,Additional trip resulted in higher consumption.
FT-202607-00206,LankaTech Solutions (Pvt) Ltd,10-Jul-2026,16:06:06,Kandy Branch,Vehicle,SP CAB 7788,Toyota Hilux,DiesEl,51.34,L ,315.89,16217.79,Ceypetco,RCP-559899,Fuel Card,Kasun Fernando,189187.0,,Flooding,Emergency operations,Extra trip completed from Kandy Branch.
FT-202607-01107,LankaTech Solutions (Pvt) Ltd,2026/07/16,17:39:26,Kandy Branch,Vehicle,WP CAB 4521,Toyota Hiace,diesel ,50.12,litres,297.82,14926.74,Ceypetco,RCP-734816,Cash,Ruwan Bandara,96154.0,,Rain,Emergency operations,Consumption slightly higher due to rain.
FT-202607-01340,LankaTech Solutions (Pvt) Ltd,2026-07-18,15:21:36,Galle Branch,Vehicle,CP BDT 5521,Toyota TownAce,diesel,71.09,ltr,326.56,23215.15,,RCP-794943,CORPORATE CREDIT,Dinesh Kumara,121853.0,,Very Hot,Inter-branch transfer,extra trip completed from galle branch.
FT-202607-01367,LankaTech Solutions (Pvt) Ltd,2026-07-09,18:38:28,Colombo Head Office,Generator,GEN-CMB-02,Diesel Generator,DiesEl,95.66,Litres,308.49,29510.15,Lanka IOC,RCP-118780,fuel_account,Amal Fernando,,17.5,Wet Roads,Client site visits,fuel issued as per request.
FT-202607-00981,LankaTech Solutions (Pvt) Ltd,2026/07/15,18:04:58,Galle Branch,Vehicle,WP QK 6723,Honda Fit,petrol,54.25,LTR,314.39,17055.66,Company Fuel Depot,RCP-507633,company fuel card,Tharindu Silva,169251.0,,Very Hot,inter-branch transfer,urgent refill
FT-202607-01108,LankaTech Solutions (Pvt) Ltd,07-Jul-2026,19:31:25,Colombo Head Office,Vehicle,WP CBA 1198 ,Toyota Corolla,petrol,9.2,l,320.66,2950.07,Local Fuel Station,RCP-889696,cash,Sahan Wijesinghe,58986.0,,Heavy Rain,Warehouse operations,Emergency fuel top-up.
FT-202607-00896,LankaTech Solutions (Pvt) Ltd,2026/07/21,18:33:18,Kandy Branch,Vehicle,WP QK 6723,Honda Fit,PETROL,38.98,liters,337.99,13174.85,Local Fuel Station,RCP-788926,cash,Sahan Wijesinghe,57184.0,,Normal,Increased deliveries, Consumption slightly higher due to normal. 
FT-202607-00244,LankaTech Solutions (Pvt) Ltd,27-Jul-2026,19:49:09,Galle Branch,Generator,GEN-GAL-01,Diesel Generator, Diesel,36.06,Ltrs,311.81,11243.87,,RCP-208706,corporate credit,Lahiru Senanayake,,6.6,Normal,Increased deliveries,Fuel issued as per request.
FT-202607-01268,LankaTech Solutions (Pvt) Ltd,30 Jul 2026,08:22:53,Kandy Branch,Vehicle,CP BDT 5521,Toyota TownAce,DiesEl,60.0,L ,303.21,18192.6,Lanka IOC,RCP-430437,Cash,,137137.0,,Very Hot,Inter-branch transfer,Regular diesel refill for Toyota TownAce.
FT-202607-00096,LankaTech Solutions (Pvt) Ltd,17 Jul 2026,15:54:09,Kurunegala WH,Vehicle,SP CAB 7788,Toyota Hilux,DIESEL,62.57,LTR,309.9,19390.44,Company Fuel Depot,RCP-820972,FUEL CARD,Amal Fernando,132864.0,,Flooding,increased deliveries,Consumption slightly higher due to flooding.
FT-202607-00127,LankaTech Solutions (Pvt) Ltd,2026/07/27,16:00:26,Colombo Head Office,Vehicle,WP CAA 7812,Toyota Prius,Petrol,32.94,litres,301.81,9941.62,COMPANY FUEL DEPOT,RCP-820495,corporate credit,Chamath Jayasinghe,53245.0,,Heavy Rain,Client site visits,Vehicle refuelled before scheduled client visit.
FT-202607-00724,LankaTech Solutions (Pvt) Ltd,15-Jul-2026,06:20:50,Kurunegala Warehouse,Vehicle,WP CAA 7812,Toyota Prius,petrol ,14.91,liters,309.49,4614.5,localFuelStation,RCP-773937,Fuel Account,Amal Fernando,49128.0,,Wet Roads,Client site visits,Fuel issued as per request.
FT-202607-00894,LankaTech Solutions (Pvt) Ltd,12 Jul 2026,10:43:31,Galle Branch,Vehicle,CP CAE 9911,Mitsubishi Canter,DIESEL,86.06,Ltrs,314.85,27095.99,Local Fuel Station,RCP-625720,company fuel card,Pradeep Kumar,160273.0,,Very Hot,,Additional trip resulted in higher consumption.
FT-202607-00088,LankaTech Solutions (Pvt) Ltd,23-Jul-2026,10:36:59,Colombo Head Office,Vehicle,SP CAB 7788,Toyota Hilux,diesel ,31.31,l,332.93,10424.04,Local Fuel Station,RCP-978423,Cash,Lahiru Senanayake,74992.0,,Flooding,Warehouse operations,Emergency fuel top-up.
FT-202607-00388,LankaTech Solutions (Pvt) Ltd,23.07.2026,14:31:42,colomboHeadOffice,Vehicle,SP CAB 7788,Toyota Hilux, Diesel,49.79,L ,330.46,16453.6,COMPANY FUEL DEPOT,RCP-895862,company fuel card,Pradeep Kumar,155471.0,,Very Hot,Warehouse operations,Fuel receipt entered manually by admin.
FT-202607-01279,LankaTech Solutions (Pvt) Ltd,21-Jul-2026,20:57:07,Kurunegala Warehouse ,Vehicle,CP BDT 5521,Toyota TownAce,diesel,98.47,l,310.68,30592.66,Company Fuel Depot,RCP-301059,company fuel card,,56667.0,,Heavy Rain,Routine operations,
FT-202607-00157,LankaTech Solutions (Pvt) Ltd,13-Jul-2026,12:00:01,Colombo Head Office,Vehicle,WP CAA 7812,Toyota Prius,Petrol,42.65,L ,313.21,13358.41,LOCAL FUEL STATION,RCP-231499,FUEL CARD,Amal Fernando,23385.0,,Rain,Increased deliveries,additional fuel required due to increased activity.
FT-202607-01287,LankaTech Solutions (Pvt) Ltd,2026/07/16,11:25:51,Colombo Head Office,Vehicle,WP CAZ 9034,Suzuki Wagon R,petrol,43.29,Ltrs,307.98,13332.45,Ceypetco,RCP-773409,company fuel card,Lahiru Senanayake,89940.0,,Rain,Increased deliveries,fuel issued as per request.
FT-202607-00182,LankaTech Solutions (Pvt) Ltd,21-07-2026,14:35:59,Galle Branch,Vehicle,WP RAB 3842,Isuzu Elf,DIESEL,47.95,LTR,285.71,13699.79,Lanka IOC,RCP-779838,Fuel Account,Nimal Perera,114557.0,,Normal,Inter-branch transfer,refuelling completed at approved station.
FT-202607-00241,LankaTech Solutions (Pvt) Ltd,09-07-2026,15:54:21,galle branch,Vehicle,WP CAB 4521,Toyota Hiace,DIESEL,60.28,Ltrs,321.99,19409.56,Local Fuel Station,RCP-120506,corporate credit,Sahan Wijesinghe,61743.0,,,Month-end deliveries, emergency fuel top-up. 
FT-202607-01231,LankaTech Solutions (Pvt) Ltd,21-07-2026,08:45:32,Colombo Head Office,Vehicle,WP CAZ 9034,Suzuki Wagon R, Petrol,19.88,ltr,314.89,6260.01,Lanka IOC,RCP-333806,Fuel Account,Sahan Wijesinghe,21826.0,,Rain,Client site visits, routine fuel purchase. 
FT-202607-00158,LankaTech Solutions (Pvt) Ltd,03-07-2026,10:22:04,Kurunegala Warehouse,Vehicle,WP CAA 7812,Toyota Prius,PetRol,26.09,l,313.54,8180.26,Local Fuel Station,RCP-356174,corporate credit,Kasun Fernando,114912.0,,Flooding,Routine operations, Extra trip completed from Kurunegala Warehouse. 
FT-202607-00629,LankaTech Solutions (Pvt) Ltd,29 Jul 2026,19:12:59,Kandy Branch,Vehicle,WP QK 6723,Honda Fit,PetRol,39.46,Litres ,305.33,12048.32,Company Fuel Depot,RCP-404505,FUEL CARD,Amal Fernando,20573.0,,Normal,Emergency operations,Fuel receipt entered manually by admin.
FT-202607-00006,LankaTech Solutions (Pvt) Ltd,04/07/2026,14:59:45,Colombo Head Office,Vehicle,WP CBA 1198,Toyota Corolla,petrol ,29.55,Ltrs,341.83,10101.08,Ceypetco,RCP-787218,Fuel Account,Tharindu Silva,92864.0,,Normal,Month-end deliveries,Regular petrol refill for Toyota Corolla.
FT-202607-01396,LankaTech Solutions (Pvt) Ltd,2026-07-26,13:32:42,Galle Branch,Generator,GEN-GAL-01,Diesel Generator,diesel ,82.12,L ,309.9,25448.99,Company Fuel Depot,RCP-808031,fuel_account,Ruwan Bandara,,13.9,Heavy Rain,Routine operations,Fuel receipt entered manually by admin.
FT-202607-00347,LankaTech Solutions (Pvt) Ltd,11/07/2026,13:12:14,Kurunegala Warehouse,Vehicle,WP QK 6723,Honda Fit,petrol,47.73,ltr,327.21,15617.73,Local Fuel Station,RCP-892463,company fuel card,Tharindu Silva,55226.0,,Normal,Emergency operations,extra trip completed from kurunegala warehouse.
FT-202607-01343,LankaTech Solutions (Pvt) Ltd,2026-07-10,09:20:29,Kurunegala Warehouse,Vehicle,WP CAZ 9034,Suzuki Wagon R, Petrol,26.03,LTR,306.24,7971.43,Lanka IOC,RCP-653421,company fuel card,Dinesh Kumara,172436.0,,Rain,Emergency operations, Generator fuel top-up during emergency operations. 
FT-202607-00964,LankaTech Solutions (Pvt) Ltd,21/07/2026,09:55:47,Kurunegala Warehouse ,Vehicle,WP QK 6723,Honda Fit,PETROL,25.53,L ,327.56,8362.61,lanka ioc ,RCP-517478,fuel_account,Amal Fernando,135389.0,,Normal,Client site visits,
FT-202607-01276,LankaTech Solutions (Pvt) Ltd,11/07/2026,19:05:42,Colombo Head Office,Vehicle,WP CAA 7812,Toyota Prius,petrol ,27.72,ltr,300.41,8327.37,Lanka IOC,RCP-476919,cash,Sahan Wijesinghe,85975.0,,Rain,Inter-branch transfer,Additional fuel required due to increased activity.
FT-202607-00324,LankaTech Solutions (Pvt) Ltd,07 Jul 2026,13:08:23,KANDY BRANCH,Vehicle,WP CAB 4521,Toyota Hiace,DIESEL,48.38,litres,291.09,14082.93,Ceypetco,RCP-830456,cash,Lahiru Senanayake,60503.0,,Very Hot,Maintenance work,additional trip resulted in higher consumption.
FT-202607-00447,LankaTech Solutions (Pvt) Ltd,08-07-2026,16:56:33,Kandy Branch,Vehicle,WP QK 6723,Honda Fit,petrol,18.38, litres,321.02,5900.35,Company Fuel Depot,RCP-688279,corporate credit,Kasun Fernando,114897.0,,Normal,Maintenance work,Fuel issued for maintenance work.
FT-202607-01311,LankaTech Solutions (Pvt) Ltd,08/07/2026,20:02:45,Colombo Head Office,Vehicle,WP RAB 3842,Isuzu Elf, Diesel,80.02,L ,332.87,26636.26,Local Fuel Station,RCP-813592,Corporate Credit,Tharindu Silva,161354.0,,Normal,Maintenance work,Refuelling completed at approved station.
FT-202607-00749,LankaTech Solutions (Pvt) Ltd,12-Jul-2026,13:42:50,Kandy Branch,Vehicle,WP CAB 4521,Toyota Hiace,Diesel,102.78,l,328.24,33736.51,Company Fuel Depot,RCP-103512,Cash,Dinesh Kumara,75568.0,,Rain,Increased deliveries,Emergency fuel top-up.
FT-202607-01150,LankaTech Solutions (Pvt) Ltd,14/07/2026,06:00:45,Colombo Head Office,Generator,GEN-CMB-01,Diesel Generator, Diesel,32.71,l,313.32,10248.7,Local Fuel Station,RCP-323457,FUEL CARD,Nimal Perera,,3.5,Heavy Rain,Routine operations,Extra trip completed from Colombo Head Office.
FT-202607-01350,LankaTech Solutions (Pvt) Ltd,09 Jul 2026,11:46:59,Kandy branch,Vehicle,CP BDT 5521,Toyota TownAce, Diesel,61.51,LTR,323.67,19908.94,Company Fuel Depot,RCP-978845,company fuel card,Pradeep Kumar,102897.0,,Normal,Routine operations,Extra trip completed from Kandy Branch.
FT-202607-01420,LankaTech Solutions (Pvt) Ltd,20-Jul-2026,11:39:28,Colombo Head Office,Vehicle,WP CAZ 9034,Suzuki Wagon R,Petrol,57.29,Ltrs,328.72,18832.37,Ceypetco,RCP-392289,fuel_account,Lahiru Senanayake,102550.0,,Flooding,Warehouse operations,ADDITIONAL TRIP RESULTED IN HIGHER CONSUMPTION. Higher than normal usage reported.
FT-202607-00328,LankaTech Solutions (Pvt) Ltd,15-07-2026,07:58:18,Colombo HO,Vehicle,WP QK 6723,Honda Fit,petrol,28.29,Ltrs,302.11,8546.69,Ceypetco,RCP-216449,Cash,Amal Fernando,47584.0,,Normal,Warehouse operations,Fuel purchased for operational requirement.
FT-202607-00812,LankaTech Solutions (Pvt) Ltd,2026-07-01,15:27:28,Colombo Head Office,Vehicle,WP CAB 4521,Toyota Hiace, Diesel,61.59, l,292.63,18023.08,Lanka IOC,RCP-232187,Cash,Ruwan Bandara,83592.0,,Heavy Rain,Routine operations, fuel purchased for operational requirement. 
FT-202607-01418,LankaTech Solutions (Pvt) Ltd,09/07/2026,11:19:33,Colombo Head Office,Generator,GEN-CMB-02,Diesel Generator,Diesel,35.81,L ,305.23,10930.29,Lanka IOC,RCP-229633,company fuel card,Pradeep Kumar,,5.6,Normal,Emergency operations,Emergency fuel top-up.
FT-202607-00455,LankaTech Solutions (Pvt) Ltd,22-Jul-2026,10:10:56,Colombo HO,Vehicle,WP CAA 7812,Toyota Prius,PETROL,28.09,Litres,323.12,9076.44,LOCAL FUEL STATION,RCP-758112,Fuel Account,Lahiru Senanayake,60939.0,,Normal,Warehouse operations,EMERGENCY FUEL TOP-UP.
FT-202607-01339,LankaTech Solutions (Pvt) Ltd,11/07/2026,16:40:39,Colombo Head Office,Vehicle,WP KX 2345,Isuzu D-Max,Diesel,41.28,liters,311.56,12861.2,Company Fuel Depot,RCP-559399,Company Fuel Card,Kasun Fernando,171028.0,,Normal,Inter-branch transfer, routine fuel purchase. 
FT-202607-01406,LankaTech Solutions (Pvt) Ltd,14 Jul 2026,06:59:10,Colombo Head Office,Vehicle,SP CAB 7788,Toyota Hilux,diesel,62.49,ltr,333.72,20854.16,Lanka IOC,RCP-179697,Corporate Credit,Lahiru Senanayake,22682.0,,,Client site visits, refuelling completed at approved station. 
FT-202607-01357,LankaTech Solutions (Pvt) Ltd,09-07-2026,13:01:41,Galle Branch,Generator,GEN-GAL-01,Diesel Generator,DIESEL,69.15,Ltrs,310.03,21438.57,Company Fuel Depot,RCP-293313,Cash,Dinesh Kumara,,11.5,Very Hot,Maintenance work,fuel issued as per request.
FT-202607-01174,LankaTech Solutions (Pvt) Ltd,26-Jul-2026,19:41:51,kurunegalaWarehouse,Vehicle,WP CAB 4521,Toyota Hiace, Diesel,38.89,Litres,296.17,11518.05,Ceypetco,RCP-977134,Cash,Dinesh Kumara,69925.0,,Normal,Emergency operations,Routine fuel purchase.
FT-202607-00129,LankaTech Solutions (Pvt) Ltd,20 Jul 2026,16:43:37,Colombo Head Office,Vehicle,WP RAB 3842,Isuzu Elf,Diesel,87.74,Litres,325.41,28551.47,Ceypetco,RCP-871987,FUEL CARD,Nimal Perera,98523.0,,Normal,Increased deliveries,extra trip completed from colombo head office.
FT-202607-00502,LankaTech Solutions (Pvt) Ltd,07-07-2026,09:51:16,Colombo Head Office,Vehicle,WP CBA 1198,Toyota Corolla,petrol,8.36,L,321.45,2687.32,Ceypetco,RCP-183246,Cash,Amal Fernando,37934.0,,Rain,Routine operations,Fuel receipt entered manually by admin.
FT-202607-01499,LankaTech Solutions (Pvt) Ltd,2026/07/15,15:40:15,Colombo Head Office,Vehicle,WP RAB 3842,Isuzu Elf,DiesEl,58.74,litres,292.49,17180.86,Local Fuel Station,RCP-186423,company fuel card,Amal Fernando,185538.0,,Heavy Rain,Client site visits,Fuel issued for client site visits.
FT-202607-01051,LankaTech Solutions (Pvt) Ltd,2026/07/18,13:24:56,Galle Branch,Vehicle,SP CAB 7788,Toyota Hilux, Diesel,37.83,ltr,321.66,12168.4,Lanka IOC,RCP-862733,Cash,Pradeep Kumar,40527.0,,,Routine operations,Emergency fuel top-up.
FT-202607-00414,LankaTech Solutions (Pvt) Ltd,08 Jul 2026,07:28:24,Colombo Head Office,Vehicle,WP CAA 7812,Toyota Prius,PetRol,29.4,litres,323.5,9510.9,CEYPETCO,RCP-449637,corporate credit,Amal Fernando,176110.0,,,Inter-branch transfer,regular petrol refill for toyota prius.
FT-202607-01380,LankaTech Solutions (Pvt) Ltd,10/07/2026,11:36:28,Colombo Head Office,Vehicle,CP CAE 9911,Mitsubishi Canter,DIESEL,56.08,liters,302.88,16985.51,Company Fuel Depot,RCP-679877,Cash,Tharindu Silva,169660.0,,Very Hot,Month-end deliveries,vehicle refuelled before scheduled client visit.
FT-202607-01073,lankatech solutions (pvt) ltd,2026/07/26,20:32:21,Kurunegala WH,Generator, GEN-KUR-01 ,Diesel Generator, Diesel,72.34,Litres,296.49,21448.09,Lanka IOC,RCP-646329,Cash,Tharindu Silva,,13.0,Rain,Warehouse operations, month-end fuel requirement. 
FT-202607-00171,LankaTech Solutions (Pvt) Ltd,18/07/2026,10:18:10,Colombo Head Office,Vehicle,SP CAB 7788,Toyota Hilux,DiesEl,45.52,Litres,291.52,13269.99,,RCP-373903,cash,Nimal Perera,133765.0,,Flooding,Client site visits,Fuel receipt entered manually by admin.
FT-202607-00718,LankaTech Solutions (Pvt) Ltd,05/07/2026,14:27:11,Colombo Head Office,Generator,GEN-CMB-02,Diesel Generator,DiesEl,106.93,Litres,329.04,35184.25,Lanka IOC,RCP-194938,Cash,Chamath Jayasinghe,,9.2,Normal,Increased deliveries,Refuelling completed at approved station. Higher than normal usage reported.
FT-202607-00250,LankaTech Solutions (Pvt) Ltd,2026-07-23,19:35:05,Kandy Branch,Vehicle,CP CAE 9911,Mitsubishi Canter,DIESEL,84.96,Ltrs ,330.67,28093.72,Local Fuel Station,RCP-523743,fuel_account,Tharindu Silva,139078.0,,Wet Roads,Maintenance work,FUEL ISSUED AS PER REQUEST.
FT-202607-01168,LankaTech Solutions (Pvt) Ltd,23-07-2026,09:31:45,Galle Branch,Generator,GEN-GAL-01,Diesel Generator,DIESEL,65.58,LTR,307.84,20188.15,Local Fuel Station,RCP-398660,Fuel Account,Dinesh Kumara,,10.0,Heavy Rain,Warehouse operations,Refuelling completed at approved station.
FT-202607-01341,LankaTech Solutions (Pvt) Ltd,26-Jul-2026,20:18:01,Kandy Branch,Vehicle,WP QK 6723,Honda Fit,Petrol,42.05,L,301.77,12689.43,Local Fuel Station,RCP-412946,Company Fuel Card,Nimal Perera,61590.0,,Heavy Rain,Emergency operations,fuel issued as per request.
FT-202607-00505,LankaTech Solutions (Pvt) Ltd,14/07/2026,14:08:02,Colombo Head Office,Vehicle,WP RAB 3842,Isuzu Elf,DIESEL,57.94,Ltrs,306.61,17764.98,Ceypetco,RCP-134227,Fuel Account,Dinesh Kumara,95319.0,,Wet Roads,Routine operations,Fuel issued for routine operations.
FT-202607-00038,LankaTech Solutions (Pvt) Ltd,02 Jul 2026,16:04:16,Colombo Head Office,Vehicle,WP CAB 4521,Toyota Hiace,diesel,60.6,Litres,330.51,20028.91,Local Fuel Station,RCP-678204,corporate credit,Ruwan Bandara,180303.0,,Heavy Rain,Month-end deliveries,Fuel issued as per request.
FT-202607-00239,LankaTech Solutions (Pvt) Ltd,29-07-2026,07:51:51,Colombo Head Office,Generator,GEN-CMB-02,Diesel Generator,diesel,122.72,Litres,290.39,35636.66,Local Fuel Station,RCP-753763,cash,Chamath Jayasinghe,,14.6,Wet Roads,Emergency operations,additional trip resulted in higher consumption.
FT-202607-00379,LankaTech Solutions (Pvt) Ltd,07-07-2026,06:40:57,Kandy Branch,Vehicle,CP CAE 9911,Mitsubishi Canter,diesel ,68.27,l,320.5,21880.53,Ceypetco,RCP-525058,company fuel card,Kasun Fernando,186588.0,,Heavy Rain,Emergency operations, Additional fuel required due to increased activity. 
FT-202607-00848,LankaTech Solutions (Pvt) Ltd,30-Jul-2026,06:20:21,Kurunegala Warehouse,Vehicle,WP QK 6723,Honda Fit,petrol ,50.88,LTR,336.97,17145.03,Local Fuel Station,RCP-618845,FUEL CARD,Nimal Perera,146256.0,,Wet Roads,Inter-branch transfer, Regular petrol refill for Honda Fit. 
FT-202607-00941,LankaTech Solutions (Pvt) Ltd,21-Jul-2026,19:42:12,Kandy branch,Vehicle,CP BDT 5521,Toyota TownAce, Diesel,67.6,LTR,331.14,22385.06,Lanka IOC,RCP-120863,Company Fuel Card,Nimal Perera,90941.0,,Flooding,Inter-branch transfer,Fuel receipt entered manually by admin.
FT-202607-00902,LankaTech Solutions (Pvt) Ltd,19-Jul-2026,07:03:54,Galle Branch,Vehicle,WP CBA 1198,Toyota Corolla,Petrol,9.83,Litres,338.83,3330.7,Local Fuel Station,RCP-581250,Corporate Credit,Chamath Jayasinghe,185126.0,,Flooding,Maintenance work, Vehicle refuelled before scheduled client visit. 
FT-202607-01116,LankaTech Solutions (Pvt) Ltd,27-Jul-2026,11:08:50,Kurunegala Warehouse,Vehicle,WP KX 2345,Isuzu D-Max,DIESEL,78.34,Ltrs,330.46,25888.24,Lanka IOC,RCP-782618,Cash,Lahiru Senanayake ,150051.0,,Normal,Increased deliveries,Fuel issued as per request.
FT-202607-00030,LankaTech Solutions (Pvt) Ltd,10 Jul 2026,07:54:14,Colombo HQ,Vehicle,WP CBA 1198,Toyota Corolla,PetRol,33.15,L,319.75,10599.71,Ceypetco,RCP-467217,cash,Dinesh Kumara,130958.0,,Wet Roads,Maintenance work,Emergency fuel top-up.
FT-202607-01071,LankaTech Solutions (Pvt) Ltd,24-07-2026,16:50:14,Galle Branch,Vehicle,WP RAB 3842,Isuzu Elf,diesel ,91.13,ltr,330.11,30082.92,Ceypetco,RCP-686447,Company Fuel Card,Nimal Perera,34233.0,,Heavy Rain,Routine operations,Fuel issued as per request.
FT-202607-01067,LankaTech Solutions (Pvt) Ltd,16/07/2026,13:42:33,Colombo Head Office,Vehicle,WP CAA 7812,Toyota Prius,petrol ,28.6,litres,308.67,8827.96,Local Fuel Station,RCP-128173,FUEL CARD,Sahan Wijesinghe,162225.0,,Very Hot,Warehouse operations, Additional fuel required due to increased activity. 
FT-202607-01402,LankaTech Solutions (Pvt) Ltd,21-07-2026,11:31:41,Colombo Head Office,Vehicle,WP KX 2345,Isuzu D-Max,DiesEl,11.23,L ,332.42,3733.08,Ceypetco,RCP-556429,Company Fuel Card,Kasun Fernando,58694.0,,Very Hot,EMERGENCY OPERATIONS,Fuel issued as per request.
FT-202607-00395,LankaTech Solutions (Pvt) Ltd,16 Jul 2026,16:30:12,Colombo Head Office,Vehicle,WP CAZ 9034,Suzuki Wagon R, petrol,35.53,Ltrs,325.67,11571.06,Company Fuel Depot,RCP-589688,cash,Lahiru Senanayake,84930.0,,Very Hot,Maintenance work,Extra trip completed from Colombo Head Office.
FT-202607-01361,LankaTech Solutions (Pvt) Ltd,04-Jul-2026,14:10:25,Kurunegala Warehouse,Vehicle,WP QK 6723,Honda Fit, Petrol,44.04,Ltrs,334.96,14751.64,Lanka IOC,RCP-492304,FUEL ACCOUNT,Pradeep Kumar,143688.0,,Very Hot,Increased deliveries,Additional trip resulted in higher consumption.
FT-202607-00916,LankaTech Solutions (Pvt) Ltd,2026/07/18,10:25:04,Colombo Head Office,Vehicle,CP CAE 9911,Mitsubishi Canter,diesel ,32.87,l,331.72,10903.64,Ceypetco,,FUEL CARD,Dinesh Kumara,131352.0,,Very Hot,Emergency operations,Fuel receipt entered manually by admin.
FT-202607-01332,LankaTech Solutions (Pvt) Ltd,29-07-2026,07:15:22,Colombo Head Office,Generator,GEN-CMB-02,Diesel Generator,DiesEl,79.94,L ,319.64,25552.02,Local Fuel Station,RCP-862502,fuel_account,Ruwan Bandara,,11.5,Very Hot,Warehouse operations,consumption slightly higher due to very hot.
FT-202607-00795,LankaTech Solutions (Pvt) Ltd,2026-07-13,17:35:45,Galle Branch,Generator,GEN-GAL-01,Diesel Generator,DIESEL,93.14,Ltrs,297.66,27724.05,Local Fuel Station,RCP-797596,Fuel Account,Sahan Wijesinghe,,11.0,Flooding,Increased deliveries,Generator fuel top-up during increased deliveries.
FT-202607-00148,LankaTech Solutions (Pvt) Ltd,30-07-2026,09:50:47,Kandy Branch,Generator,GEN-KDY-01,Diesel Generator,DiesEl,20.53,Litres,327.04,6714.13,LANKA IOC,RCP-485592,cash,Dinesh Kumara,,2.6,Heavy Rain,Increased deliveries,Vehicle refuelled before scheduled client visit.
FT-202607-00602,LANKATECH SOLUTIONS (PVT) LTD,12-Jul-2026,09:12:07,Galle Branch,Vehicle,CP BDT 5521,Toyota TownAce,DIESEL,68.84,ltr,298.87,20574.21,Ceypetco,RCP-452673,FUEL CARD,Kasun Fernando,107491.0,,Very Hot,Client site visits,Emergency fuel top-up.
FT-202607-00066,LANKATECH SOLUTIONS (PVT) LTD,2026-07-31,16:02:27,Kandy Branch,Vehicle,WP CAB 4521,Toyota Hiace,Diesel,40.9,Ltrs,331.93,13575.94,Lanka IOC,RCP-332929,company fuel card, Pradeep Kumar ,177491.0,,Normal,Routine operations,Extra trip completed from Kandy Branch.
FT-202607-01000,LankaTech Solutions (Pvt) Ltd,11 Jul 2026,16:33:15,Colombo Head Office,Vehicle,WP CBA 1198,Toyota Corolla,petrol ,22.96,Litres,300.0,6888.0,Local Fuel Station,RCP-552707,companyFuelCard,Tharindu Silva,112084.0,,Very Hot,Client site visits,Regular petrol refill for Toyota Corolla.
FT-202607-00563,LankaTech Solutions (Pvt) Ltd,2026/07/23,06:58:24,Kurunegala Warehouse,Vehicle,WP RAB 3842,Isuzu Elf,diesel,84.59,Ltrs,288.91,24438.9,Local Fuel Station,RCP-803848,cash,Lahiru Senanayake,92544.0,,Heavy Rain,Inter-branch transfer,Additional fuel required due to increased activity.
FT-202607-00073,LankaTech Solutions (Pvt) Ltd,2026/07/04,20:04:36,Colombo Head Office,Generator,GEN-CMB-02,Diesel Generator,Diesel,78.49,L ,326.15,25599.51,Ceypetco,RCP-910596,cash,Ruwan Bandara,,,Rain,Routine operations,Refuelling completed at approved station.
FT-202607-01036,LankaTech Solutions (Pvt) Ltd,2026-07-23,15:28:23,Galle,Generator,GEN-GAL-01,Diesel Generator,diesel,120.36,Litres,295.94,35619.34,Lanka IOC,RCP-464001,cash,Sahan Wijesinghe,,17.9,Normal,Routine operations,Emergency fuel top-up.
FT-202607-01498,LankaTech Solutions (Pvt) Ltd,2026-07-25,07:54:38,Colombo head office,Generator,GEN-CMB-02,Diesel Generator,DIESEL,86.25,LTR,324.55,27992.44,Ceypetco,RCP-221240,cash,Sahan Wijesinghe,,16.7,Rain,Client site visits,Additional trip resulted in higher consumption.
FT-202607-01448,LankaTech Solutions (Pvt) Ltd,15 Jul 2026,09:14:41,Colombo Head Office,Vehicle,WP RAB 3842,Isuzu Elf,diesel ,65.69,LTR,326.61,21455.01,Lanka IOC,RCP-539541,Cash,Lahiru Senanayake,113909.0,,Wet Roads,Emergency operations,Regular diesel refill for Isuzu Elf.
FT-202607-00734,LankaTech Solutions (Pvt) Ltd,05-Jul-2026,13:53:15,Kandy Branch,Vehicle,WP QK 6723,Honda Fit,PETROL,35.41,litres,340.78,12067.02,Company Fuel Depot,RCP-117845,cash,Sahan Wijesinghe ,93511.0,,Flooding,Increased deliveries,Fuel purchased for operational requirement.
FT-202607-00999,LankaTech Solutions (Pvt) Ltd,01-Jul-2026,19:01:11,Galle Branch,Vehicle,WP CAZ 9034,Suzuki Wagon R, Petrol,27.09,L ,295.73,8011.33,Lanka IOC,RCP-190206,Corporate Credit,Pradeep Kumar,91480.0,,Wet Roads,Emergency operations,Additional fuel required due to increased activity.
FT-202607-00722,LankaTech Solutions (Pvt) Ltd,2026/07/28,09:03:31,Colombo Head Office,Generator,GEN-CMB-02,Diesel Generator,Diesel,55.42,L ,326.52,18095.74,Ceypetco,RCP-634377,Company Fuel Card,Nimal Perera,,,Normal,Routine operations,Vehicle refuelled before scheduled client visit.
FT-202607-01399,LankaTech Solutions (Pvt) Ltd,2026-07-28,09:38:46,Colombo Head Office,Vehicle,SP CAB 7788,Toyota Hilux,diesel ,37.5,Ltrs,303.75,11390.62,Local Fuel Station,RCP-961973,fuel_account,Lahiru Senanayake,106623.0,,Heavy Rain,Increased deliveries,Fuel purchased for operational requirement.
FT-202607-00349,LANKATECH SOLUTIONS (PVT) LTD,2026/07/20,09:38:48,Kandy Branch,Vehicle,WP KX 2345,Isuzu D-Max,DiesEl,86.82,L,293.13,25449.55,Local Fuel Station,RCP-156672,Corporate Credit,Amal Fernando,70196.0,,Flooding,,Regular diesel refill for Isuzu D-Max.
FT-202607-00501,LankaTech Solutions (Pvt) Ltd,17-07-2026,09:40:47,Kandy Branch,Generator,GEN-KDY-01,Diesel Generator,diesel ,96.52,L,293.85,28362.4,Company Fuel Depot,RCP-727074,Corporate Credit,Amal Fernando,,15.4,Flooding,Routine operations,Consumption slightly higher due to flooding.
FT-202607-01070,LankaTech Solutions (Pvt) Ltd,12-07-2026,20:44:10,Colombo Head Office,Vehicle,CP CAE 9911,Mitsubishi Canter,DIESEL,58.51,Ltrs,333.07,19487.93,Local Fuel Station,RCP-126929,Fuel Account,Pradeep Kumar,142811.0,,Very Hot,Client site visits,Fuel purchased for operational requirement.
FT-202607-00699,LankaTech Solutions (Pvt) Ltd,22-07-2026,14:11:25,Colombo Head Office,Generator,GEN-CMB-01,Diesel Generator, Diesel,100.93,litres,287.7,29037.56,Ceypetco,,cash,Dinesh Kumara,,16.1,Wet Roads,Maintenance work,Consumption slightly higher due to wet roads.
FT-202607-00495,LankaTech Solutions (Pvt) Ltd,2026/07/15,09:21:09,Galle Branch,Vehicle,WP CBA 1198,Toyota Corolla, Petrol,23.57,L ,342.15,8064.48,Ceypetco,RCP-525170,Cash,Ruwan Bandara,61097.0,,Heavy Rain,Month-end deliveries,MONTH-END FUEL REQUIREMENT.
FT-202607-00793,LankaTech Solutions (Pvt) Ltd,28 Jul 2026,06:35:57,Kandy Branch,Vehicle,WP CAB 4521,Toyota Hiace, Diesel,29.18,ltr,286.96,8373.49,Ceypetco,RCP-422335,Cash,Tharindu Silva,183455.0,,Very Hot,Emergency operations,ok
FT-202607-01257,LankaTech Solutions (Pvt) Ltd,26-Jul-2026,14:28:52,COLOMBO HEAD OFFICE,Generator,GEN-CMB-01,Diesel Generator, Diesel,81.92,liters,286.27,23451.24,Local Fuel Station,RCP-199602,company fuel card,Sahan Wijesinghe,,14.8,Wet Roads,Inter-branch transfer, Fuel receipt entered manually by admin. 
FT-202607-00124,LankaTech Solutions (Pvt) Ltd,13-Jul-2026,19:13:41,Kandy Branch,Vehicle,WP RAB 3842,Isuzu Elf,diesel,43.27,L,295.08,12768.11,Local Fuel Station,RCP-802504,Corporate Credit,Dinesh Kumara,56643.0,,Flooding,Maintenance work,REFUELLING COMPLETED AT APPROVED STATION.
FT-202607-00574,LankaTech Solutions (Pvt) Ltd,19/07/2026,07:01:53,Kurunegala Warehouse,Vehicle,CP CAE 9911,Mitsubishi Canter,diesel,33.36,ltr,293.89,9804.17,Lanka IOC,RCP-935284,company fuel card,Dinesh Kumara,45038.0,,Wet Roads,Emergency operations,Regular diesel refill for Mitsubishi Canter.
FT-202607-00482,LANKATECH SOLUTIONS (PVT) LTD,17-Jul-2026,17:09:05,Kandy branch,Generator,GEN-KDY-01,Diesel Generator,DIESEL,109.87,L,295.3,32444.61,Local Fuel Station,RCP-962014,Fuel Account,Amal Fernando,,17.6,Wet Roads,Warehouse operations,Fuel purchased for operational requirement.
FT-202607-00218,lankatech solutions (pvt) ltd,25-Jul-2026,08:37:37,Colombo Head Office,Vehicle,WP RAB 3842,Isuzu Elf,Diesel,49.79,ltr,323.62,16113.04,Company Fuel Depot,RCP-836053,Company Fuel Card,Ruwan Bandara,24732.0,,Very Hot,Emergency operations,Refuelling completed at approved station.
FT-202607-01388,LankaTech Solutions (Pvt) Ltd,29-07-2026,16:39:47,kandyBranch,Vehicle,WP CAZ 9034,Suzuki Wagon R,petrol ,19.46,ltr,325.57,6335.59,Lanka IOC,RCP-473493,Company Fuel Card,Pradeep Kumar,28712.0,,Wet Roads,Warehouse operations,Emergency fuel top-up.
FT-202607-01131,LankaTech Solutions (Pvt) Ltd,13-07-2026,07:02:34, Kurunegala Warehouse,Vehicle,WP RAB 3842,Isuzu Elf,DiesEl,39.23,LTR,300.45,11786.65,Local Fuel Station,RCP-912209,Corporate Credit,Sahan Wijesinghe,102806.0,,Heavy Rain,Routine operations,Emergency fuel top-up.
FT-202607-00968,LankaTech Solutions (Pvt) Ltd,2026/07/08,19:43:59,Colombo head office,Vehicle,WP QK 6723,Honda Fit,Petrol,27.81,Ltrs,335.01,9316.63,Lanka IOC,RCP-613936,Cash,,169322.0,,Heavy Rain,Inter-branch transfer,Regular petrol refill for Honda Fit.
FT-202607-01137,LankaTech Solutions (Pvt) Ltd,25-07-2026,14:07:22, Kandy Branch,Vehicle,CP BDT 5521,Toyota TownAce, Diesel,62.1,Litres,313.06,19441.03,Company Fuel Depot,RCP-408465,corporate credit,Lahiru Senanayake,123682.0,,Rain,Month-end deliveries,Vehicle refuelled before scheduled client visit.
FT-202607-00990,LankaTech Solutions (Pvt) Ltd,17/07/2026,16:26:33,Kurunegala Warehouse,Vehicle,WP CBA 1198,Toyota Corolla,PETROL,46.26,l,339.56,15708.05,  ,RCP-767557,company fuel card,Pradeep Kumar,117183.0,,Flooding,Maintenance work,
FT-202607-00217,LankaTech Solutions (Pvt) Ltd,10 Jul 2026,11:26:31,Kandy Branch,Generator,GEN-KDY-01,Diesel Generator,Diesel,42.6,Litres,294.64,12551.66,Lanka IOC,RCP-551647,company fuel card,Kasun Fernando,,8.7,Rain,Warehouse operations, Generator fuel top-up during warehouse operations. 
FT-202607-00551,LankaTech Solutions (Pvt) Ltd,22-07-2026,11:08:29,Kandy Branch,Vehicle,CP CAE 9911,Mitsubishi Canter, Diesel,46.52,ltr,285.31,13272.62,Company Fuel Depot,RCP-330598,fuel_account,Sahan Wijesinghe ,42637.0,,Wet Roads,Month-end deliveries,REGULAR DIESEL REFILL FOR MITSUBISHI CANTER.
FT-202607-00959,LankaTech Solutions (Pvt) Ltd,25-07-2026,11:20:15,Colombo Head Office,Vehicle,WP QK 6723,Honda Fit,petrol ,26.98,Litres,319.25,8613.36,Local Fuel Station,RCP-236148,Company Fuel Card,Kasun Fernando,150752.0,,Wet Roads,Inter-branch transfer,generator use
FT-202607-00429,LankaTech Solutions (Pvt) Ltd,14-07-2026,11:52:25,Colombo Head Office,Vehicle,WP CAZ 9034,Suzuki Wagon R,Petrol,29.06,L ,342.67,9957.99,Local Fuel Station,RCP-191009,Company Fuel Card,Ruwan Bandara,127020.0,,Flooding,Maintenance work,Fuel purchased for operational requirement.
FT-202607-00562,LankaTech Solutions (Pvt) Ltd,22-Jul-2026,12:44:46,Kandy Branch,Vehicle,WP RAB 3842,Isuzu Elf,DIESEL,50.68,L ,292.66,14832.01, Ceypetco,RCP-605002,cash,,18225.0,,Rain,Routine operations, Additional trip resulted in higher consumption. 
FT-202607-00783,LankaTech Solutions (Pvt) Ltd,08/07/2026,07:35:06,Colombo Head Office,Generator,GEN-CMB-02,Diesel Generator,Diesel,161.13,L ,291.75,47009.68,Local Fuel Station,RCP-734393,corporate credit,Pradeep Kumar,,16.9,Very Hot,Emergency operations,Routine fuel purchase.
FT-202607-00191,LankaTech Solutions (Pvt) Ltd,02/07/2026,15:10:32,Colombo HO,Vehicle,WP QK 6723,Honda Fit,PetRol,35.57,l,332.75,11835.92,Lanka IOC,RCP-287965,Fuel Account,Lahiru Senanayake,104757.0,,Flooding,Routine operations,Regular petrol refill for Honda Fit.
FT-202607-00594,LankaTech Solutions (Pvt) Ltd,09-Jul-2026,12:10:50,Colombo HO,Vehicle,WP CBA 1198,Toyota Corolla,petrol,35.51,L ,327.58,11632.37,Company Fuel Depot,RCP-386159,Fuel Account,Ruwan Bandara,126258.0,,Flooding,Emergency operations,Regular petrol refill for Toyota Corolla.
FT-202607-01328,LankaTech Solutions (Pvt) Ltd,2026-07-19,16:49:20,Galle Branch,Vehicle,WP CBA 1198,Toyota Corolla,petrol,47.49,Litres,324.31,15401.48,Ceypetco,RCP-517036,FUEL CARD,Sahan Wijesinghe,62611.0,,Flooding,Inter-Branch Transfer,Fuel issued as per request.
FT-202607-01290,LankaTech Solutions (Pvt) Ltd,2026-07-08,20:29:22,Kandy Branch,Vehicle,WP CBA 1198,Toyota Corolla, Petrol,42.71,l,299.62,12796.77,Local Fuel Station,RCP-567793,Fuel Account,Tharindu Silva,179886.0,,Rain,Warehouse operations,Routine fuel purchase.
FT-202607-01497,LankaTech Solutions (Pvt) Ltd,31-Jul-2026,08:39:43,Kurunegala Warehouse,Vehicle,CP CAE 9911,Mitsubishi Canter,DiesEl,54.06,Ltrs,295.24,15960.67, Local Fuel Station,RCP-382951,corporate credit,Nimal Perera,27658.0,,Rain,Month-end deliveries,Vehicle refuelled before scheduled client visit.
FT-202607-01342,LankaTech Solutions (Pvt) Ltd,17-07-2026,07:34:14,Kandy Branch,Vehicle,WP CAB 4521,Toyota Hiace,DIESEL,44.02,litres,311.02,13691.1,Ceypetco,RCP-611915,Cash,Chamath Jayasinghe,94621.0,,Very Hot,Emergency operations, Emergency fuel top-up. 
FT-202607-00296,LankaTech Solutions (Pvt) Ltd,05 Jul 2026,11:17:49,Galle,Generator,GEN-GAL-01,Diesel Generator, Diesel,97.26,L ,331.42,32233.91,,RCP-416239,Corporate Credit,Sahan Wijesinghe,,14.5,Flooding,Month-end deliveries,extra fuel
FT-202607-00717,LankaTech Solutions (Pvt) Ltd,31 Jul 2026,20:41:08,Colombo Head Office,Vehicle,SP CAB 7788,Toyota Hilux,diesel,91.46,l,301.44,27569.7,CEYPETCO,RCP-645325,Fuel Account,Dinesh Kumara,92202.0,,Wet Roads,Month-end deliveries, Consumption slightly higher due to wet roads. 
FT-202607-01372,LankaTech Solutions (Pvt) Ltd,2026-07-17,07:26:04,Kurunegala Warehouse,Vehicle,CP BDT 5521,Toyota TownAce,diesel,82.65,litres,314.5,25993.43,Local Fuel Station,RCP-950024,Company Fuel Card,Chamath Jayasinghe,180053.0,,Rain,Inter-branch transfer,refuelling completed at approved station.
FT-202607-01366,LankaTech Solutions (Pvt) Ltd,2026/07/28,16:17:56,Kandy Branch,Generator,GEN-KDY-01,Diesel Generator,DIESEL,90.93,L,321.41,29225.81,Company Fuel Depot,RCP-279181,Company Fuel Card,Dinesh Kumara,,11.1,Flooding,Inter-branch transfer,Month-end fuel requirement.
FT-202607-00721,LankaTech Solutions (Pvt) Ltd,09-07-2026,18:10:22,Colombo Head Office,Generator,GEN-CMB-01,Diesel Generator, Diesel,17.77,ltr,316.49,5624.03,Ceypetco ,RCP-399761,Company Fuel Card,Ruwan Bandara,,2.5,Rain,Month-end deliveries,Additional fuel required due to increased activity.
FT-202607-01022,LankaTech Solutions (Pvt) Ltd,04-07-2026,16:54:28,Colombo Head Office,Vehicle,WP KX 2345,Isuzu D-Max,diesel ,77.8,litres,289.74,22541.77,Local Fuel Station,RCP-816306,corporate credit,Tharindu Silva,144248.0,,Rain,,Routine fuel purchase.
FT-202607-00659,LankaTech Solutions (Pvt) Ltd,03/07/2026,12:25:10,Kurunegala warehouse,Generator,GEN-KUR-01,Diesel Generator,DiesEl,36.89,liters,310.78,11464.67,Lanka IOC,RCP-983680,cash,Kasun Fernando,,5.8,Wet Roads,Routine operations,REFUELLING COMPLETED AT APPROVED STATION.
FT-202607-00105,LankaTech Solutions (Pvt) Ltd,03-Jul-2026,11:40:25,Colombo head office,Generator,GEN-CMB-01,Diesel Generator, Diesel,171.23,Litres,317.56,54375.8,Local Fuel Station,RCP-454082,Fuel Account,Nimal Perera,,18.0,Wet Roads,Emergency operations,Month-end fuel requirement.
FT-202607-01201,LankaTech Solutions (Pvt) Ltd,12/07/2026,17:56:35,Kandy Branch,Vehicle,WP KX 2345,Isuzu D-Max,diesel ,37.6,L ,311.47,11711.27,,RCP-111688,Company Fuel Card,Nimal Perera,81711.0,,Wet Roads,Emergency operations,consumption slightly higher due to wet roads.
FT-202607-00134,LankaTech Solutions (Pvt) Ltd,13 Jul 2026,08:43:17,Kandy Branch,Generator,GEN-KDY-01,Diesel Generator,Diesel,18.62,liters,319.54,5949.83,Ceypetco,RCP-626110,Fuel Account,Lahiru Senanayake,,3.9,Normal,Warehouse operations,Routine fuel purchase.
FT-202607-01079,LankaTech Solutions (Pvt) Ltd,2026/07/14,10:50:55,colomboHeadOffice,Vehicle,WP CBA 1198,Toyota Corolla, Petrol,50.01,Litres,311.68,15587.12,Ceypetco,RCP-715703,fuel_account,Dinesh Kumara,75601.0,,Normal,Inter-branch transfer,ADDITIONAL FUEL REQUIRED DUE TO INCREASED ACTIVITY.
FT-202607-00242,LankaTech Solutions (Pvt) Ltd,2026/07/13,07:25:28,Kurunegala Warehouse,Vehicle,WP CAA 7812,Toyota Prius,PetRol,34.66,Litres,309.1,10713.41,Company Fuel Depot,RCP-923424,corporate credit,Tharindu Silva,141308.0,,Rain,Inter-branch transfer,Fuel issued for inter-branch transfer.
FT-202607-00693,LankaTech Solutions (Pvt) Ltd,2026-07-18,12:38:09,Colombo  Head Office,Generator,GEN-CMB-02,Diesel Generator,diesel,124.45,Ltrs,309.98,38577.01,Company Fuel Depot,RCP-453108,fuel_account,Dinesh Kumara,,12.9,Flooding,Inter-branch transfer,Extra trip completed from Colombo Head Office.
FT-202607-01068,LankaTech Solutions (Pvt) Ltd,2026/07/05,13:50:05,Kandy Branch,Vehicle,WP RAB 3842,Isuzu Elf,diesel,23.71,Ltrs,309.99,7349.86,Lanka IOC,RCP-153866,cash,Lahiru Senanayake,162024.0,,Heavy Rain,Warehouse operations, Extra trip completed from Kandy Branch. 
FT-202607-01468,LankaTech Solutions (Pvt) Ltd,2026-07-03,16:01:50,Kandy Branch,Generator,GEN-KDY-01,Diesel Generator,diesel,99.82,litres,320.65,32007.28,Local Fuel Station,RCP-219150,Corporate Credit,Pradeep Kumar,,15.0,Normal,Emergency operations,EXTRA TRIP COMPLETED FROM KANDY BRANCH.
FT-202607-00845,LankaTech Solutions (Pvt) Ltd,2026/07/29,15:43:47,Kandy Branch,Vehicle,CP CAE 9911,Mitsubishi Canter,diesel ,85.9,l,320.76,27553.28,Lanka IOC,RCP-414731,Company Fuel Card,Dinesh Kumara,37048.0,,Wet Roads,Maintenance work,Fuel issued as per request.
FT-202607-00675,LankaTech Solutions (Pvt) Ltd,2026/07/04,09:47:17,GALLE BRANCH,Vehicle,CP CAE 9911,Mitsubishi Canter, Diesel,60.73,l,287.72,17473.24,Local Fuel Station,RCP-831259,cash,Pradeep Kumar,85191.0,,Rain,Emergency operations,
FT-202607-00969,LankaTech Solutions (Pvt) Ltd,29-07-2026,10:07:54,Kandy Branch,Generator,GEN-KDY-01,Diesel Generator,Diesel,82.6,Ltrs,310.62,25657.21,Lanka IOC,RCP-483057,Corporate Credit,Pradeep Kumar,,16.0,Normal,Routine operations,Fuel issued as per request.
FT-202607-00822,LankaTech Solutions (Pvt) Ltd,06-07-2026,08:34:57,Kurunegala Warehouse,Vehicle,WP CAZ 9034,Suzuki Wagon R,Petrol,54.07,Litres,313.93,16974.2,Company Fuel Depot,RCP-200478,Fuel Account,Ruwan Bandara,127721.0,,Rain,Inter-branch transfer,routine fuel purchase.
FT-202607-01143,LankaTech Solutions (Pvt) Ltd,10 Jul 2026,12:48:22,Colombo Head Office,Vehicle,WP CAZ 9034,Suzuki Wagon R,PETROL,61.11,Litres,322.09,19682.92,Local Fuel Station,RCP-391310,cash,Sahan Wijesinghe,40103.0,,Wet Roads,,Fuel purchased for operational requirement.
FT-202607-01421,LankaTech Solutions (Pvt) Ltd,2026/07/13,12:36:22,Colombo Head Office,Generator,GEN-CMB-02,Diesel Generator, Diesel,30.05,LTR,307.34,9235.57,Local Fuel Station,missing,Fuel Account,Ruwan Bandara,,5.7,Very Hot,Increased deliveries,Vehicle refuelled before scheduled client visit.
FT-202607-01023,LankaTech Solutions (Pvt) Ltd,31/07/2026,18:08:23,Colombo Head Office,Vehicle,WP RAB 3842,Isuzu Elf,DIESEL,56.66,L ,293.97,16656.34,Company Fuel Depot,RCP-894221,corporate credit,Nimal Perera,159468.0,,Normal,Client site visits,ROUTINE FUEL PURCHASE.
FT-202607-00703,LankaTech Solutions (Pvt) Ltd,2026-07-13,15:12:54,Colombo  Head Office,Vehicle,CP BDT 5521,Toyota TownAce,diesel ,28.41,l,286.25,8132.36,Lanka IOC,RCP-507189,corporate credit,Kasun Fernando,126413.0,,,Maintenance work,Fuel issued for maintenance work.
FT-202607-01156,LankaTech Solutions (Pvt) Ltd,2026-07-04,16:05:53,Galle Branch,Vehicle,WP QK 6723,Honda Fit,Petrol,52.41,L,313.79,16445.73,Company Fuel Depot,RCP-862906,fuel_account,Pradeep Kumar,164170.0,,Rain,Warehouse operations,Month-end fuel requirement. Higher than normal usage reported.
FT-202607-00201,LankaTech Solutions (Pvt) Ltd,17 Jul 2026,20:29:24,Colombo Head Office,Vehicle,WP CBA 1198,Toyota Corolla,petrol,43.9,L,322.21,14145.02,Ceypetco,RCP-543061,FUEL CARD,Ruwan Bandara,63908.0,,Flooding,Month-end deliveries,Fuel issued for month-end deliveries.
FT-202607-00531,LankaTech Solutions (Pvt) Ltd,2026-07-23,13:05:16,Galle Branch,Vehicle,WP CAA 7812,Toyota Prius,PETROL,56.97,L,327.91,18681.03,Ceypetco,RCP-209907,company fuel card,Nimal Perera,155102.0,,Flooding,Increased deliveries,
FT-202607-01496,LankaTech Solutions (Pvt) Ltd,08-Jul-2026,10:09:40,KURUNEGALA WAREHOUSE,Generator,GEN-KUR-01,Diesel Generator,diesel ,63.8,L,291.49,18597.06,Local Fuel Station,RCP-323488,Fuel Account,Lahiru Senanayake,,10.1,Flooding,Maintenance work,month-end fuel requirement.
FT-202607-00946,LankaTech Solutions (Pvt) Ltd,03 Jul 2026,13:17:58,Kurunegala Warehouse,Vehicle,WP CAB 4521,Toyota Hiace,diesel ,17.66,L,316.76,5593.98,Company Fuel Depot,RCP-497460,cash,Nimal Perera,122035.0,,Very Hot,Routine operations, Vehicle refuelled before scheduled client visit. 
FT-202607-00353,lankatech solutions (pvt) ltd,07-Jul-2026,12:07:03,Colombo Head Office,Generator,GEN-CMB-01,Diesel Generator, diesel ,15.78,Ltrs,285.53,4505.66,Lanka IOC,RCP-816295,FUEL CARD,Lahiru Senanayake,,3.4,Normal,Increased deliveries,REFUELLING COMPLETED AT APPROVED STATION.
FT-202607-01442,LankaTech Solutions (Pvt) Ltd,24/07/2026,08:59:38,Kandy Branch,Generator,GEN-KDY-01,Diesel Generator,diesel  ,79.52,liters,296.07,23543.49,Lanka IOC,RCP-978290,,Ruwan Bandara,,15.9,Wet Roads,Client site visits,Additional fuel required due to increased activity.
FT-202607-00997,LankaTech Solutions (Pvt) Ltd,28/07/2026,19:55:45,Colombo Head Office,Vehicle,CP BDT 5521,Toyota TownAce,DIESEL ,76.72,litres,330.44,25351.36,Lanka IOC,RCP-975591,Company Fuel Card,Ruwan Bandara,154054.0,,Wet Roads,Routine operations,Regular diesel refill for Toyota TownAce.
FT-202607-00269,lankatech solutions (pvt) ltd,25-Jul-2026,17:47:59, Kandy Branch,Generator,GEN-KDY-01,Diesel Generator,Diesel,47.78,Litres,295.88,14137.15,Lanka IOC,RCP-827972,cash,Lahiru Senanayake,,9.7,Very Hot,Maintenance work,Fuel issued for maintenance work.
FT-202607-00867,LankaTech Solutions (Pvt) Ltd,2026-07-08,18:52:26,Kurunegala Warehouse,Vehicle,WP QK 6723,Honda Fit,PETROL,28.21,l,341.95,9646.41,Lanka IOC,RCP-228298,cash,Pradeep Kumar,109217.0,,Heavy Rain,Emergency operations,
FT-202607-01323,LankaTech Solutions (Pvt) Ltd,31 Jul 2026,07:20:12,Colombo HQ,Vehicle,CP CAE 9911,Mitsubishi Canter,diesel ,18.55,L ,290.87,5395.64,Ceypetco,RCP-399946,Corporate Credit,Sahan Wijesinghe,45454.0,,Wet Roads,Client site visits,Additional fuel required due to increased activity.
FT-202607-01163,LankaTech Solutions (Pvt) Ltd,28-Jul-2026,17:37:52,Colombo HO,Vehicle,WP CAA 7812,Toyota Prius,Petrol,28.57,Ltrs,334.11,9545.52,Local Fuel Station,RCP-622399,Company Fuel Card,Pradeep Kumar,98739.0,,Wet Roads,CLIENT SITE VISITS,Additional fuel required due to increased activity.
FT-202607-00639,LankaTech Solutions (Pvt) Ltd,07-07-2026,20:12:58,Colombo Head Office,Vehicle,WP QK 6723,Honda Fit, Petrol,48.23,Ltrs,335.15,16164.28,Local Fuel Station,RCP-373878,Cash,Amal Fernando,86052.0,,Very Hot,Client site visits,Extra trip completed from Colombo Head Office.
FT-202607-01089,LankaTech Solutions (Pvt) Ltd,04-07-2026,07:51:39,Kurunegala Warehouse,Vehicle,CP CAE 9911,Mitsubishi Canter,Diesel,65.5,L ,307.64,20150.42,Lanka IOC,RCP-476410,cash,Ruwan Bandara,130358.0,,Very Hot,Increased deliveries,Consumption slightly higher due to very hot.
FT-202607-00695,LankaTech Solutions (Pvt) Ltd,2026-07-18,15:37:33,Colombo Head Office,Vehicle,SP CAB 7788,Toyota Hilux,Diesel,36.99,L ,304.89,11277.88,Company Fuel Depot,RCP-637277,fuel_account,Tharindu Silva,119466.0,,Normal,Client site visits,Extra trip completed from Colombo Head Office.
FT-202607-00082,LankaTech Solutions (Pvt) Ltd,11/07/2026,10:10:48,colomboHeadOffice,Generator,GEN-CMB-02,Diesel Generator,diesel,111.15,LTR,334.57,37187.46,Lanka IOC,RCP-997859,Company Fuel Card,Nimal Perera,,13.6,Wet Roads,emergencyOperations,Fuel purchased for operational requirement.
FT-202607-00208,LankaTech Solutions (Pvt) Ltd,25-07-2026,10:51:35,Colombo  Head Office,Vehicle,CP CAE 9911,Mitsubishi Canter,Diesel,66.42,ltr,300.34,19948.58,Lanka IOC,RCP-415561,company fuel card,Chamath Jayasinghe,37121.0,,Flooding,,Generator fuel top-up during routine operations.
FT-202607-00319,LankaTech Solutions (Pvt) Ltd,19/07/2026,17:18:30,Colombo Head Office,Vehicle,WP CAB 4521,Toyota Hiace,Diesel,41.59,L,320.56,13332.09,Company Fuel Depot,RCP-866621,Corporate Credit,Nimal Perera,156279.0,,Normal,Increased deliveries,Month-end fuel requirement.
FT-202607-00203,LankaTech Solutions (Pvt) Ltd,27/07/2026,17:41:44,Kandy Branch,Generator,GEN-KDY-01,Diesel Generator, Diesel,104.24,liters,334.46,34864.11,Ceypetco,RCP-274956,Corporate Credit,Kasun Fernando,,15.3,Heavy Rain,Client site visits,Fuel issued as per request.
FT-202607-00172,LankaTech Solutions (Pvt) Ltd,19-07-2026,10:37:55,Kurunegala Warehouse,Vehicle,WP RAB 3842,Isuzu Elf,diesel,35.12,Litres,311.52,10940.58,Ceypetco,RCP-838187,Cash,Dinesh Kumara,24436.0,,Wet Roads,Increased deliveries,Fuel issued for increased deliveries.
FT-202607-01130,LankaTech Solutions (Pvt) Ltd,02/07/2026,14:00:24,Colombo Head Office,vehicle,WP CAB 4521,Toyota Hiace,DIESEL,64.17,Ltrs,293.25,18817.85,Local Fuel Station,RCP-628705,FUEL CARD,Dinesh Kumara,170448.0,,Normal,Warehouse operations,routine fuel purchase.
FT-202607-01348,lankatechSolutions(Pvt)Ltd,2026-07-25,20:48:25,galleBranch,Vehicle,WP CAZ 9034,Suzuki Wagon R,petrol ,50.09,L  ,343.63,17212.43,Lanka IOC,RCP-484518,corporate credit,Tharindu Silva,30750.0,,Heavy Rain,Increased deliveries, additional fuel required due to increased activity. 
FT-202607-01058,LankaTech Solutions (Pvt) Ltd,23-Jul-2026,07:45:18,Galle Branch,Vehicle,WP CAB 4521,Toyota Hiace,diesel,62.83,LTR,285.99,17968.75,Ceypetco,RCP-524700,cash,Kasun Fernando,71304.0,,Flooding,Client site visits,Month-end fuel requirement.
FT-202607-01408,LankaTech Solutions (Pvt) Ltd,19/07/2026,20:07:23,Kandy Branch,Vehicle,SP CAB 7788,Toyota Hilux,Diesel,88.73,ltr,315.23,27970.36,Local Fuel Station,RCP-271923,cash,Tharindu Silva,68060.0,,Wet Roads,maintenance work,Fuel purchased for operational requirement.
FT-202607-00640,LankaTech Solutions (Pvt) Ltd,27-Jul-2026,12:36:58,Kurunegala Warehouse,Vehicle,WP RAB 3842,Isuzu Elf,diesel,19.46,L ,299.67,5831.58,Local Fuel Station,RCP-873202,Fuel Account,Pradeep Kumar,99856.0,,Wet Roads,Emergency operations,Additional trip resulted in higher consumption.
FT-202607-00314,LankaTech Solutions (Pvt) Ltd,05/07/2026,09:29:32,Colombo Head Office,Vehicle,WP CAB 4521,Toyota Hiace,DiesEl,88.14,l,307.44,27097.76,Company Fuel Depot,RCP-125089,cash,Chamath Jayasinghe,129251.0,,Rain,Month-end deliveries,
FT-202607-01112,LankaTech Solutions (Pvt) Ltd,23-07-2026,06:47:35,Kandy Branch,Vehicle,CP CAE 9911,Mitsubishi Canter, Diesel,69.63,l,331.85,23106.72,Local Fuel Station,RCP-686061,FUEL CARD,Ruwan Bandara,64150.0,,Heavy Rain,Emergency operations,see receipt
FT-202607-01100,LankaTech Solutions (Pvt) Ltd,06-Jul-2026,16:43:56,Kurunegala Warehouse,Vehicle,WP CAZ 9034,Suzuki Wagon R,Petrol,24.33,L ,315.65,7679.76,Ceypetco,RCP-974248,corporate credit,Nimal Perera,56558.0,,Wet Roads,Emergency operations, Generator fuel top-up during emergency operations. 
FT-202607-01460,LankaTech Solutions (Pvt) Ltd,10-07-2026,13:06:58,Galle Branch,Vehicle,WP RAB 3842,Isuzu Elf,DiesEl,77.36,L,306.57,23716.26,Ceypetco,RCP-785470,cash,Dinesh Kumara,67801.0,,Heavy Rain,Client site visits,Refuelling completed at approved station.
FT-202607-01166,LankaTech Solutions (Pvt) Ltd,2026-07-17,08:42:46,Colombo Head Office,Generator,GEN-CMB-01,Diesel Generator,diesel ,33.14,l,303.7,10064.62,,RCP-838222,company fuel card,Amal Fernando,,6.4,Rain,Month-end deliveries,Additional trip resulted in higher consumption.
FT-202607-00840,LankaTech Solutions (Pvt) Ltd,2026/07/28,08:32:43,Kandy Branch,Generator,GEN-KDY-01,Diesel Generator,diesel,89.52,l,312.06,27935.61,Lanka IOC,RCP-305764,corporate credit,Lahiru Senanayake,,10.1,Heavy Rain,Emergency operations,Emergency fuel top-up.
FT-202607-01427,LankaTech Solutions (Pvt) Ltd,06/07/2026,08:00:19,Colombo Head Office,Vehicle,WP RAB 3842,Isuzu Elf,diesel,84.88,ltr,334.13,28360.95,Local Fuel Station,RCP-843686,Fuel Account,Lahiru Senanayake,23582.0,,Rain,Month-end deliveries,Month-end fuel requirement.
FT-202607-00895,LankaTech Solutions (Pvt) Ltd,10-Jul-2026,06:00:38,Colombo Head Office,Vehicle,WP KX 2345,Isuzu D-Max,DIESEL,91.07,Ltrs,334.57,30469.29,Company Fuel Depot,RCP-842759,FUEL CARD,Amal Fernando,114704.0,,Rain,Increased deliveries, FUEL ISSUED AS PER REQUEST. 
FT-202607-00952,LankaTech Solutions (Pvt) Ltd,05 Jul 2026,10:39:28,Colombo HQ,Vehicle,WP CAZ 9034,Suzuki Wagon R, Petrol,34.18,LTR,327.86,11206.25,Lanka IOC,RCP-441109,Fuel Account,Amal Fernando,125210.0,,Rain,Increased deliveries,Refuelling completed at approved station.
FT-202607-00075,LankaTech Solutions (Pvt) Ltd,22/07/2026,07:49:43,Colombo HO,Vehicle,WP CBA 1198,Toyota Corolla, Petrol,20.47,L ,312.57,6398.31,Ceypetco,RCP-784697,Fuel Account,Nimal Perera,111146.0,,Wet Roads,Routine operations,Fuel receipt entered manually by admin.
FT-202607-00869,LankaTech Solutions (Pvt) Ltd,31/07/2026,08:56:46,Colombo HQ,Generator,GEN-CMB-01,Diesel Generator,DIESEL,31.02,Litres,314.08,9742.76,Lanka IOC,RCP-509254,cash,Tharindu Silva,,4.1,Heavy Rain,Increased deliveries,Refuelling completed at approved station.
FT-202607-00472,LankaTech Solutions (Pvt) Ltd,03 Jul 2026,06:25:40,Kurunegala Warehouse,Vehicle,WP CBA 1198,Toyota Corolla,Petrol,47.09,ltr,328.63,15475.19,Local Fuel Station,RCP-422309,CASH,Sahan Wijesinghe,72768.0,,Rain,Inter-branch transfer,Emergency fuel top-up.
FT-202607-00517,LankaTech Solutions (Pvt) Ltd,01 Jul 2026,14:36:17,Colombo HO,Vehicle,SP CAB 7788,Toyota Hilux,DiesEl,81.92,Litres,324.7,26599.42,Ceypetco,RCP-254518,Corporate Credit,Kasun Fernando,188290.0,,Very Hot,month-end deliveries,Additional fuel required due to increased activity.
FT-202607-00450,LankaTech Solutions (Pvt) Ltd,09-07-2026,19:14:01,KANDY BRANCH,Vehicle,WP CAB 4521,Toyota Hiace,DiesEl,54.71,litres,333.12,18225.0,Lanka IOC,RCP-213381,corporate credit,Sahan Wijesinghe,184320.0,,Flooding,Client site visits,Fuel issued for client site visits.
FT-202607-00660,LankaTech Solutions (Pvt) Ltd,29 Jul 2026,11:58:51,Galle Branch,Vehicle,WP CBA 1198,Toyota Corolla,PETROL,47.2,l,305.56,14422.43,COMPANY FUEL DEPOT,RCP-195528,Company Fuel Card,Chamath Jayasinghe,50369.0,,Very Hot,Increased deliveries,Refuelling completed at approved station.
FT-202607-00757,LankaTech Solutions (Pvt) Ltd,2026/07/27,13:27:41,Colombo Head Office,Vehicle,WP RAB 3842,Isuzu Elf,diesel,19.76,ltr,302.4,5975.42,Lanka IOC,RCP-545029,corporate credit,Nimal Perera,41862.0,,Very Hot,,Regular diesel refill for Isuzu Elf.
FT-202607-01085,LankaTech Solutions (Pvt) Ltd,2026-07-21,17:59:49,Colombo Head Office,Vehicle,SP CAB 7788,Toyota Hilux,diesel ,51.33,liters,312.79,16055.51,Ceypetco,RCP-301089,Company Fuel Card,Pradeep Kumar,101110.0,,Flooding,Client site visits,Fuel issued as per request.
FT-202607-00630,LankaTech Solutions (Pvt) Ltd,16/07/2026,11:14:51,Kurunegala Warehouse,Generator,GEN-KUR-01,Diesel Generator,Diesel ,32.48,Litres,307.75,9995.72,Local Fuel Station,RCP-707407,company fuel card,Nimal Perera,,5.0,Very Hot,Maintenance work,routine fuel purchase. Higher than normal usage reported.
FT-202607-00055,LankaTech Solutions (Pvt) Ltd,13 Jul 2026,15:49:28,Colombo Head Office,Vehicle,WP CBA 1198,Toyota Corolla,PETROL,29.02,L,340.07,9868.83,Ceypetco,RCP-483923,company fuel card,Dinesh Kumara,120725.0,,Wet Roads,Month-end deliveries,Vehicle refuelled before scheduled client visit.
FT-202607-00773,LankaTech Solutions (Pvt) Ltd,12-Jul-2026,08:20:20,Kurunegala Warehouse,Generator,GEN-KUR-01,Diesel Generator, Diesel,31.62,Litres,327.48,10354.92,Lanka IOC,RCP-238036,company fuel card,Tharindu Silva,,2.5,Heavy Rain,Emergency operations,Consumption slightly higher due to heavy rain.
FT-202607-01005,LankaTech Solutions (Pvt) Ltd,25-07-2026,09:08:11,Colombo  Head Office,Vehicle,CP CAE 9911,Mitsubishi Canter,diesel,88.65,Ltrs,326.67,28959.3,Local Fuel Station,RCP-316284,cash,Tharindu Silva,,,Very Hot,Increased deliveries,Consumption slightly higher due to very hot.
FT-202607-00412,LankaTech Solutions (Pvt) Ltd,02-Jul-2026,16:19:03,kandyBranch,Generator,GEN-KDY-01,Diesel Generator,Diesel,80.71,LTR,285.1,23010.42,Ceypetco,,corporate credit,Pradeep Kumar,,12.0,Rain,Warehouse operations,Fuel issued for warehouse operations.
FT-202607-01368,LankaTech Solutions (Pvt) Ltd,20-07-2026,11:59:47,Kurunegala WH,Vehicle,WP RAB 3842,Isuzu Elf,DiesEl,86.34,Litres,323.91,27966.39,Lanka IOC,RCP-784199,corporate credit,Chamath Jayasinghe,63467.0,,Wet Roads,Emergency Operations,Regular diesel refill for Isuzu Elf.
FT-202607-01450,LankaTech Solutions (Pvt) Ltd,2026-07-17,08:26:43,Colombo Head Office,Vehicle,WP CAZ 9034,Suzuki Wagon R,petrol ,32.19,Ltrs,316.67,10193.61,Ceypetco,RCP-724005,Corporate Credit,Lahiru Senanayake,184916.0,,Heavy Rain,Inter-branch transfer, additional trip resulted in higher consumption. 
FT-202607-01395,LankaTech Solutions (Pvt) Ltd,2026/07/01,11:38:32,Galle Branch,Generator,GEN-GAL-01,Diesel Generator,DIESEL,84.97,litres,319.73,27167.46,Lanka IOC,RCP-403373,Company Fuel Card,Chamath Jayasinghe,,15.8,Rain,Client site visits,Routine fuel purchase.
FT-202607-00063,LankaTech Solutions (Pvt) Ltd,2026-07-03,14:21:50,Colombo Head Office,Vehicle,WP CAB 4521,Toyota Hiace,diesel ,76.35,Litres,303.98,23208.87,Lanka IOC,RCP-984870,Company Fuel Card,Lahiru Senanayake,86461.0,,Heavy Rain,Routine operations,generator fuel top-up during routine operations.
FT-202607-00090,LankaTech Solutions (Pvt) Ltd,23/07/2026,13:52:24,Colombo Head Office,Generator,GEN-CMB-01,Diesel Generator,Diesel,98.41,litres,329.82,32457.59,Company Fuel Depot,RCP-780469,FUEL CARD,Chamath Jayasinghe,,12.9,Wet Roads,Emergency operations,additional fuel required due to increased activity.
FT-202607-01337,LankaTech Solutions (Pvt) Ltd,08/07/2026,10:40:44,Colombo Head Office,Vehicle,WP CAB 4521,Toyota Hiace, Diesel,95.95,ltr,318.2,30531.29,Lanka IOC,RCP-949275,Fuel Account,Sahan Wijesinghe,101110.0,,Heavy Rain,emergency operations,Refuelling completed at approved station.
FT-202607-00188,LankaTech Solutions (Pvt) Ltd,2026/07/06,17:35:00,KURUNEGALA WAREHOUSE,Vehicle,WP CAB 4521,Toyota Hiace,diesel,70.13,LTR,290.9,20400.82,Ceypetco,RCP-842129,corporate credit,Kasun Fernando,124945.0,,Heavy Rain,Warehouse operations,Generator fuel top-up during warehouse operations.
FT-202607-00708,LankaTech Solutions (Pvt) Ltd,04-Jul-2026,19:32:08,Colombo Head Office,Vehicle,WP RAB 3842,Isuzu Elf, Diesel,62.21,litres,295.83,18403.58,Lanka IOC,RCP-281273,cash,Nimal Perera,121446.0,,Heavy Rain,Emergency operations, routine fuel purchase. 
FT-202607-01469,LankaTech Solutions (Pvt) Ltd,01-Jul-2026,09:13:13,COLOMBO HEAD OFFICE,Vehicle,WP CAZ 9034,Suzuki Wagon R,PetRol,52.64,l,320.29,16860.07,Lanka IOC,RCP-162797,Cash,Kasun Fernando,39500.0,,Flooding,Increased deliveries,Emergency fuel top-up.
FT-202607-00866,LankaTech Solutions (Pvt) Ltd,29/07/2026,10:47:34,GALLE BRANCH,Vehicle,SP CAB 7788,Toyota Hilux, Diesel,72.48,L ,285.68,20706.09,Lanka IOC,RCP-986759,Company Fuel Card,Ruwan Bandara,154363.0,,Very Hot,Increased deliveries,FUEL RECEIPT ENTERED MANUALLY BY ADMIN.
FT-202607-01280,LankaTech Solutions (Pvt) Ltd,11/07/2026,06:06:26,Kurunegala Warehouse,Vehicle,WP KX 2345,Isuzu D-Max,DIESEL,54.5,l,319.2,17396.4,Ceypetco,RCP-611552,corporate credit,Pradeep Kumar,130802.0,,Very Hot,Increased deliveries,Vehicle refuelled before scheduled client visit.
FT-202607-00282,LankaTech Solutions (Pvt) Ltd,2026-07-25,20:55:41,Kandy Branch,Vehicle,WP CAZ 9034,Suzuki Wagon R,petrol ,20.33,L ,319.92,6503.97,Lanka IOC,RCP-747556,FUEL CARD,Kasun Fernando,153245.0,,Flooding,interBranchTransfer,Month-end fuel requirement.
FT-202607-00018,LankaTech Solutions (Pvt) Ltd,2026-07-29,20:11:20,Colombo Head Office,Vehicle,WP RAB 3842,Isuzu Elf,diesel ,53.7,liters,332.71,17866.53,Local Fuel Station,RCP-746785,corporate credit,Tharindu Silva,138673.0,,Flooding,Emergency operations,generator fuel top-up during emergency operations.
FT-202607-01169,LankaTech Solutions (Pvt) Ltd,09-Jul-2026,17:06:28,Kurunegala Warehouse,Generator,GEN-KUR-01,Diesel Generator,Diesel,75.89,liters,295.79,22447.5,Ceypetco ,missing,cash,Lahiru Senanayake,,10.9,Rain,Inter-branch transfer,Additional fuel required due to increased activity.
FT-202607-01138,LankaTech Solutions (Pvt) Ltd,05-Jul-2026,06:29:41,Colombo Head Office,Vehicle,WP KX 2345,Isuzu D-Max, Diesel,72.19,Ltrs,297.17,21452.7,Lanka IOC,RCP-839339,cash,Chamath Jayasinghe,121713.0,,Rain,Month-end deliveries,Routine fuel purchase.
FT-202607-00927,LankaTech Solutions (Pvt) Ltd,2026-07-20,17:27:38,Galle Branch,Generator,GEN-GAL-01,Diesel Generator,diesel ,38.56,Litres,294.81,11367.87,Ceypetco,RCP-320454,FUEL CARD,Tharindu Silva,,6.0,Flooding,Increased deliveries,Refuelling completed at approved station.
FT-202607-00111,LankaTech Solutions (Pvt) Ltd,08-07-2026,14:46:35,kurunegalaWarehouse,Vehicle,WP RAB 3842,Isuzu Elf,DIESEL,53.26,Ltrs,330.49,17601.9,Lanka IOC,RCP-428603,fuel_account,Kasun Fernando,79715.0,,Very Hot,Routine operations, Consumption slightly higher due to very hot. 
FT-202607-00620,LankaTech Solutions (Pvt) Ltd,2026-07-29,19:28:26,Galle,Vehicle,WP QK 6723,Honda Fit, Petrol,46.12,liters,312.6,14417.11,Ceypetco,RCP-111158,Fuel Account,Amal Fernando,181449.0,,Flooding,Warehouse operations,FUEL ISSUED FOR WAREHOUSE OPERATIONS.
FT-202607-01214,LankaTech Solutions (Pvt) Ltd,21-Jul-2026,11:14:56,Colombo Head Office,Vehicle,WP CBA 1198,Toyota Corolla,PETROL,17.91,Litres,313.74,5619.08,Company Fuel Depot,RCP-706625,Company Fuel Card,Dinesh Kumara,84101.0,,Wet Roads,Emergency operations,Fuel purchased for operational requirement.
FT-202607-00907,LankaTech Solutions (Pvt) Ltd,13/07/2026,13:49:58,Colombo Head Office,Vehicle,CP CAE 9911,Mitsubishi Canter,diesel ,50.19,Litres,312.58,15688.39,Lanka IOC,RCP-440301,corporate credit,Ruwan Bandara,182605.0,,Heavy Rain,Warehouse operations,Fuel issued for warehouse operations. 
FT-202607-01105,LankaTech Solutions (Pvt) Ltd,2026-07-14,06:18:06,Kurunegala Warehouse,Vehicle,WP KX 2345,Isuzu D-Max,DIESEL,92.89,litres,325.55,30240.34,Local Fuel Station,RCP-950233,CASH,Chamath Jayasinghe,140163.0,,Wet Roads,Increased deliveries,Routine fuel purchase.
FT-202607-00014,LankaTech Solutions (Pvt) Ltd,26/07/2026,16:26:38,Colombo Head Office,Vehicle,WP CAB 4521,Toyota Hiace,DIESEL,33.3,ltr,321.42,10703.29,Ceypetco,RCP-559521,company fuel card,Pradeep Kumar,137616.0,,Normal,Maintenance work,Refuelling completed at approved station.
FT-202607-00360,LankaTech Solutions (Pvt) Ltd,20/07/2026,08:57:26,Kandy Branch,Vehicle,WP QK 6723,Honda Fit,PetRol,26.81,L ,343.64,9212.99,Ceypetco,RCP-348859,corporate credit,Ruwan Bandara,179600.0,,Heavy Rain,Emergency operations,Routine fuel purchase.
FT-202607-00736,LankaTech Solutions (Pvt) Ltd,2026-07-24,17:21:29,Colombo Head Office,Vehicle,CP CAE 9911,Mitsubishi Canter,diesel,34.78,LTR,297.26,10338.7,Company Fuel Depot,RCP-897537,Cash,Kasun Fernando,90801.0,,Flooding,Emergency operations, fuel issued as per request. 
FT-202607-00947,LankaTech Solutions (Pvt) Ltd,2026/07/23,06:15:13,KURUNEGALA WAREHOUSE,Generator,GEN-KUR-01,Diesel Generator,diesel ,55.35,LTR,301.29,16676.4,Ceypetco,RCP-444816,Fuel Account,Dinesh Kumara,,6.2,,Warehouse operations,Regular diesel refill for Diesel Generator.
FT-202607-00543,LankaTech Solutions (Pvt) Ltd,13/07/26,18:14:28,Colombo Head Office,Vehicle,WP RAB 3842,Isuzu Elf,DiesEl,81.84,Ltrs,324.24,26535.8,Lanka IOC,RCP-210128,Company Fuel Card,Sahan Wijesinghe,161216.0,,Heavy Rain,Routine operations,Routine fuel purchase.
FT-202607-00078,LankaTech Solutions (Pvt) Ltd,02/07/2026,06:51:39,Colombo Head Office,Vehicle,CP CAE 9911,Mitsubishi Canter,diesel,96.84,Ltrs,301.34,29181.77,Local Fuel Station,RCP-743550,FUEL CARD, Amal Fernando,139369.0,,,Month-end deliveries,Vehicle refuelled before scheduled client visit.
FT-202607-01154,LankaTech Solutions (Pvt) Ltd,05/07/2026,17:05:20,Galle Branch,Vehicle,CP BDT 5521,Toyota TownAce,diesel,30.8,L ,294.74,9077.99,Local Fuel Station,RCP-674426,Company Fuel Card,Pradeep Kumar,91921.0,,Very Hot,Emergency operations,Additional fuel required due to increased activity. 
FT-202607-00819,LANKATECH SOLUTIONS (PVT) LTD,21-07-2026,14:08:28,Colombo HO,Generator,GEN-CMB-01,Diesel Generator,Diesel,27.06,l,322.36,8723.06,Lanka IOC,RCP-261069,FUEL CARD,Pradeep Kumar,,4.0,Very Hot,emergencyOperations,fuel receipt entered manually by admin.
FT-202607-00200,LankaTech Solutions (Pvt) Ltd,2026/07/30,11:38:44,Colombo Head Office,VEHICLE,WP KX 2345,Isuzu D-Max,Diesel,69.42,liters,287.08,19929.09,Ceypetco,RCP-908516,company fuel card,Ruwan Bandara,177262.0,,Heavy Rain,Maintenance work,Vehicle refuelled before scheduled client visit.
FT-202607-01063,LANKATECH SOLUTIONS (PVT) LTD,2026-07-31,14:08:52,Colombo Head Office,Vehicle,WP CAA 7812,Toyota Prius,PETROL,42.74,L,329.23,14071.29,Ceypetco,RCP-573991,corporate credit,Dinesh Kumara,68946.0,,Wet Roads,Maintenance work,
FT-202607-00831,LankaTech Solutions (Pvt) Ltd,2026-07-22,16:44:21,Colombo Head Office,Vehicle,WP CAA 7812,Toyota Prius,Petrol,12.19,L,332.25,4050.13,Company Fuel Depot,RCP-206618,FUEL CARD,Sahan Wijesinghe,184939.0,,Very Hot,Warehouse operations,Emergency fuel top-up.
FT-202607-00897,LankaTech Solutions (Pvt) Ltd,11 Jul 2026,20:21:43,Galle Branch,Generator,GEN-GAL-01,Diesel Generator,DiesEl,116.03,Ltrs,309.55,35917.09,Ceypetco,RCP-297263,fuel_account,Dinesh Kumara,,16.2,Wet Roads,Month-end deliveries,Extra trip completed from Galle Branch.
FT-202607-00446,LankaTech Solutions (Pvt) Ltd,11-07-2026,12:30:54,Colombo Head Office,Vehicle,WP CAA 7812,Toyota Prius,PETROL,54.75,L ,305.28,16714.08,Ceypetco,RCP-995920,Corporate Credit,Amal Fernando,181022.0,,Rain,Increased deliveries,routine fuel purchase.
FT-202607-00931,LankaTech Solutions (Pvt) Ltd,2026/07/12,12:27:57,Colombo head office,Vehicle,WP CAZ 9034,Suzuki Wagon R,petrol,44.36,Ltrs,304.55,13509.84,Ceypetco,RCP-445752,Company Fuel Card,Dinesh Kumara,32382.0,,Very Hot,Maintenance work,Vehicle refuelled before scheduled client visit.
FT-202607-00051,LankaTech Solutions (Pvt) Ltd,2026/07/28,15:51:36,Kurunegala Warehouse,Generator,GEN-KUR-01,Diesel Generator, Diesel,11.92,liters,302.08,3600.79,Ceypetco ,RCP-925676,corporate credit,Chamath Jayasinghe,,2.1,Flooding,Routine operations, Refuelling completed at approved station. 
FT-202607-01173,LankaTech Solutions (Pvt) Ltd,08/07/2026,13:25:12,Kandy Branch,Vehicle,WP CAA 7812,Toyota Prius, Petrol,56.45,LTR,313.84,17716.27,local fuel station,RCP-487611,COMPANY FUEL CARD,Kasun Fernando,113790.0,,Rain,Maintenance work,Routine fuel purchase.
FT-202607-00003,LankaTech Solutions (Pvt) Ltd,21/07/2026,13:39:21,Kandy Branch,Vehicle,SP CAB 7788,Toyota Hilux, Diesel,60.5,L,317.48,19207.54,Ceypetco,RCP-648479,cash,Kasun Fernando,153950.0,,Rain,clientSiteVisits,extra trip completed from kandy branch. Higher than normal usage reported.
FT-202607-00019,LankaTech Solutions (Pvt) Ltd,18-07-2026,09:45:27,Kurunegala Warehouse,Generator,GEN-KUR-01,Diesel Generator,diesel ,101.37,liters,334.85,33943.74,Local Fuel Station,RCP-133988,fuel_account,Nimal Perera,,12.1,Heavy Rain,Client site visits,Fuel purchased for operational requirement.
FT-202607-00588,LankaTech Solutions (Pvt) Ltd,01-07-2026,17:34:09,Colombo Head Office,Vehicle,SP CAB 7788,Toyota Hilux, Diesel,59.38,ltr,328.92,19531.27,Local Fuel Station,RCP-348357,company fuel card,Lahiru Senanayake,34442.0,,Heavy Rain,Client site visits,Vehicle refuelled before scheduled client visit.
FT-202607-00781,LankaTech Solutions (Pvt) Ltd,08-07-2026,19:44:04,Colombo Head Office,Generator,GEN-CMB-02,Diesel Generator,DIESEL,38.27,Ltrs,296.92,11363.13,Company Fuel Depot,RCP-755823,company fuel card,Nimal Perera,,6.8,Wet Roads,Increased deliveries,
FT-202607-01230,LankaTech Solutions (Pvt) Ltd,19-Jul-2026,10:18:09,Galle Branch,Generator,GEN-GAL-01,Diesel Generator,diesel ,40.12,liters,314.97,12636.6,Company Fuel Depot,RCP-300886,company fuel card,Kasun Fernando,,8.7,Wet Roads,Routine operations,Month-end fuel requirement.
FT-202607-01140,LankaTech Solutions (Pvt) Ltd,2026-07-20,07:41:14, Galle Branch,Generator,GEN-GAL-01,Diesel Generator,DIESEL,36.06,L ,291.07,10495.98,Local Fuel Station,RCP-982152,fuel_account,Pradeep Kumar,,4.4,Very Hot,Emergency operations,refuelling completed at approved station.
FT-202607-00350,LankaTech Solutions (Pvt) Ltd,26 Jul 2026,07:22:18,Galle,GENERATOR,GEN-GAL-01,Diesel Generator,Diesel,23.68,litres,290.28,6873.83,Ceypetco,RCP-719442,corporate credit,Chamath Jayasinghe,,3.3,Flooding,Maintenance work,refuelling completed at approved station.
FT-202607-00552,LankaTech Solutions (Pvt) Ltd,26-Jul-2026,18:40:55,Galle Branch,Vehicle,CP BDT 5521,Toyota TownAce,Diesel,72.55,liters,298.45,21652.55,Ceypetco,RCP-474493,FUEL CARD,Tharindu Silva,83056.0,,Wet Roads,Maintenance work, Consumption slightly higher due to wet roads. 
FT-202607-00932,LankaTech Solutions (Pvt) Ltd,18-Jul-2026,13:26:15,Colombo head office,Generator,GEN-CMB-02,Diesel Generator,DiesEl,82.93,Ltrs,315.71,26181.83,Local Fuel Station,RCP-131436,fuel_account,Nimal Perera,,13.9,Normal,Routine operations,Extra trip completed from Colombo Head Office.
FT-202607-00337,LankaTech Solutions (Pvt) Ltd,2026-07-31,15:00:08,Kandy Branch,Vehicle,WP KX 2345,Isuzu D-Max, Diesel,40.84,l,311.35,12715.53,Local Fuel Station,RCP-263000,Corporate Credit,Ruwan Bandara,19986.0,,Wet Roads,Maintenance work,Month-end fuel requirement.
FT-202607-00694,LankaTech Solutions (Pvt) Ltd,28-Jul-2026,17:43:18,colombo head office,Vehicle,WP RAB 3842,Isuzu Elf, Diesel,50.62,litres,295.34,14950.11,Company Fuel Depot,RCP-652054,corporate credit,Chamath Jayasinghe,124580.0,,Wet Roads,Maintenance work,
FT-202607-00716,LankaTech Solutions (Pvt) Ltd,29 Jul 2026,07:53:53,Kandy Branch ,Vehicle,WP RAB 3842,Isuzu Elf,DiesEl,72.75,liters,307.89,22399.0,Lanka IOC,RCP-540871,Fuel Account,Lahiru Senanayake,172988.0,,Heavy Rain,Warehouse operations,
FT-202607-00140,LankaTech Solutions (Pvt) Ltd,19-07-2026,16:06:35,Kandy Branch,Vehicle,WP KX 2345,Isuzu D-Max,diesel ,60.57,liters,288.49,17473.84,Lanka IOC,RCP-327901,Corporate Credit,Kasun Fernando,138466.0,,Flooding,Maintenance work,trip extended
FT-202607-00614,LankaTech Solutions (Pvt) Ltd,25-07-2026,16:25:25,Kurunegala Warehouse,Generator,GEN-KUR-01,Diesel Generator,DIESEL,49.11,Ltrs,301.59,14811.08,Ceypetco,RCP-334804,company fuel card,Sahan Wijesinghe,,8.1,Flooding,Warehouse operations,Fuel issued for warehouse operations.
FT-202607-01103,LANKATECH SOLUTIONS (PVT) LTD,02-07-2026,20:20:47,colombo head office,Vehicle,WP CAZ 9034,Suzuki Wagon R,petrol,20.24,LTR,335.09,6782.22,local fuel station,RCP-614384,corporate credit,Lahiru Senanayake,178696.0,,Wet Roads,Maintenance work, Month-end fuel requirement. 
FT-202607-00042,LankaTech Solutions (Pvt) Ltd,25/07/2026,08:24:33,Colombo Head Office,Vehicle,WP CAZ 9034,Suzuki Wagon R,Petrol,44.9,liters,301.71,13546.78,Lanka IOC,RCP-612164,Company Fuel Card,Nimal Perera,149050.0,,Heavy Rain,Routine operations,Additional fuel required due to increased activity.
FT-202607-00855,LankaTech Solutions (Pvt) Ltd,2026/07/10,13:01:59,Galle Branch,Vehicle,WP QK 6723,Honda Fit,PetRol,45.73,L,295.42,13509.56,Local Fuel Station,RCP-255175,Fuel Account,Tharindu Silva,55310.0,,Rain,Inter-branch transfer,routine fuel purchase.
FT-202607-00621,LankaTech Solutions (Pvt) Ltd,17/07/2026,07:13:29,Colombo Head Office,Vehicle,WP CAZ 9034,Suzuki Wagon R,petrol ,44.76,LTR,335.31,15008.48,Ceypetco,RCP-609716,Company Fuel Card,Tharindu Silva,87940.0,,Rain,Inter-branch transfer,vehicle refuelled before scheduled client visit.
FT-202607-00887,LankaTech Solutions (Pvt) Ltd,13 Jul 2026,20:00:29,Kurunegala Warehouse,Vehicle,WP CAZ 9034,Suzuki Wagon R,PetRol,33.38,Ltrs,325.57,10867.53,Ceypetco,RCP-414392,Company Fuel Card,Tharindu Silva,135132.0,,Heavy Rain,Emergency operations,fuel issued as per request.
FT-202607-01015,LankaTech Solutions (Pvt) Ltd,2026-07-30,11:17:11,Colombo HO,Vehicle,SP CAB 7788,Toyota Hilux,diesel,70.12,ltr,326.63,22903.3,Local Fuel Station ,RCP-282199,,Tharindu Silva,153969.0,,Flooding,Month-end deliveries,Month-end fuel requirement.
FT-202607-01239,LankaTech Solutions (Pvt) Ltd,06-07-2026,16:04:57,Colombo Head Office,Vehicle,WP RAB 3842,Isuzu Elf,DiesEl,58.95,Litres,318.15,18754.94,Company Fuel Depot,RCP-935491,fuel_account,Nimal Perera,161794.0,,Heavy Rain,Routine operations,Fuel receipt entered manually by admin.
FT-202607-00697,LankaTech Solutions (Pvt) Ltd,2026/07/26,18:24:26,Kurunegala Warehouse,Vehicle,CP CAE 9911,Mitsubishi Canter, Diesel,59.61,ltr,317.0,18896.37,Lanka IOC,RCP-478993,company fuel card,Kasun Fernando,104166.0,,Rain,Increased deliveries,Additional fuel required due to increased activity.
FT-202607-00378,LankaTech Solutions (Pvt) Ltd,07-07-2026,07:38:26,Kandy Branch,VEHICLE,SP CAB 7788,Toyota Hilux, Diesel,70.3,litres,300.01,21090.7,Ceypetco,RCP-900709,fuel_account,Pradeep Kumar,167777.0,,Heavy Rain,Increased deliveries,Routine fuel purchase.
FT-202607-00272,LankaTech Solutions (Pvt) Ltd,13-Jul-2026,19:45:32,Colombo Head Office,Generator,GEN-CMB-02,Diesel Generator,DiesEl,108.14,ltr,293.1,31695.83,localFuelStation,RCP-489555,Company Fuel Card,Kasun Fernando,,17.3,Flooding,Inter-branch transfer,fuel receipt entered manually by admin.
FT-202607-00199,LankaTech Solutions (Pvt) Ltd,07-Jul-2026,14:19:08,Colombo Head Office,Vehicle,CP CAE 9911,Mitsubishi Canter,DiesEl,62.5,litres,331.33,20708.12,Company Fuel Depot,RCP-475601,FUEL CARD,Amal Fernando,45046.0,,Very Hot,Maintenance work,Generator fuel top-up during maintenance work.
FT-202607-01368,LankaTech Solutions (Pvt) Ltd,20-07-2026,11:59:47,Kurunegala WH,Vehicle,WP RAB 3842,Isuzu Elf,DiesEl,86.34,Litres,323.91,27966.39,Lanka IOC,RCP-784199,corporate credit,Chamath Jayasinghe,63467.0,,Wet Roads,Emergency Operations,Regular diesel refill for Isuzu Elf.
FT-202607-01263,LankaTech Solutions (Pvt) Ltd,28/07/2026,20:07:42,Galle Branch,Vehicle,CP BDT 5521,Toyota TownAce, Diesel,38.2,liters,288.79,11031.78,Company Fuel Depot,RCP-821175,cash, Lahiru Senanayake,171722.0,,Normal,Warehouse operations, Refuelling completed at approved station. 
FT-202607-00106,LankaTech Solutions (Pvt) Ltd,09-Jul-2026,15:51:38,Kurunegala Warehouse,Vehicle,WP QK 6723,Honda Fit,Petrol,31.59,Litres,327.05,10331.51,Lanka IOC,RCP-983160,cash,Dinesh Kumara,182868.0,,Very Hot,Routine operations,Extra trip completed from Kurunegala Warehouse.
FT-202607-00961,LankaTech Solutions (Pvt) Ltd,06-Jul-2026,18:26:13,Kandy Branch,Vehicle,WP CBA 1198,Toyota Corolla,PetRol,32.71,ltr,297.6,9734.5,Local Fuel Station,RCP-844640,Cash,Sahan Wijesinghe,111780.0,,Very Hot,,Fuel receipt entered manually by admin.
FT-202607-00651,LankaTech Solutions (Pvt) Ltd,30-Jul-2026,06:40:32,Colombo Head Office,Generator,GEN-CMB-02,Diesel Generator, Diesel,82.86,L,299.69,24832.31,Company Fuel Depot,RCP-859167,Corporate Credit,Dinesh Kumara,,17.4,Wet Roads,Month-end deliveries,Extra trip completed from Colombo Head Office.
FT-202607-00950,LankaTech Solutions (Pvt) Ltd,14 Jul 2026,17:08:58,Kurunegala Warehouse,Generator,GEN-KUR-01,Diesel Generator,diesel,125.29,Ltrs,306.63,38417.67,Ceypetco,RCP-281408,Corporate Credit,Amal Fernando,,16.3,Flooding,month-end deliveries,Additional trip resulted in higher consumption.
FT-202607-00026,LankaTech Solutions (Pvt) Ltd,2026/07/29,14:53:31,colomboHeadOffice,Generator,GEN-CMB-02,Diesel Generator,DiesEl,16.93,L ,320.99,5434.36,LANKA IOC,RCP-879717,Fuel Account,Sahan Wijesinghe,,2.5,Very Hot,Routine operations,Extra trip completed from Colombo Head Office.
FT-202607-00705,LankaTech Solutions (Pvt) Ltd,07-07-2026,10:18:45,Kurunegala Warehouse,Vehicle,WP CAZ 9034,Suzuki Wagon R,petrol,,litres,311.9,6715.21,Company Fuel Depot,RCP-222509,CASH,Kasun Fernando,89986.0,,Very Hot,Client site visits,vehicle refuelled before scheduled client visit.
FT-202607-01260,LankaTech Solutions (Pvt) Ltd,04-07-2026,16:49:54,Colombo HO,Vehicle,CP CAE 9911,Mitsubishi Canter,DiesEl  ,71.24,LTR,291.86,20792.11,Ceypetco,RCP-223340,Fuel Account,Lahiru Senanayake,76709.0,,Wet Roads,Emergency operations,Emergency fuel top-up.
FT-202607-00889,LankaTech Solutions (Pvt) Ltd,21-07-2026,14:01:28,Colombo Head Office,Vehicle,CP CAE 9911,Mitsubishi Canter,DiesEl,27.24,L ,317.51,8648.97,Ceypetco,RCP-540042,fuel_account,Kasun Fernando,58890.0,,Flooding,Routine operations,generator fuel top-up during routine operations.
FT-202607-00537,LankaTech Solutions (Pvt) Ltd,2026-07-19,12:00:51,COLOMBO HEAD OFFICE,Vehicle,WP QK 6723,Honda Fit,petrol,18.43,Ltrs,312.22,5754.21,Ceypetco,RCP-746230,Fuel Account,Amal Fernando,97025.0,,Wet Roads,Client site visits,Fuel purchased for operational requirement.
FT-202607-00181,LankaTech Solutions (Pvt) Ltd,2026-07-05,08:24:00,kurunegalaWarehouse,Generator,GEN-KUR-01,Diesel Generator,DiesEl,107.63,Litres,294.72,31720.71,COMPANY FUEL DEPOT,RCP-602839,Cash,Pradeep Kumar,,15.7,Heavy Rain,Increased deliveries,Month-end fuel requirement.
FT-202607-00278,LankaTech Solutions (Pvt) Ltd,09/07/2026,15:41:02,Kurunegala Warehouse,Vehicle,WP CBA 1198,Toyota Corolla, Petrol,36.66,Ltrs,327.04,11989.29,Lanka IOC,RCP-466510,corporate credit,Amal Fernando,23839.0,,Normal,Inter-branch transfer,Refuelling completed at approved station.
FT-202607-00330,LankaTech Solutions (Pvt) Ltd,22-Jul-2026,10:46:03,Kandy Branch,Vehicle,SP CAB 7788,Toyota Hilux,Diesel,62.51,Litres,290.75,18174.78,company fuel depot,RCP-478980,Fuel Account,Chamath Jayasinghe,150109.0,,Very Hot,Routine operations,Generator fuel top-up during routine operations.
FT-202607-00077,LankaTech Solutions (Pvt) Ltd,2026-07-07,12:09:19, Colombo Head Office,Generator,GEN-CMB-01,Diesel Generator,diesel ,113.15,LTR,295.76,33465.24,Company Fuel Depot,RCP-756322,Cash,Kasun Fernando,,17.3,Flooding,Warehouse operations,Vehicle refuelled before scheduled client visit.
FT-202607-00777,LankaTech Solutions (Pvt) Ltd,2026/07/18,19:49:35,Kurunegala Warehouse,Vehicle,WP CAA 7812,Toyota Prius,PetRol,10.95,LTR,329.01,3602.66,Lanka IOC,RCP-648156,company fuel card,Nimal Perera,63341.0,,Heavy Rain,Increased deliveries,Emergency fuel top-up.
FT-202607-01040,LankaTech Solutions (Pvt) Ltd,2026/07/01,11:55:50,Kurunegala Warehouse,Vehicle,WP CAA 7812,Toyota Prius,PETROL,16.5,Ltrs,336.77,5556.7,Ceypetco,RCP-560346,corporate credit,Sahan Wijesinghe,160045.0,,Wet Roads,Inter-branch transfer,Consumption slightly higher due to wet roads.
FT-202607-01110,LankaTech Solutions (Pvt) Ltd,2026-07-05,07:46:01,Kandy Branch,Vehicle,WP QK 6723,Honda Fit,PETROL,44.9,litres,298.09,13384.24,Lanka IOC,RCP-624593,corporate credit,Amal Fernando,88285.0,,Wet Roads,Inter-branch transfer,additional trip resulted in higher consumption.
FT-202607-00126,LankaTech Solutions (Pvt) Ltd,2026/07/15,15:13:23,Kandy Branch,Vehicle,CP BDT 5521,Toyota TownAce, Diesel,73.14,Litres,312.12,22828.46,Ceypetco,RCP-914395,fuel_account,Kasun Fernando,37352.0,,Flooding,Increased deliveries,vehicle refuelled before scheduled client visit.
FT-202607-00842,LankaTech Solutions (Pvt) Ltd,24 Jul 2026,06:40:09,Colombo Head Office,Vehicle,WP CBA 1198,Toyota Corolla,PETROL,37.14,litres,324.47,12050.82,Lanka IOC,RCP-281271,Corporate Credit,Kasun Fernando,70593.0,,Wet Roads,Emergency operations,Routine fuel purchase.
FT-202607-00356,LankaTech Solutions (Pvt) Ltd,07/07/2026,20:09:54,Kurunegala Warehouse,Generator,GEN-KUR-01,Diesel Generator,diesel,96.29,Litres,296.18,28519.17,lanka ioc,RCP-167355,cash,Tharindu Silva,,14.7,Flooding,Maintenance work,Month-end fuel requirement.
FT-202607-00004,LankaTech Solutions (Pvt) Ltd,27 Jul 2026,13:43:45,Galle branch,Vehicle,WP CAA 7812,Toyota Prius,petrol ,51.5,L ,307.83,15853.24,Ceypetco,RCP-565656,cash,Tharindu Silva,57345.0,,Very Hot,Month-end deliveries,fuel issued as per request.
FT-202607-01301,LankaTech Solutions (Pvt) Ltd,15 Jul 2026,09:11:51,Kurunegala Warehouse,Vehicle,WP CAZ 9034,Suzuki Wagon R,PetRol,56.58,L,299.37,16938.35,LOCAL FUEL STATION,RCP-194242,Cash,Pradeep Kumar,178495.0,,Wet Roads,Inter-branch transfer,Regular petrol refill for Suzuki Wagon R.
FT-202607-00251,LankaTech Solutions (Pvt) Ltd,20-07-2026,16:29:42,COLOMBO HEAD OFFICE,Vehicle,WP CAB 4521,Toyota Hiace,diesel ,54.9,L ,295.05,16198.25,Ceypetco,RCP-116428,corporate credit,Nimal Perera,159191.0,,Normal,Maintenance work,Extra trip completed from Colombo Head Office.
FT-202607-00965,LankaTech Solutions (Pvt) Ltd,2026-07-03,16:51:40,Colombo HQ,Generator,GEN-CMB-02,Diesel Generator, Diesel,158.21,L ,321.35,50840.78,Local Fuel Station,RCP-552533,corporate credit,Pradeep Kumar,,17.9,Flooding,Client site visits,Routine fuel purchase.
FT-202607-00384,LankaTech Solutions (Pvt) Ltd,17 Jul 2026,14:56:04,Colombo Head Office,Vehicle,WP CBA 1198,Toyota Corolla,PETROL,26.96,liters,334.56,9019.74,Local Fuel Station,RCP-440519,Company Fuel Card,Tharindu  Silva,157656.0,,Rain,Increased deliveries,Additional fuel required due to increased activity.
FT-202607-01325,LankaTech Solutions (Pvt) Ltd,31-Jul-2026,19:42:46,Colombo Head Office,Vehicle,WP CBA 1198,Toyota Corolla,petrol,90.12,Litres,308.04,27760.56,Ceypetco,RCP-159981,corporateCredit,Nimal Perera,112888.0,,Flooding,Month-end deliveries,MONTH-END FUEL REQUIREMENT. Higher than normal usage reported.
FT-202607-00638,LankaTech Solutions (Pvt) Ltd,12 Jul 2026,14:05:14,Galle Branch,Vehicle,WP KX 2345,Isuzu D-Max,DIESEL,58.97,LTR,304.21,17939.26,Company Fuel Depot,RCP-314109,Corporate Credit,Pradeep Kumar,67369.0,,Flooding,, routine fuel purchase. 
FT-202607-00461,LankaTech Solutions (Pvt) Ltd,2026/07/09,15:48:44,Galle,Vehicle,WP CAB 4521,Toyota Hiace,DiesEl,71.03,l,331.64,23556.39,Company Fuel Depot,RCP-944108,Fuel Account,Amal Fernando,167536.0,,Normal,Month-end deliveries,Additional trip resulted in higher consumption.
FT-202607-00626,LankaTech Solutions (Pvt) Ltd,2026-07-28,15:34:39,Colombo Head Office,Vehicle,WP QK 6723,Honda Fit,Petrol,47.83,ltr,336.3,16085.23,Company Fuel Depot,RCP-674286,fuel_account,Chamath Jayasinghe,183571.0,,Heavy Rain,Emergency operations,
FT-202607-00453,LankaTech Solutions (Pvt) Ltd,2026-07-10,14:05:45,Colombo HQ,Generator,GEN-CMB-02,Diesel Generator,DiesEl,23.46,L ,299.02,7015.01,Company Fuel Depot,RCP-854784,fuel_account,Amal Fernando,,3.9,Wet Roads,Maintenance work,urgent refill
FT-202607-00226,LankaTech Solutions (Pvt) Ltd,28-07-2026,16:40:12,Kurunegala Warehouse,Vehicle,CP CAE 9911,Mitsubishi Canter,DiesEl,38.57,LTR,332.94,12841.5,Ceypetco,RCP-129080,Fuel Account,Dinesh Kumara,91011.0,,Rain,Maintenance work,Regular diesel refill for Mitsubishi Canter.
FT-202607-00481,LankaTech Solutions (Pvt) Ltd,2026/07/09,20:32:00,Colombo Head Office,Vehicle,WP CAA 7812,Toyota Prius,petrol ,26.52,litres,295.29,7831.09,Ceypetco,RCP-519763,company fuel card,Dinesh Kumara,81702.0,,Normal,Emergency operations,Emergency fuel top-up.
FT-202607-00636,LankaTech Solutions (Pvt) Ltd,2026-07-20,18:03:56,Galle Branch,Vehicle,WP KX 2345,Isuzu D-Max,DiesEl,57.66,liters,314.96,18160.59,Ceypetco,RCP-747817,Fuel Account,Ruwan Bandara,125383.0,,Wet Roads,Warehouse operations,refuelling completed at approved station.
FT-202607-00407,LankaTech Solutions (Pvt) Ltd,16 Jul 2026,06:55:08,Kandy Branch,Vehicle,CP CAE 9911,Mitsubishi Canter, Diesel,57.59,ltr,320.62,18464.51,Lanka IOC,RCP-690115,fuel_account,Lahiru Senanayake,19288.0,,Flooding,,additional trip resulted in higher consumption.
FT-202607-00678,LankaTech Solutions (Pvt) Ltd,01-07-2026,06:35:19,Kandy Branch,Vehicle,WP CBA 1198,Toyota Corolla,petrol,14.49,ltr,341.26,4944.86,Lanka IOC,RCP-164547,fuel_account,Chamath Jayasinghe,91445.0,,Wet Roads,Month-end deliveries,Fuel issued as per request.
FT-202607-01391,lankatech solutions (pvt) ltd,29-Jul-2026,16:05:49,KURUNEGALA WAREHOUSE,Vehicle,WP KX 2345,Isuzu D-Max,diesel ,66.36,litres,309.34,20527.8,Local Fuel Station,RCP-326809,Corporate Credit,Nimal Perera,152462.0,,Very Hot,Client site visits,Refuelling completed at approved station.
FT-202607-00335,LankaTech Solutions (Pvt) Ltd,2026/07/28,20:50:53,Colombo Head Office,Vehicle,CP BDT 5521,Toyota TownAce,Diesel,62.13,l,288.22,17907.11,Lanka IOC,RCP-913515,FUEL CARD,Sahan Wijesinghe,68315.0,,Flooding,Month-end deliveries,Fuel issued as per request.
FT-202607-00005,LANKATECH SOLUTIONS (PVT) LTD,2026-07-31,19:37:19,Kurunegala Warehouse,Vehicle,WP KX 2345,Isuzu D-Max,DIESEL,46.0,litres,318.52,14651.92,Lanka IOC,RCP-995819,Company Fuel Card,Chamath Jayasinghe,51887.0,,Heavy Rain,Routine operations,fuel issued as per request.
FT-202607-00765,LankaTech Solutions (Pvt) Ltd,21 Jul 2026,17:29:24,Galle Branch,Vehicle,WP RAB 3842,Isuzu Elf,DiesEl,60.06,ltr,324.11,19466.05,Lanka IOC,RCP-932103,Fuel Account,Pradeep Kumar,171262.0,,Very Hot,Routine operations,Regular diesel refill for Isuzu Elf.
FT-202607-00730,LankaTech Solutions (Pvt) Ltd,07-Jul-2026,09:31:31,Colombo HQ,Vehicle,SP CAB 7788,Toyota Hilux, Diesel,67.94,LTR,326.24,22164.75,Company Fuel Depot,RCP-682996,company fuel card,Dinesh Kumara,164362.0,,Wet Roads,Emergency operations,Regular diesel refill for Toyota Hilux. 
FT-202607-01228,LankaTech Solutions (Pvt) Ltd,13-07-2026,11:25:59,Kurunegala Warehouse,Vehicle,WP KX 2345,Isuzu D-Max,diesel,62.03,liters,331.33,20552.4,,RCP-540141,Fuel Account,Nimal Perera,139719.0,,Heavy Rain,Increased deliveries, Fuel issued for increased deliveries. 
FT-202607-01185,LankaTech Solutions (Pvt) Ltd,25 Jul 2026,18:04:25,Colombo Head Office,Vehicle,WP KX 2345,Isuzu D-Max, Diesel,52.66,l,310.76,16364.62,Company Fuel Depot,RCP-674192,corporate credit,Amal Fernando,82165.0,,Very Hot,Month-end deliveries,GENERATOR FUEL TOP-UP DURING MONTH-END DELIVERIES.
FT-202607-00183,LankaTech Solutions (Pvt) Ltd,04 Jul 2026,20:00:19,Colombo Head Office,Vehicle,CP CAE 9911,Mitsubishi Canter,DiesEl,87.51,LTR,307.54,26912.83,Ceypetco,RCP-508412,corporate credit,Kasun Fernando,118630.0,,Heavy Rain,Client site visits,Month-end fuel requirement.
FT-202607-01061,LankaTech Solutions (Pvt) Ltd,2026/07/15,07:07:36,Kandy Branch,Vehicle,CP CAE 9911,Mitsubishi Canter,diesel ,79.2,Litres,287.19,22745.45,Lanka IOC,RCP-731718,company fuel card,Lahiru Senanayake,47285.0,,Flooding,Month-end deliveries,fuel purchased for operational requirement.
FT-202607-01424,LankaTech Solutions (Pvt) Ltd,23 Jul 2026,13:22:13,Colombo Head Office,Vehicle,WP CBA 1198,Toyota Corolla,Petrol,57.3,Ltrs,329.57,18884.36,Company Fuel Depot,RCP-202735,Corporate Credit,Nimal Perera,176643.0,,Heavy Rain,Routine operations,Month-end fuel requirement.
FT-202607-00549,LankaTech Solutions (Pvt) Ltd,28 Jul 2026,15:54:22,kurunegala warehouse ,Vehicle,CP BDT 5521,Toyota TownAce, Diesel,72.1,Litres,294.92,21263.73,Lanka IOC,RCP-520074,corporate credit,Pradeep Kumar,148514.0,,Rain,Increased deliveries,extra trip completed from kurunegala warehouse.
FT-202607-01476,LankaTech Solutions (Pvt) Ltd,21-Jul-2026,13:29:20,Kandy Branch,Vehicle,WP CAZ 9034,Suzuki Wagon R,petrol ,38.83,LTR,302.63,11751.12,Ceypetco,RCP-193454,Corporate Credit,Chamath Jayasinghe,54923.0,,Very Hot,Client site visits,Fuel receipt entered manually by admin. Higher than normal usage reported.
FT-202607-00767,LankaTech Solutions (Pvt) Ltd,24-07-2026,17:50:52,Kurunegala Warehouse,Vehicle,CP CAE 9911,Mitsubishi Canter,Diesel,11.36,Litres,299.29,3399.93,Ceypetco,RCP-941546,fuel_account,Chamath Jayasinghe,113700.0,,Rain,Client site visits, Regular diesel refill for Mitsubishi Canter. 
FT-202607-00826,LankaTech Solutions (Pvt) Ltd,2026/07/30,12:24:41,Colombo Head Office,Vehicle,SP CAB 7788,Toyota Hilux,DiesEl,41.46,L ,321.58,13332.71,Local Fuel Station,RCP-583511,Fuel Account,Amal Fernando,176801.0,,Very Hot,Month-end deliveries,Vehicle refuelled before scheduled client visit.
FT-202607-01216,LankaTech Solutions (Pvt) Ltd,2026/07/16,19:49:08,Colombo Head Office,Vehicle,WP CBA 1198,Toyota Corolla,PetRol,25.66,liters,326.71,8383.38,Lanka IOC,RCP-983410,Cash,Chamath Jayasinghe,130638.0,,Flooding,Warehouse operations,Refuelling completed at approved station.
FT-202607-00982,LankaTech Solutions (Pvt) Ltd,2026/07/27,15:58:57,Colombo Head Office,Generator,GEN-CMB-01,Diesel Generator,Diesel,120.28,L  ,293.11,35255.27,Local Fuel Station,RCP-679022,company fuel card,Tharindu Silva,,13.0,Heavy Rain,Warehouse operations,Consumption slightly higher due to heavy rain.
FT-202607-00229,LankaTech Solutions (Pvt) Ltd,2026-07-11,10:05:37,Galle Branch,Vehicle,WP CAB 4521,Toyota Hiace,DIESEL,77.96,ltr,306.6,23902.54,Local Fuel Station,RCP-382879,Cash,Dinesh Kumara,21857.0,,Rain,Inter-branch transfer,Regular diesel refill for Toyota Hiace.
FT-202607-01082,LankaTech Solutions (Pvt) Ltd,28-07-2026,17:04:41,Colombo  Head Office,Vehicle,CP CAE 9911,Mitsubishi Canter,DiesEl,100.34,Litres,297.35,29836.1,Ceypetco ,RCP-172530,FUEL CARD,Kasun Fernando,29308.0,,Wet Roads,Warehouse operations,Consumption slightly higher due to wet roads.
FT-202607-01016,LankaTech Solutions (Pvt) Ltd,06 Jul 2026,18:17:42,Kandy Branch,Generator,GEN-KDY-01,Diesel Generator,diesel,52.69,l,330.1,17392.97,Local Fuel Station,RCP-756076,cash,Pradeep Kumar,,7.9,Heavy Rain,Inter-branch transfer,Consumption slightly higher due to heavy rain.
FT-202607-01191,LankaTech Solutions (Pvt) Ltd,2026/07/22,10:22:58,KANDY BRANCH,Generator,GEN-KDY-01,Diesel Generator,Diesel,43.87,l,300.04,13162.75,Company Fuel Depot,RCP-861570,FUEL CARD,Lahiru Senanayake,,7.3,Rain,Inter-branch transfer,Fuel purchased for operational requirement.
FT-202607-01312,LankaTech Solutions (Pvt) Ltd,02-Jul-2026,17:54:30,Kandy Branch,Vehicle,WP KX 2345,Isuzu D-Max,diesel,22.22,ltr,290.98,6465.58,Company Fuel Depot,RCP-453918,Company Fuel Card,Nimal Perera,70966.0,,Heavy Rain,Client site visits,Routine fuel purchase.
FT-202607-00197,LankaTech Solutions (Pvt) Ltd,2026-07-15,19:12:30,Kurunegala Warehouse,Vehicle,WP KX 2345,Isuzu D-Max,DiesEl,38.46,Ltrs,328.13,12619.88,Company Fuel Depot,RCP-276355,cash,Dinesh Kumara,46280.0,,Very Hot,Routine operations,Regular diesel refill for Isuzu D-Max.
FT-202607-00072,LankaTech Solutions (Pvt) Ltd,08/07/2026,08:51:20,Colombo Head Office,Generator,GEN-CMB-01,Diesel Generator,Diesel,18.53,l,285.84,5296.62,Ceypetco,RCP-326747,cash,Nimal Perera,,2.8,Flooding,Maintenance work, Vehicle refuelled before scheduled client visit. 
FT-202607-01456,LankaTech Solutions (Pvt) Ltd,01 Jul 2026,20:56:11,Kandy Branch,Generator,GEN-KDY-01,Diesel Generator,DiesEl,98.6,Ltrs,331.98,32733.23,Ceypetco,RCP-765717,company fuel card,Chamath Jayasinghe,,12.9,Flooding,Emergency operations,Emergency fuel top-up.
FT-202607-00313,LankaTech Solutions (Pvt) Ltd,30-07-2026,16:49:13,Colombo Head Office,Vehicle,CP BDT 5521,Toyota TownAce,DiesEl,67.9,ltr,299.67,20347.59,Local Fuel Station,RCP-398150,Corporate Credit,Ruwan Bandara,80664.0,,Wet Roads,Maintenance work,Regular diesel refill for Toyota TownAce.
FT-202607-01205,LankaTech Solutions (Pvt) Ltd,04/07/2026,12:47:19,Galle Branch,vehicle,WP CAB 4521,Toyota Hiace,DiesEl,201.52,ltr,330.82,66666.85,Local Fuel Station,RCP-639313,company fuel card,Sahan Wijesinghe,159625.0,,Wet Roads,Increased deliveries,Regular diesel refill for Toyota Hiace. Higher than normal usage reported.
FT-202607-00608,LankaTech Solutions (Pvt) Ltd,20/07/2026,10:42:31,Kurunegala Warehouse,Vehicle,WP KX 2345,Isuzu D-Max,DiesEl,121.19,LTR,324.45,39320.1,Lanka IOC,RCP-620891,company fuel card,Amal Fernando,109689.0,,Very Hot,Inter-branch transfer, Refuelling completed at approved station.  Higher than normal usage reported.
FT-202607-01362,LankaTech Solutions (Pvt) Ltd,2026-07-27,10:00:25,Colombo Head Office,Generator,GEN-CMB-02,Diesel Generator,Diesel,65.65,L ,331.64,21772.17,Lanka IOC,RCP-893772,Cash,Ruwan Bandara,,12.1,Normal,Routine operations, ROUTINE FUEL PURCHASE. 
FT-202607-00252,LankaTech Solutions (Pvt) Ltd,2026-07-30,08:02:28,Kandy,Generator,GEN-KDY-01,Diesel Generator, Diesel,115.97,l,295.58,34278.41,Ceypetco,RCP-564602,Fuel Account,Ruwan Bandara,,14.3,Flooding,Maintenance work,additional trip resulted in higher consumption.
FT-202607-01443,LankaTech Solutions (Pvt) Ltd,11-Jul-2026,09:07:43,Galle Branch,Vehicle,CP BDT 5521,Toyota TownAce, Diesel,59.36,L,315.74,18742.33,Ceypetco,RCP-102514,cash,Nimal Perera,103406.0,,Very Hot,Emergency operations,Consumption slightly higher due to very hot.
FT-202607-00566,LankaTech Solutions (Pvt) Ltd,2026-07-03,14:22:18,Colombo Head Office,Vehicle,WP QK 6723,Honda Fit,Petrol,54.03,L,316.23,17085.91,Company Fuel Depot,RCP-763062,FUEL CARD,Pradeep Kumar,94591.0,,Flooding,Increased deliveries,additional fuel required due to increased activity.
FT-202607-00334,LankaTech Solutions (Pvt) Ltd,2026-07-25,12:30:22,Colombo Head Office,Vehicle,WP CAB 4521,Toyota Hiace,DIESEL,21.68,ltr,289.39,6273.98,Ceypetco,RCP-341348,Company Fuel Card,Kasun Fernando,124101.0,,Flooding,Month-end deliveries,Emergency fuel top-up.
FT-202607-00985,LankaTech Solutions (Pvt) Ltd,23-07-2026,10:22:16,Kandy Branch,Generator,GEN-KDY-01,Diesel Generator,DiesEl,52.07,Litres,322.03,16768.1,Ceypetco,RCP-159296,Fuel Account,Chamath Jayasinghe,,9.8,Normal,Maintenance work, Vehicle refuelled before scheduled client visit. 
FT-202607-01165,LankaTech Solutions (Pvt) Ltd,2026-07-25,16:21:28,Kurunegala Warehouse,Vehicle,WP QK 6723,Honda Fit,PetRol,39.0,Ltrs,331.64,12933.96,Ceypetco,RCP-309717,corporate credit,Ruwan Bandara,141163.0,,Heavy Rain,Routine operations,Vehicle refuelled before scheduled client visit.
FT-202607-01200,LankaTech Solutions (Pvt) Ltd,21/07/2026,18:08:57,Kandy Branch,Vehicle,WP CAA 7812,Toyota Prius,petrol ,65.35,l,337.25,22039.29,Ceypetco,RCP-729023,cash,Sahan Wijesinghe,131767.0,,Wet Roads,Emergency operations,Additional fuel required due to increased activity. Higher than normal usage reported.
FT-202607-00764,LankaTech Solutions (Pvt) Ltd,07-07-2026,09:15:36,Galle Branch,VEHICLE,WP CAA 7812,Toyota Prius, Petrol,50.14,LTR,319.73,16031.26,Company Fuel Depot,RCP-273098,Company Fuel Card,Amal Fernando,141015.0,,Rain,Warehouse operations,Additional trip resulted in higher consumption.
FT-202607-00991,LankaTech Solutions (Pvt) Ltd,2026-07-20,08:15:54,Kandy Branch,Vehicle,CP BDT 5521,Toyota TownAce, Diesel,51.54,L ,303.84,15659.91,Lanka IOC,RCP-193392,Company Fuel Card,Ruwan Bandara,77712.0,,Normal,, Consumption slightly higher due to normal. 
FT-202607-00297,LankaTech Solutions (Pvt) Ltd,24-Jul-2026,08:49:41,Galle Branch,Vehicle,WP CAB 4521,Toyota Hiace,DiesEl,86.63,Ltrs,314.64,27257.26,Lanka IOC,RCP-381072,fuel_account,Chamath Jayasinghe,118841.0,,Rain,routine operations,additional fuel required due to increased activity.
FT-202607-01302,LankaTech Solutions (Pvt) Ltd,13-07-2026,15:17:40,Galle Branch,Vehicle,WP RAB 3842,Isuzu Elf,DIESEL,83.3,l,313.24,26092.89,Local Fuel Station,RCP-921737,Fuel Account,Lahiru Senanayake,47202.0,,Flooding,Month-end deliveries,Fuel receipt entered manually by admin.
FT-202607-01237,LankaTech Solutions (Pvt) Ltd,2026/07/29,17:00:12,Kurunegala Warehouse,Vehicle,WP CBA 1198,Toyota Corolla, Petrol,24.71,LTR,299.03,7389.03,Lanka IOC,RCP-865223,fuel_account,Kasun Fernando,149236.0,,Flooding,Maintenance work,Additional fuel required due to increased activity.
FT-202607-00180,LankaTech Solutions (Pvt) Ltd,26 Jul 2026,07:53:57,COLOMBO HEAD OFFICE,Vehicle,WP RAB 3842,Isuzu Elf,DIESEL,31.62,litres,302.56,9566.95,Ceypetco,RCP-421395,fuel_account,Nimal Perera,101795.0,,Rain,Emergency operations, Fuel purchased for operational requirement. 
FT-202607-00357,LankaTech Solutions (Pvt) Ltd,22/07/2026,20:13:54,Kandy Branch,Vehicle,WP QK 6723,Honda Fit, Petrol,51.6,ltr,336.22,17348.95,Ceypetco,RCP-911712,corporate credit,Sahan Wijesinghe,68009.0,,Very Hot,Routine operations,Generator fuel top-up during routine operations.
FT-202607-00177,LankaTech Solutions (Pvt) Ltd,2026/07/10,18:19:45,Colombo Head Office,Vehicle,WP KX 2345,Isuzu D-Max,DIESEL,64.45,L,299.26,19287.31,Ceypetco,RCP-292199,cash,Pradeep Kumar,150980.0,,Rain,Routine operations, extra trip completed from colombo head office. 
FT-202607-00951,LankaTech Solutions (Pvt) Ltd,26-07-2026,16:18:12,Colombo Head Office,Vehicle,WP CAB 4521,Toyota Hiace,diesel,37.92,L ,302.65,11476.49,Lanka IOC,RCP-200264,FUEL CARD,Chamath Jayasinghe,110081.0,,Very Hot,Month-end deliveries, ADDITIONAL FUEL REQUIRED DUE TO INCREASED ACTIVITY. 
FT-202607-01425,LankaTech Solutions (Pvt) Ltd,05/07/2026,11:58:14,colomboHeadOffice,Generator,GEN-CMB-02,Diesel Generator, Diesel,102.62,litres,324.29,33278.64,Local Fuel Station,RCP-224821,Corporate Credit,Kasun Fernando,,12.1,Flooding,Emergency operations,Month-end fuel requirement.
FT-202607-01253,LankaTech Solutions (Pvt) Ltd,2026-07-21,14:43:34,Colombo HO,Vehicle,WP RAB 3842,Isuzu Elf,diesel,88.96,litres,303.54,27002.92,,RCP-567552,Corporate Credit,Tharindu Silva,74115.0,,,Inter-branch transfer,Routine fuel purchase.
FT-202607-01238,LankaTech Solutions (Pvt) Ltd,28-Jul-2026,16:41:07,Kurunegala Warehouse,Vehicle,WP RAB 3842,Isuzu Elf,diesel ,53.13,litres,316.56,16818.83,Company Fuel Depot,RCP-299721,Fuel Account,Pradeep Kumar,34015.0,,Flooding,emergencyOperations,Additional trip resulted in higher consumption. Higher than normal usage reported.
FT-202607-00685,LankaTech Solutions (Pvt) Ltd,20-Jul-2026,10:13:50,kandyBranch,Vehicle,WP CAZ 9034,Suzuki Wagon R, Petrol,40.68,l,326.28,13273.07,Company Fuel Depot,RCP-489295,Fuel Account,Nimal Perera,102501.0,,,Month-end deliveries,vehicle refuelled before scheduled client visit.
FT-202607-00389,LankaTech Solutions (Pvt) Ltd,30 Jul 2026,20:28:55,Galle Branch,Vehicle,WP CAZ 9034,Suzuki Wagon R,Petrol,27.0,L ,308.08,8318.16,Lanka IOC,RCP-364990,cash,Kasun Fernando,20159.0,,Very Hot,Month-end deliveries,Fuel receipt entered manually by admin.
FT-202607-01470,LankaTech Solutions (Pvt) Ltd,03-Jul-2026,07:11:55,Colombo Head Office,Generator,GEN-CMB-02,Diesel Generator,DIESEL,161.73,L,321.08,51928.27,Company Fuel Depot,RCP-166548,Cash,Lahiru Senanayake,,18.0,Heavy Rain,Increased deliveries,N/A
FT-202607-01457,LankaTech Solutions (Pvt) Ltd,04-Jul-2026,11:21:18,Kandy Branch,Vehicle,WP KX 2345,Isuzu D-Max,DiesEl,51.18,Ltrs,299.25,15315.61,Company Fuel Depot,RCP-556259,FUEL CARD,Dinesh Kumara,94582.0,,Flooding,Warehouse operations,additional trip resulted in higher consumption.
FT-202607-00832,LankaTech Solutions (Pvt) Ltd,2026/07/14,15:22:23,Galle Branch,Vehicle,WP KX 2345,Isuzu D-Max,DIESEL,46.51,litres,308.24,14336.24,Lanka IOC,RCP-728838,Corporate Credit,Lahiru Senanayake,88010.0,,Normal,Client site visits,Fuel purchased for operational requirement.
FT-202607-00933,LankaTech Solutions (Pvt) Ltd,2026/07/05,15:39:52,Kandy Branch,Vehicle,WP RAB 3842,Isuzu Elf, Diesel,76.1,LTR,329.08,25042.99,Lanka IOC,RCP-122667,FUEL CARD,Kasun Fernando,78009.0,,Wet Roads,Emergency operations, Month-end fuel requirement. 
FT-202607-00909,LankaTech Solutions (Pvt) Ltd,2026-07-15,16:20:53,Kandy Branch,Vehicle,WP CBA 1198,Toyota Corolla,Petrol,39.29,litres,296.96,11667.56,LANKA IOC,RCP-385475,FUEL CARD,Lahiru Senanayake,95676.0,,,Client site visits,Fuel receipt entered manually by admin.
FT-202607-00707,LankaTech Solutions (Pvt) Ltd,28-Jul-2026,19:53:45, Colombo Head Office,Vehicle,WP QK 6723,Honda Fit,petrol,52.17,Ltrs,333.17,17381.48,Company Fuel Depot,RCP-675776,Fuel Account,Amal Fernando,108320.0,,Flooding,Increased deliveries, REGULAR PETROL REFILL FOR HONDA FIT. 
FT-202607-01473,LankaTech Solutions (Pvt) Ltd,26-07-2026,16:24:56,galleBranch,Generator,GEN-GAL-01,Diesel Generator,Diesel,81.86,LTR,333.92,27334.69,Ceypetco,RCP-189470,Fuel Account,Dinesh Kumara,,11.8,Very Hot,MONTH-END DELIVERIES,Fuel purchased for operational requirement.
FT-202607-01400,LankaTech Solutions (Pvt) Ltd,2026-07-01,11:56:03,Colombo Head Office,Generator,GEN-CMB-02,Diesel Generator,diesel ,98.31,L,328.68,32312.53,Company Fuel Depot,RCP-234852,Corporate Credit,Dinesh Kumara,,12.5,Heavy Rain,Increased deliveries,
FT-202607-01431,LankaTech Solutions (Pvt) Ltd,2026/07/11,11:37:04,Galle,Vehicle,WP CAZ 9034,Suzuki Wagon R,Petrol,0.0,ltr,303.71,11619.94,Ceypetco,RCP-632563,corporate credit,Amal Fernando,48680.0,,Rain,Inter-branch transfer,vehicle refuelled before scheduled client visit.
FT-202607-00298,LankaTech Solutions (Pvt) Ltd,21 July 2026,13:22:37,colomboHeadOffice,Vehicle,WP CBA 1198,Toyota Corolla,petrol ,51.88,l,333.06,17279.15,Lanka IOC,RCP-321636,corporate credit,Ruwan Bandara,91769.0,,Normal,Maintenance work,fuel issued for maintenance work.
FT-202607-00890,LankaTech Solutions (Pvt) Ltd,03-07-2026,08:14:22,Colombo Head Office,Vehicle,WP RAB 3842,Isuzu Elf,Diesel,49.46,liters,332.02,16421.71,Lanka IOC,RCP-466954,Fuel Account,Dinesh Kumara,154722.0,,Very Hot,Increased deliveries,Consumption slightly higher due to very hot.
FT-202607-00668,LankaTech Solutions (Pvt) Ltd,2026-07-13,07:43:39,Kandy Branch,Vehicle,CP CAE 9911,Mitsubishi Canter,DIESEL,31.77,l,307.6,9772.45,lanka ioc,RCP-129990,FUEL CARD,Lahiru Senanayake,89730.0,,Flooding,Emergency operations,Generator fuel top-up during emergency operations.
FT-202607-00903,LankaTech Solutions (Pvt) Ltd,18-Jul-2026,17:37:12,Colombo Head Office,Vehicle,WP QK 6723,Honda Fit,petrol ,29.2,litres,303.25,8854.9,Ceypetco,RCP-200316,Company Fuel Card,Ruwan Bandara,139330.0,,Wet Roads,Inter-branch transfer,Routine fuel purchase.
FT-202607-00808,LankaTech Solutions (Pvt) Ltd,31 Jul 2026,10:24:33,Colombo HO,Vehicle,WP KX 2345,Isuzu D-Max,DIESEL,73.53,Litres,287.63,21149.43,Company Fuel Depot,RCP-535910,Corporate Credit,Nimal Perera,33856.0,,Wet Roads,Month-end deliveries,extra trip completed from colombo head office.
FT-202607-01392,LankaTech Solutions (Pvt) Ltd,12 Jul 2026,10:25:06,Colombo Head Office,Vehicle,WP CAB 4521,Toyota Hiace, Diesel,51.18,liters,307.8,15753.2,Company Fuel Depot,RCP-565801,cash,Tharindu Silva,42155.0,,Normal,Warehouse operations, Fuel receipt entered manually by admin. 
FT-202607-00007,LankaTech Solutions (Pvt) Ltd,27 Jul 2026,07:12:16,colomboHeadOffice,Vehicle,SP CAB 7788,Toyota Hilux,Diesel,46.24,Litres,325.93,15071.0,Company Fuel Depot,RCP-940160,fuel_account,Chamath Jayasinghe,126857.0,,Very Hot,Emergency operations,VEHICLE REFUELLED BEFORE SCHEDULED CLIENT VISIT.
FT-202607-00687,LankaTech Solutions (Pvt) Ltd,22 Jul 2026,07:14:48,Colombo Head Office,Generator,GEN-CMB-02,Diesel Generator,DIESEL,87.28,liters,296.86,25909.94,Lanka IOC,RCP-573565,cash,Nimal Perera,,12.9,Wet Roads,Inter-branch transfer,Refuelling completed at approved station.
FT-202607-00754,LankaTech Solutions (Pvt) Ltd,01 Jul 2026,10:51:10,Kandy branch,Vehicle,WP CAZ 9034,Suzuki Wagon R,Petrol,59.02,ltr,304.8,17989.3,Lanka IOC,RCP-245049,Cash,Tharindu Silva,99537.0,,Heavy Rain,Emergency operations,fuel receipt entered manually by admin.
FT-202607-00156,LankaTech Solutions (Pvt) Ltd,02-Jul-2026,14:26:09,Kandy Branch,Generator,GEN-KDY-01,Diesel Generator, Diesel,131.78,LTR,328.98,43352.98,Lanka IOC,RCP-363656,Company Fuel Card,Kasun Fernando,,15.6,Flooding,Warehouse operations,Additional trip resulted in higher consumption.
FT-202607-00059,LankaTech Solutions (Pvt) Ltd,2026-07-24,15:18:52,Colombo Head Office,Vehicle,CP BDT 5521,Toyota TownAce,DIESEL,21.69,Ltrs,311.87,6764.46,Local Fuel Station,RCP-753268,company fuel card,Sahan Wijesinghe,44217.0,,Flooding,Maintenance work, Emergency fuel top-up. 
FT-202607-01170,LankaTech Solutions (Pvt) Ltd,13-Jul-2026,13:53:06,Galle Branch,Vehicle,SP CAB 7788,Toyota Hilux, Diesel,105.23,liters,306.89,32294.03,Ceypetco,RCP-181678,company fuel card,Sahan Wijesinghe,37497.0,,Flooding,Increased deliveries,Regular diesel refill for Toyota Hilux.
FT-202607-00926,lankatech solutions (pvt) ltd,01-07-2026,13:19:30,Kandy Branch,Generator,GEN-KDY-01,Diesel Generator,diesel ,79.11,Ltrs,305.06,24133.3,Company Fuel Depot,RCP-221427,company fuel card,Nimal Perera,,11.8,Heavy Rain,Client site visits,Additional trip resulted in higher consumption.
FT-202607-00725,LankaTech Solutions (Pvt) Ltd,29 Jul 2026,11:06:00,Kurunegala Warehouse,Generator,GEN-KUR-01,Diesel Generator,diesel,97.0,LTR,302.83,29374.51,Local Fuel Station,RCP-981186,Cash,Kasun Fernando,,10.5,Heavy Rain,Emergency operations,month-end fuel requirement.
FT-202607-00943,LankaTech Solutions (Pvt) Ltd,06 Jul 2026,11:26:16,Colombo Head Office,Generator,GEN-CMB-02,Diesel Generator,diesel ,55.3,liters,297.25,16437.92,Company Fuel Depot,RCP-554470,company fuel card,Pradeep Kumar,,8.6,Very Hot,Month-end deliveries,refuelling completed at approved station.
FT-202607-00976,LankaTech Solutions (Pvt) Ltd,22/07/2026,10:26:48,galleBranch,Vehicle,CP BDT 5521,Toyota TownAce,Diesel,67.95,L ,286.11,19441.17,Lanka IOC,RCP-543048,Company Fuel Card,Lahiru Senanayake,112894.0,,Very Hot,Maintenance work,
FT-202607-00436,LankaTech Solutions (Pvt) Ltd,24 Jul 2026,07:33:13,Colombo Head Office,Vehicle,CP BDT 5521,Toyota TownAce,diesel,32.93,LTR,333.1,10968.98,,RCP-170655,company fuel card,Pradeep Kumar,,,Normal,Warehouse operations,Additional trip resulted in higher consumption.
FT-202607-00709,LankaTech Solutions (Pvt) Ltd,02/07/2026,06:40:14,Colombo Head Office,Generator,GEN-CMB-02,Diesel Generator,DiesEl ,19.93,l,292.79,5835.3, Company Fuel Depot,RCP-126096,Corporate Credit,Chamath Jayasinghe,,2.6,Flooding,Maintenance work,Fuel issued for maintenance work.
FT-202607-01275,LankaTech Solutions (Pvt) Ltd,18/07/2026,19:13:05,Colombo Head Office,Vehicle,WP CAB 4521,Toyota Hiace,diesel ,80.6,LTR,334.26,26941.36,,RCP-907150,Cash,Pradeep Kumar,82093.0,,Wet Roads,Month-end deliveries,Routine fuel purchase.
FT-202607-01370,LankaTech Solutions (Pvt) Ltd,2026-07-13,06:38:15,galleBranch,Generator,GEN-GAL-01,Diesel Generator,Diesel,69.96,L,317.08,22182.92,Company Fuel Depot,RCP-194102,corporate credit,Nimal Perera,,9.2,Wet Roads,Emergency operations,emergency fuel top-up.
FT-202607-00381,LankaTech Solutions (Pvt) Ltd,12-07-2026,13:12:55,Kandy Branch,Vehicle,WP RAB 3842,Isuzu Elf,DIESEL,62.91,Ltrs,315.79,19866.35,Company Fuel Depot,,FUEL CARD,Ruwan Bandara,,,Normal,Routine operations,Consumption slightly higher due to normal.
FT-202607-00924,LankaTech Solutions (Pvt) Ltd,08-Jul-2026,17:44:53,Colombo Head Office,Vehicle,WP CAZ 9034,Suzuki Wagon R,petrol,34.67,l,298.49,10348.65,Lanka IOC,RCP-850922,corporate credit,Pradeep Kumar,26144.0,,Wet Roads,Routine operations,fuel issued as per request.
FT-202607-01202,LankaTech Solutions (Pvt) Ltd,2026/07/26,07:44:05, Kandy Branch,Vehicle,CP CAE 9911,Mitsubishi Canter,DiesEl,65.01,l,331.81,21570.97,Local Fuel Station,RCP-417464,Fuel Account,Chamath Jayasinghe,79773.0,,Normal,Warehouse operations, Routine fuel purchase. 
FT-202607-01307,LankaTech Solutions (Pvt) Ltd,19-07-2026,09:02:49,kurunegalaWarehouse,Vehicle,CP BDT 5521,Toyota TownAce, Diesel,30.28,l,294.84,8927.76,Local Fuel Station,RCP-388897,cash,Nimal Perera,116797.0,,Wet Roads,Routine operations,Fuel receipt entered manually by admin.
FT-202607-00696,LankaTech Solutions (Pvt) Ltd,05 Jul 2026,18:55:53,Colombo Head Office,Vehicle,SP CAB 7788,Toyota Hilux,Diesel,66.34,Litres,307.94,20428.74,Ceypetco,RCP-212761,corporate credit,Chamath Jayasinghe,116346.0,,Normal,Inter-branch transfer,fuel issued as per request.
FT-202607-00488,LankaTech Solutions (Pvt) Ltd,21-Jul-2026,10:42:32,Colombo HQ,Vehicle,WP CAA 7812,Toyota Prius,petrol,40.18,L ,339.59,13644.73,Lanka IOC,RCP-125744,Corporate Credit,Ruwan Bandara,99973.0,,Flooding,Client site visits,Regular petrol refill for Toyota Prius.
FT-202607-00814,LankaTech Solutions (Pvt) Ltd,27 Jul 2026,14:01:14,Kurunegala Warehouse,Vehicle,WP KX 2345,Isuzu D-Max,Diesel,119.21,l,291.09,34700.84, Company Fuel Depot,RCP-237426,cash,Tharindu Silva,184731.0,,Flooding,Inter-branch transfer,month-end fuel requirement.
FT-202607-01184,LANKATECH SOLUTIONS (PVT) LTD,19-07-2026,11:13:53,Kurunegala Warehouse,Vehicle,WP CBA 1198,Toyota Corolla, Petrol,27.32,Ltrs,340.14,9292.62,Ceypetco,RCP-870353,fuel_account,Ruwan Bandara,111856.0,,Normal,Inter-branch transfer,Refuelling completed at approved station.
FT-202607-00074,LankaTech Solutions (Pvt) Ltd,09-07-2026,17:06:38,galleBranch,GENERATOR,GEN-GAL-01,Diesel Generator,DIESEL,37.73,liters,323.09,12190.19,Company Fuel Depot,RCP-813796,Fuel Account,Chamath Jayasinghe,,7.8,Very Hot,,Month-end fuel requirement.
FT-202607-01037,LankaTech Solutions (Pvt) Ltd,2026-07-17,15:34:35,Kandy Branch,Vehicle,WP CAB 4521,Toyota Hiace,diesel ,50.44,Litres,330.45,16667.9,Lanka IOC,RCP-891038,Fuel Account,Ruwan Bandara,94951.0,,Normal,Client site visits,Consumption slightly higher due to normal.
FT-202607-01387,LankaTech Solutions (Pvt) Ltd,15-07-2026,12:48:22,Kurunegala Warehouse,Vehicle,WP QK 6723,Honda Fit,PetRol,25.37,liters,341.28,8658.27,Local Fuel Station,RCP-136234,FUEL CARD,Pradeep Kumar,143393.0,,Rain,,FUEL RECEIPT ENTERED MANUALLY BY ADMIN.
FT-202607-01283,LankaTech Solutions (Pvt) Ltd,2026-07-03,09:29:51,Galle Branch,Vehicle,WP RAB 3842,Isuzu Elf, Diesel,80.99,LTR,292.54,23692.81,Ceypetco,RCP-289861,Cash,Nimal Perera,44561.0,,Flooding,Maintenance work,refuelling completed at approved station.
FT-202607-01088,LankaTech Solutions (Pvt) Ltd,11/07/2026,18:46:40,Galle Branch,vehicle,WP CBA 1198,Toyota Corolla,Petrol,32.67,Litres,311.7,10183.24,Local Fuel Station,RCP-981175,Corporate Credit,Pradeep Kumar,94383.0,,Flooding,Maintenance work,Additional fuel required due to increased activity.
FT-202607-00573,LankaTech Solutions (Pvt) Ltd,15-Jul-2026,20:05:10,kandy branch,Vehicle,WP CAZ 9034,Suzuki Wagon R,PETROL,48.25,L ,313.88,15144.71,Local Fuel Station,RCP-418294,Corporate Credit,Ruwan Bandara,126073.0,,Wet Roads,Maintenance work,fuel receipt entered manually by admin.
FT-202607-00327,LankaTech Solutions (Pvt) Ltd,11 Jul 2026,10:21:13,Galle Branch,Vehicle,SP CAB 7788,Toyota Hilux,diesel,47.54,litres,305.22,14510.16,Company Fuel Depot,RCP-623349,FUEL CARD,Ruwan Bandara,118250.0,,Wet Roads,Client site visits,EXTRA TRIP COMPLETED FROM GALLE BRANCH.
FT-202607-01087,LankaTech Solutions (Pvt) Ltd,05-Jul-2026,13:40:35,Kandy Branch,Vehicle,WP CAZ 9034,Suzuki Wagon R,petrol ,47.25,liters,331.94,15684.16,,RCP-384751,corporate credit,Dinesh Kumara,162666.0,,Rain,Emergency operations,Fuel receipt entered manually by admin.
FT-202607-00833,LankaTech Solutions (Pvt) Ltd,14-07-2026,07:47:45,Colombo Head Office,Vehicle,CP BDT 5521,Toyota TownAce,DIESEL,100.39,L,288.79,28991.63,Lanka IOC,RCP-182559,corporate credit,Amal Fernando,103913.0,,Very Hot,Inter-branch transfer,extra trip completed from colombo head office.
FT-202607-01467,LankaTech Solutions (Pvt) Ltd,2026/07/08,12:00:09,Colombo Head Office,Generator,GEN-CMB-02,Diesel Generator,Diesel,104.08,Litres,319.09,33210.89,Company Fuel Depot,RCP-567983,FUEL CARD,Amal Fernando,,14.9,Rain,Inter-branch transfer,Refuelling completed at approved station.
FT-202607-00650,LankaTech Solutions (Pvt) Ltd,30/07/2026,18:07:12,Kurunegala Warehouse,Vehicle,WP CAB 4521,Toyota Hiace,diesel,106.18,litres,323.26,34323.75,Local Fuel Station,RCP-195032,Cash,Ruwan Bandara,123045.0,,Wet Roads,Month-end deliveries,Routine fuel purchase. Higher than normal usage reported.
FT-202607-01322,LankaTech Solutions (Pvt) Ltd,2026-07-29,11:04:03,Kurunegala Warehouse,Vehicle,CP BDT 5521,Toyota TownAce, Diesel,89.5,ltr,309.17,27670.72,Lanka IOC,RCP-636721,Cash,Dinesh Kumara,179466.0,,Normal,Inter-branch transfer,ADDITIONAL TRIP RESULTED IN HIGHER CONSUMPTION.
FT-202607-00681,LankaTech Solutions (Pvt) Ltd,2026-07-03,10:35:44,Kurunegala Warehouse,Vehicle,SP CAB 7788,Toyota Hilux,diesel,73.39,Ltrs,305.88,22448.53,Lanka IOC,RCP-169692,cash,Sahan Wijesinghe,184501.0,,Rain,Maintenance work,fuel receipt entered manually by admin.
FT-202607-00261,LankaTech Solutions (Pvt) Ltd,02 Jul 2026,13:51:01,Kurunegala Warehouse,Vehicle,WP CAZ 9034,Suzuki Wagon R,PETROL,30.43,Litres,339.21,10322.16,Lanka IOC,,Corporate Credit,Tharindu Silva,22459.0,,Normal,Routine operations,Generator fuel top-up during routine operations.
FT-202607-00615,LankaTech Solutions (Pvt) Ltd,2026-07-14,07:52:09,Galle Branch,Vehicle,WP RAB 3842,Isuzu Elf,DiesEl,52.84,liters,296.3,15656.49,localFuelStation,RCP-536706,fuel_account,Kasun Fernando,99222.0,,Very Hot,Increased deliveries,Additional fuel required due to increased activity.
FT-202607-00236,LankaTech Solutions (Pvt) Ltd,20-Jul-2026,11:54:19,Kandy Branch,Vehicle,WP CAA 7812,Toyota Prius,petrol,46.61,Ltrs,299.13,13942.45,,RCP-728285,Company Fuel Card,Nimal Perera,123847.0,,Heavy Rain,Month-end deliveries,Fuel purchased for operational requirement.
FT-202607-00452,LankaTech Solutions (Pvt) Ltd,2026-07-16,15:17:46,Kandy Branch,Vehicle,WP KX 2345 ,Isuzu D-Max,diesel,84.18,L,297.5,25043.55,Ceypetco,RCP-757665,fuel_account,Pradeep Kumar,126578.0,,Very Hot,Inter-branch transfer, month-end fuel requirement. 
FT-202607-01243,LankaTech Solutions (Pvt) Ltd,2026-07-27,15:15:48,Kandy branch,Vehicle,SP CAB 7788,Toyota Hilux,diesel ,62.56,ltr,290.86,18196.2,Lanka IOC,RCP-281851,Cash,Nimal Perera,179553.0,,Wet Roads,Client site visits,Additional trip resulted in higher consumption.
FT-202607-00056,LankaTech Solutions (Pvt) Ltd,28-07-2026,17:37:25,Colombo Head Office,VEHICLE,WP CBA 1198,Toyota Corolla,Petrol,52.92,Litres,323.63,17126.5,Lanka IOC,RCP-802195,CORPORATE CREDIT,Amal Fernando,43941.0,,Heavy Rain,Routine operations, Fuel purchased for operational requirement. 
FT-202607-00825,LankaTech Solutions (Pvt) Ltd,30-Jul-2026,18:45:23,Colombo Head Office,Vehicle,WP CAZ 9034,Suzuki Wagon R, Petrol,55.4,Ltrs,298.71,16548.53,Lanka IOC,RCP-877585,Company Fuel Card,Amal Fernando,61623.0,,Heavy Rain,Inter-branch transfer,regular petrol refill for suzuki wagon r.
FT-202607-01385,LankaTech Solutions (Pvt) Ltd,27-07-2026,16:02:38,Colombo Head Office,Vehicle,WP KX 2345,Isuzu D-Max, Diesel,101.54,litres,317.34,32222.7,Company Fuel Depot,RCP-670081,Fuel Account,Tharindu Silva,159855.0,,Very Hot,Inter-branch transfer,fuel issued as per request.
FT-202607-00820,LankaTech Solutions (Pvt) Ltd,2026-07-27,09:01:35,Colombo Head Office,Vehicle,WP CAZ 9034,Suzuki Wagon R, Petrol,27.17,Ltrs,300.53,8165.4,Company Fuel Depot,RCP-540230,Fuel Account,Sahan Wijesinghe,154158.0,,Flooding,Increased deliveries,REFUELLING COMPLETED AT APPROVED STATION.
FT-202607-01206,LankaTech Solutions (Pvt) Ltd,2026/07/18,17:27:26,Colombo  Head Office,Vehicle,WP CBA 1198,Toyota Corolla, Petrol,40.71,LTR,313.76,12773.17,Ceypetco,RCP-246222,Corporate Credit,Amal Fernando,136270.0,,Heavy Rain,Warehouse operations,Month-end fuel requirement.
FT-202607-00499,LankaTech Solutions (Pvt) Ltd,10-Jul-2026,08:17:50,Kurunegala WH,Vehicle,CP CAE 9911,Mitsubishi Canter, Diesel,57.6,LTR,329.6,18984.96,Ceypetco,RCP-835008,Company Fuel Card,Chamath Jayasinghe,43879.0,,Normal,Month-end deliveries,emergency fuel top-up.
FT-202607-00118,LankaTech Solutions (Pvt) Ltd,29/07/2026,07:24:28,Colombo Head Office,Vehicle,CP BDT 5521,Toyota TownAce,DIESEL,60.73,L,322.45,19582.39,,RCP-499539,FUEL CARD,Amal Fernando,39446.0,,Wet Roads,Inter-branch transfer,
FT-202607-01151,LankaTech Solutions (Pvt) Ltd,27-07-2026,16:17:16,Galle Branch,Vehicle,WP KX 2345,Isuzu D-Max, Diesel,52.12,l,315.27,16431.87,Ceypetco,RCP-570146,Company Fuel Card,Chamath Jayasinghe,156551.0,,Very Hot,,emergency fuel top-up.
FT-202607-00619,LankaTech Solutions (Pvt) Ltd,11 Jul 2026,15:11:45,Galle Branch,Vehicle,WP KX 2345,Isuzu D-Max, diesel ,60.33,ltr,318.99,19244.67,Ceypetco,RCP-948207,company fuel card,Tharindu Silva,155098.0,,Very Hot,Client site visits, Month-end fuel requirement. 
FT-202607-00955,LankaTech Solutions (Pvt) Ltd,2026-07-04,07:48:45,Kandy Branch,Vehicle,CP BDT 5521,Toyota TownAce,DIESEL,68.38,LTR,295.1,20178.94,Ceypetco,RCP-445291,fuel_account,Amal Fernando,115009.0,,Very Hot,Inter-branch transfer,Consumption slightly higher due to very hot.
FT-202607-00656,LankaTech Solutions (Pvt) Ltd,2026/07/18,16:20:10,Colombo Head Office,Vehicle,WP CAB 4521,Toyota Hiace,diesel,54.17,L,302.07,16363.13,Lanka IOC,RCP-449792,Company Fuel Card,Kasun Fernando,182013.0,,Very Hot,Routine operations, Fuel issued as per request. 
FT-202607-00931,LankaTech Solutions (Pvt) Ltd,2026/07/12,12:27:57,Colombo head office,Vehicle,WP CAZ 9034,Suzuki Wagon R,petrol,44.36,Ltrs,304.55,13509.84,Ceypetco,RCP-445752,Company Fuel Card,Dinesh Kumara,32382.0,,Very Hot,Maintenance work,Vehicle refuelled before scheduled client visit.
FT-202607-00497,LankaTech Solutions (Pvt) Ltd,2026/07/29,18:46:05,Kurunegala Warehouse,VEHICLE,WP CAZ 9034,Suzuki Wagon R,petrol,31.43,litres,296.6,9322.14,LOCAL FUEL STATION,RCP-284983,company fuel card,Ruwan Bandara,186695.0,,Normal,Maintenance Work,Consumption slightly higher due to normal.
FT-202607-00989,LankaTech Solutions (Pvt) Ltd,2026-07-16,15:55:31,Kurunegala Warehouse,Vehicle,CP CAE 9911,Mitsubishi Canter,diesel,36.58,l,290.99,10644.41,Local Fuel Station,RCP-389809,Fuel Account,Kasun Fernando,57146.0,,Wet Roads,Maintenance work,Additional trip resulted in higher consumption.
FT-202607-01452,LankaTech Solutions (Pvt) Ltd,11 Jul 2026,12:12:43,Kurunegala Warehouse,Vehicle,WP RAB 3842,Isuzu Elf,DiesEl,67.06,L,325.59,21834.07,Local Fuel Station,RCP-807857,fuel_account,Kasun Fernando,141004.0,,Rain,Client site visits,Vehicle refuelled before scheduled client visit.
FT-202607-00582,LankaTech Solutions (Pvt) Ltd,04/07/2026,11:39:27,Colombo Head Office,Vehicle,WP CAA 7812,Toyota Prius,petrol,19.29,LTR,302.86,5842.17,Company Fuel Depot,RCP-196249,Fuel Account,Dinesh Kumara,140710.0,,Heavy Rain,Increased deliveries,additional fuel required due to increased activity.
FT-202607-00408,LankaTech Solutions (Pvt) Ltd,01/07/2026,07:43:03,Kurunegala Warehouse,Vehicle,WP CBA 1198,Toyota Corolla,petrol,50.6,Ltrs,318.63,16122.68,Lanka IOC,RCP-252058,Corporate Credit,Amal Fernando,75179.0,,Heavy Rain,INCREASED DELIVERIES,
FT-202607-00510,LankaTech Solutions (Pvt) Ltd,10 Jul 2026,09:42:16,Colombo Head Office,Vehicle,SP CAB 7788,Toyota Hilux,Diesel,77.9,L,330.11,25715.57,local fuel station,RCP-676350,Company Fuel Card,Lahiru Senanayake,124930.0,,Heavy Rain,Emergency operations,Consumption slightly higher due to heavy rain.
FT-202607-00880,LankaTech Solutions (Pvt) Ltd,10/07/2026,17:35:07,Kandy Branch,Vehicle,WP KX 2345,Isuzu D-Max,Diesel,67.51,liters,319.57,21574.17,Local Fuel Station,RCP-755123,Corporate Credit,Tharindu Silva,93039.0,,Very Hot,Inter-branch transfer, Vehicle refuelled before scheduled client visit. 
FT-202607-00530,LankaTech Solutions (Pvt) Ltd,20-Jul-2026,13:37:04,Galle Branch,Vehicle,WP QK 6723,Honda Fit, Petrol,26.56,Litres,305.94,8125.77,Company Fuel Depot,RCP-386684,FUEL CARD,Amal Fernando,126596.0,,Rain,Maintenance work,Extra trip completed from Galle Branch.
FT-202607-01496,LankaTech Solutions (Pvt) Ltd,08-Jul-2026,10:09:40,KURUNEGALA WAREHOUSE,Generator,GEN-KUR-01,Diesel Generator,diesel ,63.8,L,291.49,18597.06,Local Fuel Station,RCP-323488,Fuel Account,Lahiru Senanayake,,10.1,Flooding,Maintenance work,month-end fuel requirement.
FT-202607-00836,LankaTech Solutions (Pvt) Ltd,25-Jul-2026,11:34:33,Colombo Head Office,Vehicle,CP BDT 5521,Toyota TownAce,DIESEL,58.25,l,293.26,17082.4,Lanka IOC,,Company Fuel Card,Amal Fernando,111429.0,,Normal,Warehouse operations,EXTRA TRIP COMPLETED FROM COLOMBO HEAD OFFICE.
FT-202607-01043,LankaTech Solutions (Pvt) Ltd,2026/07/07,14:12:51,Colombo Head Office,Generator,GEN-CMB-01,Diesel Generator,DIESEL,119.72,L ,311.99,37351.44,Company Fuel Depot,RCP-482802,Company Fuel Card,Sahan Wijesinghe,,13.3,Flooding,Client site visits,Extra trip completed from Colombo Head Office.
FT-202607-00591,LankaTech Solutions (Pvt) Ltd,25/07/2026,19:36:23,Kurunegala Warehouse,Vehicle,CP BDT 5521,Toyota TownAce,diesel,8.89,L,287.78,2558.36,Ceypetco,RCP-160230,Cash,Sahan Wijesinghe,159447.0,,Normal,Increased deliveries,Additional trip resulted in higher consumption.
FT-202607-01218,LankaTech Solutions (Pvt) Ltd,12 Jul 2026,07:25:12,Kandy Branch,Vehicle,WP CAB 4521,Toyota Hiace,Diesel,86.56,Ltrs,304.6,26366.18,Company Fuel Depot,RCP-487078,Company Fuel Card,Dinesh Kumara,61442.0,,Wet Roads,Inter-branch transfer,Emergency fuel top-up.
FT-202607-01134,LankaTech Solutions (Pvt) Ltd,24-07-2026,07:36:04,Kurunegala Warehouse,Generator,GEN-KUR-01,Diesel Generator,diesel,28.78,litres,302.27,8699.33,Ceypetco,RCP-641309,Company Fuel Card,Amal  Fernando,,4.0,Heavy Rain,Maintenance work,Routine fuel purchase.
FT-202607-00962,LankaTech Solutions (Pvt) Ltd,24-07-2026,13:01:54,Colombo Head Office,Vehicle,CP CAE 9911,Mitsubishi Canter,DiesEl,73.0,litre,321.53,23471.69,Local Fuel Station,RCP-918240,Cash,Kasun Fernando,23145.0,,Normal,Client site visits,regular diesel refill for mitsubishi canter.
FT-202607-00948,LankaTech Solutions (Pvt) Ltd,2026-07-10,20:00:38,COLOMBO HEAD OFFICE,Vehicle,WP CAZ 9034,Suzuki Wagon R,petrol ,37.57,ltr,296.59,11142.89,Company Fuel Depot,RCP-412213,cash,Kasun Fernando,56575.0,,Rain,Client site visits,Fuel purchased for operational requirement.
FT-202607-00028,LankaTech Solutions (Pvt) Ltd,06-07-2026,20:08:38,kurunegalaWarehouse,Vehicle,SP CAB 7788,Toyota Hilux,DiesEl,70.21,Litres,321.37,22563.39,Lanka IOC,RCP-262503,fuel_account,Kasun Fernando,180915.0,,Flooding,Maintenance work, Fuel issued for maintenance work. 
FT-202607-01001,LankaTech Solutions (Pvt) Ltd,26 Jul 2026,20:48:25,Colombo HQ,Generator,GEN-CMB-01,Diesel Generator,Diesel,58.75,L ,293.93,17268.39,Company Fuel Depot,RCP-249833,company fuel card,Pradeep Kumar,,10.3,Rain,Month-end deliveries,Vehicle refuelled before scheduled client visit.
FT-202607-01464,LankaTech Solutions (Pvt) Ltd,2026/07/02,15:54:35,Kandy,Vehicle,CP CAE 9911,Mitsubishi Canter,DIESEL,31.55,Litres,293.32,9254.25,,RCP-806425,company fuel card,Lahiru Senanayake,162256.0,,Flooding,Emergency operations,Vehicle refuelled before scheduled client visit.
FT-202607-00470,lankatech solutions (pvt) ltd,2026/07/26,07:30:44,Colombo Head Office,Vehicle,WP CBA 1198,Toyota Corolla, petrol  ,29.4,Ltrs,311.79,9166.63,Company Fuel Depot,RCP-928634,Corporate Credit,Kasun Fernando,24177.0,,Normal,Emergency operations, Vehicle refuelled before scheduled client visit. 
FT-202607-00271,lankatech solutions (pvt) ltd,2026/07/27,13:09:42,Kandy Branch,Vehicle,CP BDT 5521,Toyota TownAce,Diesel,58.79,ltr,313.75,18445.36,Ceypetco,RCP-780378,Corporate Credit,Amal Fernando,127202.0,,Wet Roads,Routine operations,Routine fuel purchase.
FT-202607-01264,LankaTech Solutions (Pvt) Ltd,08-07-2026,14:49:53,kurunegalaWarehouse,Generator,GEN-KUR-01,Diesel Generator,Diesel,42.35,L,301.13,12752.86,,RCP-410872,fuel_account,Kasun Fernando,,6.3,Rain,Month-end deliveries,Fuel purchased for operational requirement.
FT-202607-00756,LankaTech Solutions (Pvt) Ltd,10-07-2026,06:07:43,Galle Branch,Vehicle,SP CAB 7788,Toyota Hilux,diesel ,45.08,L ,325.03,14652.35,Company Fuel Depot,RCP-724790,Company Fuel Card,Kasun Fernando,101670.0,,Flooding,Month-end deliveries,Month-end fuel requirement.
FT-202607-01351,LankaTech Solutions (Pvt) Ltd,07-Jul-2026,10:32:31,Colombo Head Office,Generator,GEN-CMB-01,Diesel Generator, Diesel,125.81,l,294.86,37096.34,Company Fuel Depot,RCP-710076,Cash,Sahan Wijesinghe,,15.0,Heavy Rain,Increased deliveries, Regular diesel refill for Diesel Generator. 
FT-202607-00647,LankaTech Solutions (Pvt) Ltd,05 Jul 2026,17:49:53,Kandy Branch,Generator,GEN-KDY-01,Diesel Generator,diesel,50.69,L ,298.9,15151.24,Lanka IOC,RCP-630048,Cash,Nimal Perera,,7.9,Flooding,Warehouse Operations,VEHICLE REFUELLED BEFORE SCHEDULED CLIENT VISIT.
FT-202607-01235,LankaTech Solutions (Pvt) Ltd,2026-07-09,11:54:33,Colombo Head Office,Vehicle,WP QK 6723,Honda Fit,PETROL,28.99,Litres,320.16,9281.44,Company Fuel Depot,RCP-321384,fuel_account,Lahiru Senanayake,139487.0,,Wet Roads,Increased deliveries,Vehicle refuelled before scheduled client visit.
FT-202607-00084,LankaTech Solutions (Pvt) Ltd,31 Jul 2026,11:03:48,colomboHeadOffice,Vehicle,WP RAB 3842,Isuzu Elf,DIESEL,77.42,litres,319.57,24741.11,Company Fuel Depot,RCP-338373,Fuel Account,Nimal Perera,32019.0,,Wet Roads,Maintenance work,fuel purchased for operational requirement.
FT-202607-00971,LankaTech Solutions (Pvt) Ltd,20/07/2026,17:22:16,Kandy Branch,Generator,GEN-KDY-01,Diesel Generator,diesel ,55.28,litres,310.0,17136.8,Local Fuel Station,RCP-788757,FUEL CARD,Ruwan Bandara,,9.5,Heavy Rain,Warehouse operations,Extra trip completed from Kandy Branch.
FT-202607-00674,LankaTech Solutions (Pvt) Ltd,2026/07/14,08:31:54,Kandy,Generator,GEN-KDY-01,Diesel Generator,DiesEl,85.48,ltr,298.54,25519.2,LANKA IOC,RCP-242844,Company Fuel Card,Amal  Fernando,,13.1,Wet Roads,Increased deliveries,vehicle refuelled before scheduled client visit.
FT-202607-01265,LankaTech Solutions (Pvt) Ltd,21-Jul-2026,11:56:02,Kurunegala Warehouse,Vehicle, WP CAA 7812,Toyota Prius,petrol,29.07,L,326.67,9496.3,,RCP-524837,company fuel card,Kasun Fernando,156230.0,,Flooding,Emergency operations,Extra trip completed from Kurunegala Warehouse.
FT-202607-00713,LankaTech Solutions (Pvt) Ltd,15-Jul-2026,19:53:58,Colombo Head Office,Vehicle,SP CAB 7788,Toyota Hilux,DIESEL,103.2,L ,326.97,33743.3,Lanka IOC,RCP-832735,fuel_account,Sahan Wijesinghe,73928.0,,Flooding,Emergency operations,Refuelling completed at approved station.
FT-202607-00040,LankaTech Solutions (Pvt) Ltd,2026-07-18,06:04:32,Colombo Head Office,Vehicle,WP CAZ 9034,Suzuki Wagon R,petrol ,75.66,  Litres,320.09,24218.01,Company Fuel Depot,RCP-626957,Cash,Dinesh Kumara,124910.0,,Heavy Rain,inter-branch transfer,fuel purchased for operational requirement.
FT-202607-00612,LankaTech Solutions (Pvt) Ltd,2026/07/07,17:05:26,kurunegalaWarehouse,Vehicle,CP CAE 9911,Mitsubishi Canter,diesel,58.02,L ,303.18,17590.5,Lanka IOC,RCP-291417,company fuel card,Tharindu Silva,176857.0,,,Month-end deliveries,manual entry
FT-202607-00460,LankaTech Solutions (Pvt) Ltd,16-07-2026,13:21:02,Kandy Branch,Vehicle,CP CAE 9911,Mitsubishi Canter,DiesEl,51.03,ltr,298.76,15245.72,Company Fuel Depot,RCP-871059,Cash,Tharindu Silva,68762.0,,Heavy Rain,Warehouse operations,N/A
FT-202607-00494,LankaTech Solutions (Pvt) Ltd,06-Jul-2026,10:35:57,Galle,Vehicle,SP CAB 7788,Toyota Hilux,Diesel,80.2,Litres,320.8,25728.16,Company Fuel Depot,RCP-152781,cash,Tharindu Silva,49584.0,,Flooding,Maintenance work,additional fuel required due to increased activity.
FT-202607-01155,LankaTech Solutions (Pvt) Ltd,2026/07/31,06:24:09,Colombo Head Office,Vehicle,WP RAB 3842,Isuzu Elf,diesel ,60.54,l,303.48,18372.68,Ceypetco,RCP-896595,cash,Amal Fernando,171766.0,,Flooding,Maintenance work,generator fuel top-up during maintenance work.
FT-202607-00402,LankaTech Solutions (Pvt) Ltd,16-Jul-2026,12:33:39,Kandy Branch,Generator,GEN-KDY-01,Diesel Generator,diesel,84.79,Ltrs,301.64,25576.06,Ceypetco,RCP-321029,cash,Kasun Fernando,,17.5,Normal,ROUTINE OPERATIONS,Additional fuel required due to increased activity.
FT-202607-00803,LankaTech Solutions (Pvt) Ltd,2026/07/08,10:08:28,Kurunegala Warehouse,Vehicle,WP RAB 3842,Isuzu Elf,diesel ,57.91,Ltrs,285.74,16547.2,Local Fuel Station,RCP-203894,cash,Kasun Fernando,173353.0,,Rain,Routine operations,routine fuel purchase. 
FT-202607-01199,LankaTech Solutions (Pvt) Ltd,08-07-2026,12:55:30,Colombo Head Office,Generator,GEN-CMB-02,Diesel Generator,Diesel,23.08,ltr,325.1,7503.31,Local Fuel Station,RCP-719250,corporate credit,Dinesh Kumara,,4.0,Rain,,Vehicle refuelled before scheduled client visit.
FT-202607-01094,LankaTech Solutions (Pvt) Ltd,2026/07/21,18:59:36,Galle Branch,Vehicle,WP CAZ 9034,Suzuki Wagon R,petrol,69.84,ltr,315.19,22012.87,Local Fuel Station,RCP-345990,Company Fuel Card,Kasun Fernando,174971.0,,Wet Roads,Month-end deliveries,extra trip completed from galle branch.
FT-202607-00657,LANKATECH SOLUTIONS (PVT) LTD,28/07/2026,12:30:29,colomboHeadOffice,Vehicle,SP CAB 7788,Toyota Hilux,diesel ,64.0,Ltrs,294.52,18849.28,Ceypetco,RCP-477670,FUEL CARD,Nimal Perera,93293.0,,Rain,Inter-branch transfer, Fuel purchased for operational requirement. 
FT-202607-01019,LankaTech Solutions (Pvt) Ltd,2026/07/07,09:11:37,Colombo Head Office,Vehicle,WP CAZ 9034,Suzuki Wagon R, Petrol,37.99,l,323.85,12303.06,Local Fuel Station,RCP-277428,corporate credit,Nimal Perera,117893.0,,Rain,Routine operations,Routine fuel purchase.
FT-202607-00967,LankaTech Solutions (Pvt) Ltd,2026/07/31,20:05:11,Galle Branch,Vehicle,CP BDT 5521,Toyota TownAce, Diesel,70.04,litres,325.82,22820.43,lankaIoc,RCP-446960,Cash,Dinesh Kumara,76807.0,,Flooding,Emergency operations,Generator fuel top-up during emergency operations.
FT-202607-00397,LankaTech Solutions (Pvt) Ltd,14 Jul 2026,10:48:07,Colombo  Head Office,Generator,GEN-CMB-02,Diesel Generator,diesel,22.0,Ltrs,300.32,6607.04,Company Fuel Depot,RCP-225187,Cash,Amal Fernando,,2.4,Heavy Rain,Routine operations,Fuel purchased for operational requirement.
FT-202607-00575,LankaTech Solutions (Pvt) Ltd,21/07/2026,16:29:13,Colombo Head Office ,Vehicle,WP CAB 4521,Toyota Hiace,Diesel,65.82,Ltrs,331.9,21845.66,Local Fuel Station,RCP-740704,Corporate Credit,Sahan Wijesinghe,115991.0,,Wet Roads,Warehouse operations, fuel issued for warehouse operations. 
FT-202607-00498,LankaTech Solutions (Pvt) Ltd,2026/07/05,19:26:40,Galle Branch,Vehicle,SP CAB 7788,Toyota Hilux, Diesel,78.57,Litres,327.74,25750.53,Local Fuel Station,RCP-527543,cash,Sahan Wijesinghe,49001.0,,Normal,Increased deliveries,consumption slightly higher due to normal.
FT-202607-00362,LankaTech Solutions (Pvt) Ltd,25-07-2026,06:46:39,Colombo Head Office,Vehicle,WP KX 2345,Isuzu D-Max,diesel ,63.73,LTR,323.03,20586.7,Local Fuel Station,RCP-690261,Fuel Account,Dinesh Kumara,115709.0,,Very Hot,Month-end deliveries,Month-end fuel requirement.
FT-202607-00581,LankaTech Solutions (Pvt) Ltd,12-07-2026,18:23:11,Galle Branch,Vehicle,WP CAA 7812,Toyota Prius,PETROL,52.43,ltr,325.69,17075.93,COMPANY FUEL DEPOT,RCP-390509,Cash,Lahiru Senanayake,137724.0,,Normal,Month-end deliveries,month-end fuel requirement. Higher than normal usage reported.
FT-202607-00489,lankatech solutions (pvt) ltd,02/07/2026,10:52:03,Colombo Head Office,Vehicle,WP QK 6723,Honda Fit, Petrol,70.24,l,300.67,21119.06,Lanka IOC,RCP-422292,Company Fuel Card,Pradeep Kumar,91910.0,,Wet Roads,Month-end deliveries,ADDITIONAL TRIP RESULTED IN HIGHER CONSUMPTION.
FT-202607-00081,LankaTech Solutions (Pvt) Ltd,31 Jul 2026,20:26:20,Kurunegala Warehouse,Vehicle,WP CAZ 9034,Suzuki Wagon R,petrol,37.41,ltr,298.6,11170.63,Ceypetco,RCP-120900,company fuel card,,142934.0,,Normal,Warehouse operations,generator fuel top-up during warehouse operations.
FT-202607-01320,LankaTech Solutions (Pvt) Ltd,08/07/2026,06:23:16,Colombo Head Office,Generator,GEN-CMB-02,Diesel Generator,diesel ,110.51,liters,317.92,35133.34,Lanka IOC,RCP-489633,cash,Sahan Wijesinghe,,15.8,Normal,Inter-branch transfer,Fuel issued as per request.
FT-202607-00166,LankaTech Solutions (Pvt) Ltd,18-07-2026,11:30:16,Kurunegala Warehouse,Vehicle,CP CAE 9911,Mitsubishi Canter,DiesEl,70.59,litres,292.67,20659.58,Lanka IOC,RCP-891829,cash,Ruwan Bandara,54204.0,,Rain,Emergency operations,Extra trip completed from Kurunegala Warehouse.
FT-202607-00534,LankaTech Solutions (Pvt) Ltd,2026/07/22,12:20:09,Galle Branch,Vehicle,WP CAZ 9034,Suzuki Wagon R,petrol,35.36,liters,320.14,11320.15,Ceypetco,RCP-160846,Cash,Sahan Wijesinghe,112926.0,,Flooding,Client site visits,Extra trip completed from Galle Branch.
FT-202607-00036,LankaTech Solutions (Pvt) Ltd,09/07/2026,11:28:48,Colombo Head Office,Vehicle,WP CAB 4521,Toyota Hiace,DiesEl,49.38,L ,290.6,14349.83, Company Fuel Depot,RCP-187727,Corporate Credit,Dinesh Kumara,103001.0,,Normal,Inter-branch transfer,Additional fuel required due to increased activity.
FT-202607-00940,LankaTech Solutions (Pvt) Ltd,28/07/2026,11:20:48,Colombo Head Office,VEHICLE,WP CAZ 9034,Suzuki Wagon R,Petrol,21.52,L,342.58,7372.32,Lanka Ioc,RCP-251486,Company Fuel Card,Dinesh Kumara,115154.0,,Heavy Rain,Increased deliveries,Additional fuel required due to increased activity.
FT-202607-00500,LankaTech Solutions (Pvt) Ltd,27-07-2026,06:59:14,Kandy Branch,Vehicle,SP CAB 7788,Toyota Hilux,diesel ,47.0,l,317.66,14930.02,Local Fuel Station,RCP-635734,Corporate Credit,Nimal Perera,19382.0,,Normal,Warehouse operations,Generator fuel top-up during warehouse operations.
FT-202607-00023,LANKATECH SOLUTIONS (PVT) LTD,02-07-2026,17:35:58,Colombo Head Office,Vehicle,WP RAB 3842,Isuzu Elf,diesel ,50.43,l,310.15,15640.86,,RCP-408191,Cash,Pradeep Kumar,63440.0,,Heavy Rain,Month-end deliveries,
FT-202607-00862,LankaTech Solutions (Pvt) Ltd,10-Jul-2026,15:58:26,Colombo Head Office,Vehicle,CP BDT 5521,Toyota TownAce,diesel,29.59,LTR,296.31,8767.81,Ceypetco,RCP-479758,FUEL CARD,Ruwan Bandara,30662.0,,Rain,increasedDeliveries, Emergency fuel top-up. 
FT-202607-00221,LankaTech Solutions (Pvt) Ltd,25 Jul 2026,20:21:01,Colombo Head Office,Vehicle,WP CAZ 9034,Suzuki Wagon R,petrol,19.21,L ,335.89,6452.45,Company Fuel Depot,RCP-172291,corporate credit, Pradeep Kumar,92495.0,,Very Hot,Client site visits,additional trip resulted in higher consumption.
FT-202607-00648,LankaTech Solutions (Pvt) Ltd,22/07/2026,09:09:41,Kandy Branch,Generator,GEN-KDY-01,Diesel Generator,Diesel,84.96,LTR,322.0,27357.12,Company Fuel Depot,RCP-566124,corporate credit,Lahiru Senanayake,,14.8,Wet Roads,Client site visits,Consumption slightly higher due to wet roads.
FT-202607-01186,LankaTech Solutions (Pvt) Ltd,2026-07-22,15:07:01,Kandy,Vehicle,WP CBA 1198,Toyota Corolla,PetRol,39.8,LTR,333.28,13264.54,Company Fuel Depot,RCP-948960,company fuel card,Sahan Wijesinghe,164461.0,,Wet Roads,Client site visits,Fuel purchased for operational requirement.
FT-202607-01300,LankaTech Solutions (Pvt) Ltd,30-07-2026,13:31:18,Kurunegala Warehouse,Vehicle,SP CAB 7788,Toyota Hilux,Diesel,67.25,L,297.45,20003.51,Lanka IOC,RCP-405328,Corporate Credit,Nimal Perera,71313.0,,Wet Roads,Maintenance work,Fuel purchased for operational requirement.
FT-202607-00595,LankaTech Solutions (Pvt) Ltd,31-07-2026,19:20:23,Kandy Branch,Vehicle,CP CAE 9911,Mitsubishi Canter,DIESEL,54.1,L ,286.78,15514.8,Company Fuel Depot,RCP-571738,corporate credit,Nimal Perera,156595.0,,Rain,Month-end deliveries,Regular diesel refill for Mitsubishi Canter.
FT-202607-01047,LankaTech Solutions (Pvt) Ltd,17-07-2026,18:12:33,GALLE BRANCH,Vehicle, WP CAZ 9034,Suzuki Wagon R,PETROL,45.62,liters,311.94,14230.7,Ceypetco,RCP-629247,company fuel card,Pradeep Kumar,45785.0,,Wet Roads,Routine operations,Extra trip completed from Galle Branch.
FT-202607-00016,LankaTech Solutions (Pvt) Ltd,20 Jul 2026,07:11:09,Colombo Head Office,Vehicle,WP RAB 3842,Isuzu Elf, diesel,75.2,ltr,313.42,23569.18,Lanka IOC,RCP-699873,company fuel card,Lahiru Senanayake,155091.0,,Wet Roads,Inter-branch transfer,Fuel issued for inter-branch transfer.
FT-202607-01358,LankaTech Solutions (Pvt) Ltd,2026/07/19,15:19:44,Kurunegala Warehouse,Vehicle,CP BDT 5521,Toyota TownAce,DIESEL,69.23,Ltrs,303.71,21025.84,Ceypetco,RCP-803518,Fuel Account,Chamath Jayasinghe,160042.0,,Very Hot,Routine operations, Additional fuel required due to increased activity. 
FT-202607-01220,LankaTech Solutions (Pvt) Ltd,2026/07/29,14:55:35,Colombo Head Office,Vehicle,WP CAZ 9034,Suzuki Wagon R,Petrol,43.3,Ltrs,341.15,14771.79,Ceypetco,RCP-854707,Fuel Account,Dinesh Kumara,116098.0,,Very Hot,Inter-branch transfer,GENERATOR FUEL TOP-UP DURING INTER-BRANCH TRANSFER.
FT-202607-00682,LankaTech Solutions (Pvt) Ltd,10-Jul-2026,20:42:51,Kandy Branch,Vehicle,WP CAB 4521,Toyota Hiace,Diesel,60.5,LTR,296.77,17954.58,Company Fuel Depot,RCP-374771,Company Fuel Card,Dinesh Kumara,111279.0,,Rain,Maintenance work,Fuel issued as per request.
FT-202607-01472,LankaTech Solutions (Pvt) Ltd,2026/07/24,09:01:04,Galle Branch,Vehicle,CP BDT 5521,Toyota TownAce,Diesel,40.78,litres,320.05,13051.64,Company Fuel Depot,RCP-931122,fuel_account,Tharindu Silva,49222.0,,Flooding,EMERGENCY OPERATIONS,Regular diesel refill for Toyota TownAce. Higher than normal usage reported.
FT-202607-00281,LankaTech Solutions (Pvt) Ltd,2026-07-20,10:57:25,Colombo head office,Vehicle,WP CAA 7812,Toyota Prius,Petrol,22.4,L ,301.86,6761.66,Company Fuel Depot,RCP-980549,Cash,Ruwan Bandara,131079.0,,Rain,Maintenance work,Refuelling completed at approved station.
FT-202607-00665,LankaTech Solutions (Pvt) Ltd,2026-07-22,10:40:07,Colombo head office,Vehicle,WP CAZ 9034,Suzuki Wagon R,PetRol,29.6,LTR,342.35,10133.56,Lanka IOC,RCP-481993,FUEL CARD,Kasun Fernando,70012.0,,Very Hot,Maintenance work,extra trip completed from colombo head office.
FT-202607-01273,LankaTech Solutions (Pvt) Ltd,2026-07-10,09:31:11,Galle Branch,Generator,GEN-GAL-01,Diesel Generator, Diesel,82.34,L ,311.47,25646.44,Local Fuel Station,RCP-837360,Cash,Tharindu Silva,,16.8,Wet Roads,Client site visits,Additional fuel required due to increased activity.
FT-202607-01318,LankaTech Solutions (Pvt) Ltd,07-Jul-2026,07:50:46,Colombo Head Office,Vehicle,WP RAB 3842,Isuzu Elf,DiesEl,73.6,L,309.33,22766.69,Lanka IOC,RCP-355550,company fuel card,Pradeep Kumar,156892.0,,Wet Roads,Routine operations,Fuel issued for routine operations.
FT-202607-00219,LankaTech Solutions (Pvt) Ltd,12 Jul 2026,14:29:57,colomboHeadOffice,Vehicle,WP CBA 1198,Toyota Corolla,PetRol,28.0,L,343.4,9615.2,Lanka IOC,RCP-246967,corporate credit,Ruwan Bandara,157816.0,,Rain,Maintenance work,Consumption slightly higher due to rain.
FT-202607-01227,LankaTech Solutions (Pvt) Ltd,05-07-2026,15:40:32,kandyBranch,Vehicle,SP CAB 7788,Toyota Hilux, Diesel,58.88,L ,310.2,18264.58,Ceypetco,RCP-168983,company fuel card,Pradeep Kumar,167016.0,,Flooding,Month-end deliveries, Additional fuel required due to increased activity. 
FT-202607-00234,LankaTech Solutions (Pvt) Ltd,15-07-2026,18:02:48,Galle Branch,Vehicle,WP KX 2345,Isuzu D-Max,diesel,24.79,L ,292.95,7262.23,Lanka IOC,RCP-812701,company fuel card,Sahan Wijesinghe,170880.0,,Wet Roads,Client site visits,N/A
FT-202607-00856,LANKATECH SOLUTIONS (PVT) LTD,26/07/2026,15:02:25,COLOMBO HEAD OFFICE,Vehicle,SP CAB 7788,Toyota Hilux,Diesel,21.85,ltr,323.04,7058.42,Ceypetco,RCP-845016,Corporate Credit,Amal Fernando,130431.0,,Heavy Rain,Warehouse operations,Extra trip completed from Colombo Head Office.
FT-202607-00515,LankaTech Solutions (Pvt) Ltd,22 Jul 2026,11:24:29,Kurunegala warehouse,Vehicle,WP RAB 3842,Isuzu Elf,DIESEL,31.51,L ,296.59,9345.55,Local Fuel Station,RCP-301167,company fuel card,Tharindu Silva,171432.0,,Very Hot,Maintenance work,Routine fuel purchase.
FT-202607-00363,LankaTech Solutions (Pvt) Ltd,16-07-2026,11:15:22,Colombo Head Office,Vehicle,CP BDT 5521,Toyota TownAce,DiesEl,49.96,Litres,289.9,14483.4,Lanka IOC,RCP-834255,cash,,49130.0,,Rain,emergencyOperations,Refuelling completed at approved station.
FT-202607-00868,LankaTech Solutions (Pvt) Ltd,11-Jul-2026,10:14:45,kurunegalaWarehouse,Vehicle,WP CBA 1198,Toyota Corolla,petrol ,35.71,L,300.49,10730.5,Company Fuel Depot,RCP-876204,fuel_account,,185582.0,,Wet Roads,Maintenance work,Additional trip resulted in higher consumption.
FT-202607-00057,LankaTech Solutions (Pvt) Ltd,2026/07/12,15:50:50,Colombo Head Office,Vehicle,CP BDT 5521,Toyota TownAce,Diesel,48.58,gallons,295.13,14337.42,Company Fuel Depot,RCP-296132,fuel_account,Pradeep Kumar,73394.0,,Flooding,Routine operations,fuel purchased for operational requirement.
FT-202607-00702,LankaTech Solutions (Pvt) Ltd,19 Jul 2026,15:17:30,COLOMBO HEAD OFFICE,Generator,GEN-CMB-02,Diesel Generator,Diesel,67.4,liters,324.44,21867.26,Ceypetco,RCP-545712,FUEL CARD,Ruwan Bandara,,11.4,,Maintenance work,fuel purchased for operational requirement.
FT-202607-00493,LankaTech Solutions (Pvt) Ltd,17-07-2026,14:40:25,Galle Branch,Vehicle,WP KX 2345,Isuzu D-Max,diesel,40.02,liters,296.04,11847.52, Company Fuel Depot,RCP-959964,fuel_account,Dinesh Kumara,93311.0,,Flooding,Month-end deliveries,Fuel purchased for operational requirement.
FT-202607-01373,LankaTech Solutions (Pvt) Ltd,2026/07/07,08:17:56,Kandy branch,Generator,GEN-KDY-01  ,Diesel Generator,diesel ,21.01,LTR,310.86,6531.17,Company Fuel Depot,RCP-688560,FUEL CARD,Kasun Fernando,,3.8,Normal,Maintenance work,Month-end fuel requirement.
FT-202607-01435,LankaTech Solutions (Pvt) Ltd,10-Jul-2026,08:02:11,Galle Branch,Vehicle,WP KX 2345,Isuzu D-Max,DIESEL,43.88,litres,309.66,13587.88,Ceypetco,RCP-517417,Fuel Account,Sahan Wijesinghe,188803.0,,Rain,Inter-branch transfer,urgent refill
FT-202607-01346,LankaTech Solutions (Pvt) Ltd,Jul 03 2026,20:46:18,Colombo Head Office,Vehicle,CP CAE 9911,Mitsubishi Canter, Diesel,-22.43,litres,330.68,7417.15,Company Fuel Depot,RCP-948215,corporate credit,Sahan Wijesinghe,145912.0,,Flooding,Maintenance work,Emergency fuel top-up.
FT-202607-00925,LankaTech Solutions (Pvt) Ltd,17-Jul-2026,11:59:39,Kandy Branch,Vehicle,SP CAB 7788,Toyota Hilux,DiesEl,83.05,Ltrs,297.42,24700.73,Ceypetco,RCP-912832,company fuel card,Chamath Jayasinghe,26692.0,,Rain,Increased deliveries,additional trip resulted in higher consumption.
FT-202607-01057,LankaTech Solutions (Pvt) Ltd,2026-07-03,06:45:26,Colombo Head Office,Vehicle,WP QK 6723,Honda Fit,PetRol,36.9,ltr,317.6,11719.44,,RCP-661534,company fuel card,Tharindu Silva,77988.0,,Normal,Emergency operations,Consumption slightly higher due to normal.
FT-202607-01017,LankaTech Solutions (Pvt) Ltd,2026-07-24,08:22:22,Kandy Branch,Generator,GEN-KDY-01,Diesel Generator,Diesel,51.68,litres,290.64,15020.28,Ceypetco,RCP-133984,Cash,Ruwan Bandara,,8.2,Heavy Rain,Routine operations, regular diesel refill for diesel generator. 
FT-202607-00418,LankaTech Solutions (Pvt) Ltd,21 July 2026,13:17:07,Colombo Head Office,Vehicle,WP CBA 1198,Toyota Corolla,petrol,46.91,l,322.84,15144.42,Lanka IOC,,Fuel Account,,178197.0,,Wet Roads,Maintenance work,Generator fuel top-up during maintenance work.
FT-202607-00877,LankaTech Solutions (Pvt) Ltd,01-Jul-2026,11:09:43,Colombo Head Office,Vehicle,WP KX 2345,Isuzu D-Max,DIESEL,77.02,Ltrs,332.09,25577.57,Lanka IOC,RCP-107216,Fuel Account,Sahan Wijesinghe,96216.0,,Rain,Emergency operations, Fuel issued for emergency operations. 
FT-202607-01458,LankaTech Solutions (Pvt) Ltd,2026/07/24,19:08:15,Kurunegala Warehouse,Vehicle,WP RAB 3842,Isuzu Elf,diesel ,76.39,L ,323.55,24715.98,Company Fuel Depot,RCP-230771,cash,Kasun Fernando,156361.0,,Wet Roads,Inter-branch transfer,Fuel receipt entered manually by admin.
FT-202607-01045,LankaTech Solutions (Pvt) Ltd,2026-07-03,14:27:48,Kurunegala warehouse,Vehicle,CP BDT 5521,Toyota TownAce,DIESEL,69.04,ltr,295.25,20384.06,Company Fuel Depot,RCP-295176,CASH,Sahan Wijesinghe,168289.0,,Heavy Rain,Client site visits,urgent refill
FT-202607-00083,LankaTech Solutions (Pvt) Ltd,07 Jul 2026,09:11:29,Kurunegala Warehouse,Generator,GEN-KUR-01,Diesel Generator,diesel,70.34,L,311.96,21943.27,Local Fuel Station,RCP-746146,Fuel Account,Ruwan Bandara,,11.0,Rain,Increased deliveries,Consumption slightly higher due to rain.
FT-202607-00892,LankaTech Solutions (Pvt) Ltd,21-07-2026,20:39:15,Galle Branch,Vehicle,CP BDT 5521,Toyota TownAce,diesel ,29.37,liters,313.33,9202.5,Lanka IOC,RCP-287923,company fuel card,Tharindu Silva,109475.0,,Normal,Client site visits,Fuel issued as per request.
FT-202607-00882,LankaTech Solutions (Pvt) Ltd,01/07/2026,07:14:52,Colombo Head Office,Vehicle,WP CAA 7812,Toyota Prius,PetRol,50.14,liters,310.9,15588.53,Local Fuel Station,RCP-379032,corporate credit,Tharindu Silva,165521.0,,Very Hot,Inter-branch transfer,Vehicle refuelled before scheduled client visit.
FT-202607-00466,LankaTech Solutions (Pvt) Ltd,2026/07/15,08:46:06,Kandy Branch,Vehicle,CP CAE 9911,Mitsubishi Canter,DIESEL,101.69,Ltrs,293.81,29877.54,,RCP-269158,FUEL CARD,Kasun Fernando,102884.0,,Flooding,Routine operations,Fuel purchased for operational requirement.
FT-202607-00876,LANKATECH SOLUTIONS (PVT) LTD,14-Jul-2026,12:21:58,Kandy Branch,Vehicle,SP CAB 7788,Toyota Hilux,diesel ,77.01,litres,288.81,22241.26, Company Fuel Depot,RCP-243596,company fuel card,Ruwan Bandara,140898.0,,Flooding,Client site visits, Generator fuel top-up during client site visits. 
FT-202607-00123,LankaTech Solutions (Pvt) Ltd,2026/07/06,19:44:37,Kandy Branch,Generator,GEN-KDY-01,Diesel Generator,diesel ,48.97,liters,313.19,15336.91,Local Fuel Station,RCP-834313,cash,Dinesh Kumara,,7.0,Wet Roads,Emergency operations,Fuel receipt entered manually by admin.
FT-202607-00980,LankaTech Solutions (Pvt) Ltd,06-Jul-2026,10:15:36,Colombo Head Office,Vehicle,WP CAZ 9034,Suzuki Wagon R,Petrol,45.69,liters,322.97,14756.5,Local Fuel Station,RCP-595655,FUEL CARD,Amal Fernando,138500.0,,Normal,Inter-branch transfer,Generator fuel top-up during inter-branch transfer.
FT-202607-01384,LankaTech Solutions (Pvt) Ltd,14-07-2026,19:09:31,Kandy Branch,Vehicle, SP CAB 7788,Toyota Hilux,Diesel,29.77,L  ,306.25,9117.06,Local Fuel Station,RCP-246046,cash,Ruwan Bandara,59545.0,,Heavy Rain,Emergency operations,consumption slightly higher due to heavy rain.
FT-202607-00091,LankaTech Solutions (Pvt) Ltd,09 Jul 2026,16:27:53,Colombo Head Office,Vehicle,CP CAE 9911,Mitsubishi Canter,diesel,50.73,l,316.53,16057.57,Ceypetco,RCP-144133,corporate credit,Pradeep Kumar,133342.0,,Rain,Inter-branch transfer,Additional fuel required due to increased activity.
FT-202607-00772,LankaTech Solutions (Pvt) Ltd,2026/07/05,17:41:04,Colombo  Head  Office,Generator,GEN-CMB-01,Diesel Generator,diesel,36.64,LTR,326.82,11974.68,Local Fuel Station,RCP-940833,FUEL CARD,Sahan Wijesinghe,,4.3,Rain,Emergency operations,Extra trip completed from Colombo Head Office.
FT-202607-01477,LankaTech Solutions (Pvt) Ltd,13-Jul-2026,10:38:48,Colombo Head Office,Vehicle,WP CBA 1198,Toyota Corolla,petrol,30.45,l,320.7,9765.31,Lanka IOC,RCP-820374,FUEL CARD,Amal Fernando,74971.0,,Heavy Rain,Month-end deliveries,Month-end fuel requirement.
FT-202607-00606,LankaTech Solutions (Pvt) Ltd,2026/07/29,14:54:40,Kandy Branch,Vehicle,WP QK 6723,Honda Fit,PETROL,34.52,LTR,298.24,10295.24,Ceypetco,RCP-932665,fuel_account,Lahiru Senanayake,169040.0,,Wet Roads,Warehouse operations,additional fuel required due to increased activity.
FT-202607-00342,lankatechSolutions(Pvt)Ltd,17-07-2026,15:37:51,Colombo  Head Office,Vehicle,SP CAB 7788,Toyota Hilux,DiesEl,52.35,L,289.51,15155.85,Company Fuel Depot,RCP-154874,Corporate Credit,Lahiru Senanayake,158275.0,,Normal,Warehouse operations,Refuelling completed at approved station.
FT-202607-00611,LankaTech Solutions (Pvt) Ltd,26-07-2026,17:47:16,Galle Branch,Vehicle,WP CAZ 9034,Suzuki Wagon R,petrol ,49.16,l,320.19,15740.54,Ceypetco,RCP-507321,FUEL CARD,Pradeep Kumar,44808.0,,Flooding,Emergency operations,generator use
FT-202607-01168,LankaTech Solutions (Pvt) Ltd,23-07-2026,09:31:45,Galle Branch,Generator,GEN-GAL-01,Diesel Generator,DIESEL,65.58,LTR,307.84,20188.15,Local Fuel Station,RCP-398660,Fuel Account,Dinesh Kumara,,10.0,Heavy Rain,Warehouse operations,Refuelling completed at approved station.
FT-202607-01182,LankaTech Solutions (Pvt) Ltd,17-Jul-2026,10:18:36,Kurunegala Warehouse,Vehicle,WP CBA 1198,Toyota Corolla,PetRol,26.96,Ltrs,305.48,8235.74,Company Fuel Depot,RCP-156289,fuel_account, Tharindu Silva,138853.0,,Very Hot,Emergency operations,Regular petrol refill for Toyota Corolla.
FT-202607-00233,LankaTech Solutions (Pvt) Ltd,2026-07-18,08:37:56,Kurunegala Warehouse,Vehicle,CP BDT 5521,Toyota TownAce,DIESEL,44.44,liters ,296.75,13187.57,Lanka IOC,RCP-521549,cash,Lahiru Senanayake,140056.0,,Flooding,Warehouse operations, EXTRA TRIP COMPLETED FROM KURUNEGALA WAREHOUSE. 
FT-202607-00473,LankaTech Solutions (Pvt) Ltd,14-07-2026,10:55:20,kurunegala warehouse,Vehicle,SP CAB 7788,Toyota Hilux, Diesel,48.35,litres,310.01,14988.98,Local Fuel Station,RCP-689361,Cash,Kasun  Fernando,53749.0,,Rain,Maintenance work,generator use
FT-202607-00365,LankaTech Solutions (Pvt) Ltd,2026-07-24,10:26:01,Colombo Head Office,Vehicle,WP KX 2345,Isuzu D-Max,Diesel,59.81,liters,285.91,17100.28,Ceypetco,RCP-221502,Fuel Account, Lahiru Senanayake,178184.0,,Normal,Warehouse operations,Additional trip resulted in higher consumption.
FT-202607-01056,LankaTech Solutions (Pvt) Ltd,10-Jul-2026,17:47:56,COLOMBO HEAD OFFICE,VEHICLE,WP CBA 1198,Toyota Corolla,PetRol,24.99,LTR,342.0,8546.58,Local Fuel Station,RCP-756318,FUEL CARD,Dinesh Kumara,175453.0,,Normal,Client site visits,Fuel issued as per request.
FT-202607-00425,LankaTech Solutions (Pvt) Ltd,21-Jul-2026,07:42:00,Kandy Branch,Vehicle,WP CAZ 9034,Suzuki Wagon R,PETROL,15.04,Ltrs,317.09,4769.03,Lanka IOC,RCP-702283,company fuel card,Amal Fernando,93344.0,,Flooding,Month-end deliveries, CONSUMPTION SLIGHTLY HIGHER DUE TO FLOODING. 
FT-202607-00666,LankaTech Solutions (Pvt) Ltd,09/07/2026,08:53:27,Colombo Head Office,Vehicle,CP BDT 5521,Toyota TownAce,diesel,68.84, l,315.57,21723.84,Local Fuel Station,RCP-406322,company fuel card,Sahan Wijesinghe,92856.0,,Heavy Rain,Client site visits,Fuel receipt entered manually by admin.
FT-202607-00984,LankaTech Solutions (Pvt) Ltd,2026/07/16,12:29:08,colomboHeadOffice,Vehicle,CP BDT 5521,Toyota TownAce,diesel ,73.9,LTR,330.87,24451.29,Local Fuel Station,RCP-660106,Fuel Account,Amal Fernando,116559.0,,Flooding,Increased deliveries,REFUELLING COMPLETED AT APPROVED STATION.
FT-202607-01077,LankaTech Solutions (Pvt) Ltd,2026-07-04,12:37:02,colomboHeadOffice,Generator,GEN-CMB-02,Diesel Generator,DIESEL,22.26,liters,302.24,6727.86,Company Fuel Depot,RCP-568133,Company Fuel Card,Chamath Jayasinghe,,4.9,Normal,Month-end deliveries, emergency fuel top-up. 
FT-202607-00841,LankaTech Solutions (Pvt) Ltd,08/07/2026,09:20:34,Colombo Head Office,Generator,GEN-CMB-02,Diesel Generator, Diesel,103.48,LTR,322.71,33394.03,Local Fuel Station,RCP-875823,corporate credit,Ruwan Bandara,,15.2,Heavy Rain,,Emergency fuel top-up.
FT-202607-00367,LankaTech Solutions (Pvt) Ltd,05-Jul-2026,12:41:40,Kandy Branch,Vehicle,WP RAB 3842,Isuzu Elf, Diesel,41.35, Litres,294.68,12185.02,Local Fuel Station,RCP-565276,corporateCredit,Kasun Fernando,171487.0,,Heavy Rain,Routine operations,REFUELLING COMPLETED AT APPROVED STATION.
FT-202607-01032,LankaTech Solutions (Pvt) Ltd,12-Jul-2026,20:40:38,Kurunegala Warehouse,Vehicle,WP RAB 3842,Isuzu Elf, Diesel,58.18,LTR,324.13,18857.88,Company Fuel Depot,RCP-161319,company fuel card,Pradeep Kumar,70602.0,,Very Hot,Increased deliveries,Refuelling completed at approved station.
FT-202607-01412,LankaTech Solutions (Pvt) Ltd,06-Jul-2026,08:56:29,Kurunegala Warehouse,Vehicle,WP RAB 3842,Isuzu Elf,diesel,47.23,litres,302.51,14287.55,Ceypetco,RCP-538890,corporate credit,Sahan Wijesinghe,60610.0,,Very Hot,Month-end deliveries, Additional trip resulted in higher consumption.  
FT-202607-01438,LankaTech Solutions (Pvt) Ltd,2026-07-03,08:48:56,Kandy,Vehicle,WP KX 2345,Isuzu D-Max, Diesel,0.0,ltr,300.36,28035.6,Local Fuel Station,RCP-629799,Cash,Amal Fernando,128535.0,,Flooding,Inter-branch transfer,Extra trip completed from Kandy Branch.
FT-202607-00592,LankaTech Solutions (Pvt) Ltd,17/07/2026,18:44:12,Galle Branch,Vehicle,SP CAB 7788,Toyota Hilux,Diesel,52.76,ltr,332.29,17531.62,Lanka IOC,RCP-276857,fuel_account,Kasun Fernando,141572.0,,Rain,Inter-branch transfer,Consumption slightly higher due to rain.
FT-202607-00398,LankaTech Solutions (Pvt) Ltd,2026/07/15,20:30:57,Colombo Head Office,Vehicle,WP CAB 4521,Toyota Hiace,diesel ,19.82,liters,316.15,6266.09,Ceypetco,RCP-993987,Company Fuel Card,Nimal Perera,102229.0,,Very Hot,Increased deliveries,Extra trip completed from Colombo Head Office.
FT-202607-00528,LankaTech Solutions (Pvt) Ltd,10-Jul-2026,09:09:59,Kandy Branch,Vehicle,WP QK 6723,Honda Fit,petrol,25.65,Ltrs,339.03,8696.12,Lanka IOC,RCP-791538,COMPANY FUEL CARD,Lahiru Senanayake,137398.0,,Wet Roads,Client site visits,Vehicle refuelled before scheduled client visit.
FT-202607-01074,LankaTech Solutions (Pvt) Ltd,28/07/2026,14:23:07,Kurunegala WH,Vehicle,WP RAB 3842,Isuzu Elf, Diesel,-44.77,Ltrs,292.79,13108.21,Company Fuel Depot,RCP-494010,cash,Pradeep Kumar,148567.0,,Rain,Increased deliveries,Regular diesel refill for Isuzu Elf.
FT-202607-00168,LankaTech Solutions (Pvt) Ltd,2026/07/18,20:50:28,Galle Branch,Vehicle,WP CAZ 9034,Suzuki Wagon R,PetRol,91.28,l,319.36,29151.18,Lanka IOC,RCP-855945,Fuel Account,Ruwan Bandara,127002.0,,,,emergency fuel top-up. Higher than normal usage reported.
FT-202607-00919,LankaTech Solutions (Pvt) Ltd,30-07-2026,06:59:58,Colombo Head Office,Vehicle,CP CAE 9911,Mitsubishi Canter,DiesEl,41.84,Ltrs,311.94,13051.57,,RCP-448201,corporate credit,Sahan Wijesinghe,95806.0,,Flooding,Inter-branch transfer,generator fuel top-up during inter-branch transfer.
FT-202607-00443,LankaTech Solutions (Pvt) Ltd,2026/07/28,19:26:11,Galle Branch,Vehicle,WP CBA 1198,Toyota Corolla,petrol,42.06,litres,318.79,13408.31,Ceypetco,RCP-143753,Cash,Lahiru Senanayake,148908.0,,Very Hot,Client site visits,trip extended
FT-202607-00417,LankaTech Solutions (Pvt) Ltd,15-07-2026,16:17:49,Kandy Branch,Vehicle,SP CAB 7788,Toyota Hilux,DIESEL,45.6,litres,330.93,15090.41,,RCP-406081,corporate credit,Ruwan Bandara,141589.0,,Wet Roads,Maintenance work, Routine fuel purchase. 
FT-202607-00929,LankaTech Solutions (Pvt) Ltd,04-07-2026,15:31:54,Kandy,Vehicle,WP CBA 1198,Toyota Corolla,petrol ,63.57,LTR,330.36,21000.99,Ceypetco,RCP-911018,corporate credit,Chamath Jayasinghe,104354.0,,Wet Roads,Month-end deliveries,Extra trip completed from Kandy Branch.
FT-202607-00467,LankaTech Solutions (Pvt) Ltd,13/07/2026,06:33:51,Kandy Branch,Vehicle,WP CBA 1198,Toyota Corolla,Petrol,29.93,l,312.98,9367.49,Company Fuel Depot,RCP-600749,Fuel Account,Pradeep Kumar,188092.0,,Rain,Warehouse operations,Regular petrol refill for Toyota Corolla.
FT-202607-00861,LankaTech Solutions (Pvt) Ltd,30-07-2026,17:33:33,Kurunegala Warehouse,Vehicle,WP CBA 1198,Toyota Corolla, Petrol,36.35,liters,336.99,12249.59,Company Fuel Depot,RCP-409486,Fuel Account,Dinesh Kumara,108260.0,,,Month-end deliveries,extra trip completed from kurunegala warehouse.
FT-202607-00993,LankaTech Solutions (Pvt) Ltd,20 Jul 2026,10:00:22,Galle Branch,Generator,GEN-GAL-01,Diesel Generator,diesel ,23.35,L,305.04,7122.68,Local Fuel Station,RCP-990307,company fuel card,Pradeep Kumar,,3.3,Flooding,Client site visits,Generator fuel top-up during client site visits.
FT-202607-00426,LankaTech Solutions (Pvt) Ltd,2026/07/18,15:11:52,Kandy branch,Generator,GEN-KDY-01,Diesel Generator,diesel ,39.44,Ltrs,325.73,12846.79,Lanka IOC,RCP-937879,company fuel card,Pradeep Kumar,,6.1,Very Hot,Maintenance work,ADDITIONAL TRIP RESULTED IN HIGHER CONSUMPTION. 
FT-202607-00557,LankaTech Solutions (Pvt) Ltd,18-Jul-2026,20:56:11,Colombo Head Office,Vehicle,WP  CAA  7812,Toyota Prius,PetRol,31.26,liters,300.78,9402.38,Lanka IOC,RCP-826733,Fuel Account,Nimal Perera,41721.0,,Very Hot,Month-end deliveries, Extra trip completed from Colombo Head Office. 
FT-202607-01196,LankaTech Solutions (Pvt) Ltd,2026/07/22,17:33:55,Kandy Branch,Vehicle,CP BDT 5521,Toyota TownAce,diesel,52.45,l,323.68,16977.02,CEYPETCO,RCP-948795,FUEL ACCOUNT,Amal Fernando,176224.0,,Wet Roads,Routine operations,Generator fuel top-up during routine operations.
FT-202607-00340,lankatech solutions (pvt) ltd,28 Jul 2026,18:05:10,Colombo  Head Office,Vehicle,WP KX 2345,Isuzu D-Max,diesel ,38.47,litres,286.51,11022.04,Local Fuel Station,RCP-630381,corporate credit,Sahan Wijesinghe,46050.0,,Wet Roads,Emergency operations,fuel purchased for operational requirement.
FT-202607-00930,LankaTech Solutions (Pvt) Ltd,11-07-2026,06:10:49,Galle Branch,Vehicle,CP CAE 9911,Mitsubishi Canter,Diesel,101.98,LTR,323.93,33034.38,Lanka IOC,RCP-428513,fuel_account,Nimal Perera,91983.0,,Heavy Rain,Month-end deliveries,Vehicle refuelled before scheduled client visit.
FT-202607-01181,LankaTech Solutions (Pvt) Ltd,2026-07-06,17:53:10,Colombo Head Office,Vehicle,CP CAE 9911,Mitsubishi Canter,DIESEL,79.47,l,291.3,23149.61,Local Fuel Station,RCP-710021,Company Fuel Card,Nimal Perera,143955.0,,Very Hot,Month-end deliveries,Refuelling completed at approved station.
FT-202607-00766,LankaTech Solutions (Pvt) Ltd,2026-07-26,20:49:22,colombo head office,Vehicle,WP CAZ 9034,Suzuki Wagon R,Petrol,41.84,Ltrs,300.5,12572.92,Lanka IOC,RCP-325916,Company Fuel Card,Dinesh Kumara,158089.0,,Heavy Rain,Routine operations,fuel receipt entered manually by admin.
FT-202607-01386,LankaTech Solutions (Pvt) Ltd,18-07-2026,19:11:39, Kandy Branch,Vehicle,WP CAA 7812,Toyota Prius,PETROL,38.14,Litres,314.5,11995.03,Lanka IOC,RCP-993198,cash,Amal Fernando,156081.0,,Heavy Rain,Client site visits,Additional trip resulted in higher consumption.
FT-202607-01310,LankaTech Solutions (Pvt) Ltd,2026-07-24,18:32:20,Colombo Head Office,Generator, GEN-CMB-01,Diesel Generator,diesel ,17.65,Ltrs,294.55,5198.81,Local Fuel Station,RCP-131313,corporate credit,Chamath Jayasinghe,,3.1,,Routine operations,Fuel receipt entered manually by admin.
FT-202607-00043,Lankatech Solutions (Pvt) Ltd,15 Jul 2026,15:37:19,Kandy Branch,Vehicle,CP CAE 9911,Mitsubishi Canter,DIESEL,40.68,Litres,319.36,12991.56,Company Fuel Depot,RCP-485146,corporate credit,Lahiru Senanayake,98231.0,,Very Hot,Increased deliveries,fuel receipt entered manually by admin.
FT-202607-00193,LankaTech Solutions (Pvt) Ltd,2026/07/25,20:56:39,Kandy Branch,Vehicle,WP CAB 4521,Toyota Hiace, Diesel,128.09,liters,311.69,39924.37,Lanka IOC,RCP-159963,Cash,Ruwan Bandara,130541.0,,Wet Roads,Increased deliveries,Fuel purchased for operational requirement.
FT-202607-00728,LankaTech Solutions (Pvt) Ltd,2026-07-21,08:45:50,Colombo Head Office,Vehicle,SP CAB 7788,Toyota Hilux,DiesEl,154.68,L,316.33,48929.92,Lanka IOC,RCP-230254,FUEL CARD,Sahan Wijesinghe,119039.0,,Heavy Rain,Month-end deliveries,month-end fuel requirement. Higher than normal usage reported.
FT-202607-00714,LankaTech Solutions (Pvt) Ltd,2026-07-06,06:14:17,Galle branch,Vehicle,WP CAA 7812,Toyota Prius,petrol ,38.53,litres,328.11,12642.08,lankaIoc,RCP-327860,Cash,Kasun Fernando,150055.0,,Heavy Rain,month-end deliveries,Routine fuel purchase.
FT-202607-00011,LankaTech Solutions (Pvt) Ltd,11-Jul-2026,17:00:37,kurunegalaWarehouse,Vehicle,WP CAB 4521,Toyota Hiace,Diesel,34.43,ltr,295.03,10157.88,Ceypetco,RCP-328873,corporate credit,Amal Fernando,105866.0,,Normal,Maintenance work,Fuel purchased for operational requirement.
FT-202607-00393,LankaTech Solutions (Pvt) Ltd,2026-07-09,10:51:23,Kurunegala Warehouse,Vehicle,WP QK 6723,Honda Fit,petrol,26.57,LTR,298.08,7919.99,Company Fuel Depot,RCP-624711,FUEL ACCOUNT,Tharindu Silva,33573.0,,Flooding,Warehouse operations,Month-end fuel requirement.
FT-202607-00386,LankaTech Solutions (Pvt) Ltd,26-Jul-2026,11:33:12,Kurunegala Warehouse,Generator,GEN-KUR-01,Diesel Generator,DiesEl,86.57,ltr,293.61,25417.82,Local Fuel Station,RCP-190047,fuel_account,Pradeep Kumar,,16.5,,Client site visits,Fuel issued as per request.
FT-202607-00345,LankaTech Solutions (Pvt) Ltd,28-Jul-2026,12:18:57,Galle Branch,Generator,GEN-GAL-01,Diesel Generator,diesel,167.32,LTR,317.19,53072.23,Lanka IOC,RCP-707851,Fuel Account,Chamath Jayasinghe,,17.8,Heavy Rain,Maintenance work,Vehicle refuelled before scheduled client visit.
FT-202607-00032,LankaTech Solutions (Pvt) Ltd,2026-07-21,13:58:00,Kandy Branch,Generator,GEN-KDY-01,Diesel Generator,Diesel,43.2,Ltrs,314.25,13575.6,Local Fuel Station,RCP-917442,corporate credit,Dinesh Kumara,,6.9,Wet Roads,Client site visits,Generator fuel top-up during client site visits.
FT-202607-01409,LankaTech Solutions (Pvt) Ltd,24-Jul-2026,20:35:16,Galle Branch,Generator,GEN-GAL-01,Diesel Generator,diesel,50.58,liters,317.97,16082.92,Lanka IOC,RCP-955870,Company Fuel Card,Sahan Wijesinghe,,8.2,Very Hot,Warehouse operations, Consumption slightly higher due to very hot. 
FT-202607-00237,LankaTech Solutions (Pvt) Ltd,19 Jul 2026,18:44:29,Kandy Branch,VEHICLE,WP RAB 3842,Isuzu Elf,DIESEL,43.04,liters,333.84,14368.47,,RCP-150700,corporate credit,Sahan Wijesinghe,63392.0,,Very Hot,Maintenance work,Fuel purchased for operational requirement.
FT-202607-01031,LankaTech Solutions (Pvt) Ltd,29-Jul-2026,11:53:32,kandyBranch,Vehicle,WP KX 2345,Isuzu D-Max,DiesEl,,l,333.01,32248.69,Lanka IOC,RCP-970349,corporate credit,Ruwan Bandara,147269.0,,Heavy Rain,Month-end deliveries,Fuel issued for month-end deliveries.
FT-202607-00691,LankaTech Solutions (Pvt) Ltd,06-07-2026,09:07:12,Colombo Head Office,Vehicle,WP QK 6723,Honda Fit,PetRol,45.04,Litres,314.21,14152.02,Ceypetco,RCP-676085,FUEL CARD,Chamath  Jayasinghe,180876.0,,Heavy Rain,Maintenance work,Emergency fuel top-up.
FT-202607-00116,LankaTech Solutions (Pvt) Ltd,01/07/2026,19:02:48,Kurunegala Warehouse,Vehicle,WP CBA 1198,Toyota Corolla,petrol ,44.15,Ltrs,324.76,14338.15,Company Fuel Depot,RCP-466648,company fuel card,Tharindu Silva,46210.0,,Very Hot,Routine operations,Refuelling completed at approved station.
FT-202607-01333,LankaTech Solutions (Pvt) Ltd,01-07-2026,20:01:52,Galle Branch,Vehicle,WP CBA 1198,Toyota Corolla,Petrol,52.64,litres,307.86,16205.75,Ceypetco,RCP-354410,fuel_account,Kasun Fernando,75210.0,,Heavy Rain,INCREASED DELIVERIES,Fuel receipt entered manually by admin.
FT-202607-01119,LankaTech Solutions (Pvt) Ltd,2026/07/21,07:19:59,Colombo Head Office,Vehicle,WP KX 2345,Isuzu D-Max, Diesel,86.58,liters,288.65,24991.32,Ceypetco,RCP-715531,cash,Kasun Fernando,129724.0,,Flooding,Inter-branch transfer,consumption slightly higher due to flooding.
FT-202607-00710,LankaTech Solutions (Pvt) Ltd,17 Jul 2026,10:36:03,Kandy Branch,Vehicle,WP RAB 3842,Isuzu Elf,diesel ,40.62,L ,309.72,12580.83,Lanka IOC,RCP-422331,Company Fuel Card,Chamath Jayasinghe,89673.0,,Wet Roads,Increased deliveries,Fuel issued as per request.
FT-202607-00748,LankaTech Solutions (Pvt) Ltd,17 Jul 2026,12:44:30,Kurunegala Warehouse,Generator,GEN-KUR-01,Diesel Generator, Diesel,141.82,LTR,297.97,42258.11,Lanka IOC,RCP-358526,cash,Pradeep Kumar,,15.8,Flooding,Routine operations, Routine fuel purchase. 
FT-202607-01127,LankaTech Solutions (Pvt) Ltd,01-07-2026,18:07:38,Colombo Head Office,Vehicle,WP KX 2345,Isuzu D-Max,DIESEL,61.73,liters,295.54,18243.68,Lanka IOC,RCP-537827,fuel_account,Lahiru Senanayake,122252.0,,Wet Roads,Increased deliveries,Additional trip resulted in higher consumption.
FT-202607-01297,LankaTech Solutions (Pvt) Ltd,23/07/2026,16:41:10,Colombo Head Office,Vehicle,WP CBA 1198,Toyota Corolla,petrol ,54.55,Ltrs,339.53,18521.36,Local Fuel Station,RCP-718839,Company Fuel Card,Chamath Jayasinghe,95705.0,,Normal,Increased deliveries,Consumption slightly higher due to normal.
FT-202607-01003,LankaTech Solutions (Pvt) Ltd,21-07-2026,10:54:51,Colombo Head Office,Vehicle,WP CAZ 9034,Suzuki Wagon R,PetRol,34.63,liters,327.62,11345.48,,RCP-209294,Cash,Kasun Fernando,171892.0,,Wet Roads,,refuelling completed at approved station.
FT-202607-00633,LankaTech Solutions (Pvt) Ltd,2026/07/14,15:33:03,Kurunegala Warehouse,Vehicle,WP CAB 4521,Toyota Hiace,diesel,34.13,ltr,301.05,10274.84,LANKA IOC,RCP-794219,Cash,Amal Fernando,29287.0,,,, Routine fuel purchase. 
FT-202607-00431,LankaTech Solutions (Pvt) Ltd,05-07-2026,15:58:23,Colombo Head Office,Generator,GEN-CMB-01,Diesel Generator, Diesel,50.57,Litres,287.0,14513.59,Company Fuel Depot,RCP-976815,corporate credit,Kasun Fernando,,6.1,Wet Roads,Emergency operations,Fuel issued as per request.
FT-202607-01136,LankaTech Solutions (Pvt) Ltd,01/07/2026,18:54:22,Galle Branch,Vehicle,WP CAB 4521,Toyota Hiace, Diesel,49.34,L ,285.25,14074.24,Company Fuel Depot,RCP-108948,Fuel Account,Chamath Jayasinghe,107574.0,,Normal,Routine operations,ADDITIONAL TRIP RESULTED IN HIGHER CONSUMPTION.
FT-202607-00789,LankaTech Solutions (Pvt) Ltd,2026-07-15,11:50:14,Colombo Head Office,Vehicle,WP CBA 1198,Toyota Corolla,PetRol,56.76,L,322.21,18288.64,Ceypetco,RCP-823433,Cash,Sahan Wijesinghe,181561.0,,Very Hot,Month-end deliveries,Refuelling completed at approved station.
FT-202607-00125,LankaTech Solutions (Pvt) Ltd,2026-07-31,16:14:28,COLOMBO HEAD OFFICE,Vehicle,WP CAB 4521,Toyota Hiace,Diesel,33.52,LTR,313.07,10494.11,Ceypetco,RCP-636078,company fuel card,Tharindu Silva,119055.0,,Flooding,Month-end deliveries,Additional trip resulted in higher consumption.
FT-202607-01326,LankaTech Solutions (Pvt) Ltd,22/07/2026,06:25:04,Colombo Head Office,Vehicle,CP CAE 9911,Mitsubishi Canter, Diesel,42.73,L ,285.77,12210.95,Ceypetco,RCP-801600,Fuel Account,Lahiru Senanayake,130368.0,,Rain,Emergency operations,Extra trip completed from Colombo Head Office.
FT-202607-00146,LankaTech Solutions (Pvt) Ltd,25 Jul 2026,20:55:41,Kurunegala Warehouse,Vehicle,WP RAB 3842,Isuzu Elf,diesel,57.47,ltr,286.43,16461.13,,RCP-880856,Corporate Credit,Nimal Perera,178736.0,,Very Hot,emergencyOperations,Routine fuel purchase.
FT-202607-00433,LankaTech Solutions (Pvt) Ltd,27/07/2026,15:18:32,Colombo Head Office,Vehicle,WP CBA 1198,Toyota Corolla,PETROL,40.1,L,313.7,12579.37,Local Fuel Station,RCP-460780,FUEL CARD,Pradeep Kumar,145814.0,,Flooding,Increased deliveries,Fuel receipt entered manually by admin.
FT-202607-01172,LankaTech Solutions (Pvt) Ltd,01-07-2026,10:28:01,Colombo Head Office,Vehicle,CP CAE 9911,Mitsubishi Canter, Diesel,72.49,LTR,308.54,22366.06,Ceypetco,RCP-779135,Corporate Credit,Amal Fernando,110413.0,,Heavy Rain,Client site visits,Refuelling completed at approved station.
FT-202607-00153,LankaTech Solutions (Pvt) Ltd,22-07-2026,06:54:36,Colombo  Head Office,Vehicle,WP RAB 3842,Isuzu Elf,DIESEL,102.38,L,290.79,29771.08,Local Fuel Station,RCP-718347,Fuel Account,Lahiru Senanayake,184589.0,,Normal,Month-end deliveries,routine fuel purchase. Higher than normal usage reported.
FT-202607-01147,LankaTech Solutions (Pvt) Ltd,13 Jul 2026,18:37:02,Kandy Branch,Vehicle,WP KX 2345,Isuzu D-Max,Diesel,48.63,L,317.42,15436.13,Company Fuel Depot,RCP-302989,Fuel Account,Pradeep Kumar,49167.0,,Rain,Warehouse operations,Routine fuel purchase.
FT-202607-00145,LankaTech Solutions (Pvt) Ltd,19/07/2026,06:06:21,Colombo Head Office,Vehicle,WP CAA 7812,Toyota Prius,petrol ,47.06,Litres,317.01,14918.49,Ceypetco,RCP-986320,,Amal Fernando,141555.0,,Heavy Rain,,REFUELLING COMPLETED AT APPROVED STATION.
FT-202607-00070,LankaTech Solutions (Pvt) Ltd,2026/07/24,08:01:42,Colombo Head Office,Generator,GEN-CMB-01,Diesel Generator, Diesel,51.84,liters,331.59,17189.63,Local Fuel Station,RCP-762857,cash,Nimal Perera,,9.3,Normal,Client site visits, fuel receipt entered manually by admin. 
FT-202607-01459,LankaTech Solutions (Pvt) Ltd,2026/07/07,13:44:56,COLOMBO HEAD OFFICE,Vehicle,WP CAZ 9034,Suzuki Wagon R,PetRol,48.63,l,303.63,14765.53,Ceypetco,RCP-593430,company fuel card,Dinesh Kumara,171645.0,,Wet Roads,Month-end deliveries,Month-end fuel requirement.
FT-202607-00689,LankaTech Solutions (Pvt) Ltd,2026/07/21,08:50:01,Colombo HQ,Vehicle,WP CAB 4521,Toyota Hiace,diesel,45.94,L,316.75,14551.49,Company Fuel Depot,RCP-171485,FUEL CARD,Tharindu Silva,24920.0,,Very Hot,warehouse operations,ROUTINE FUEL PURCHASE.
FT-202607-00101,LankaTech Solutions (Pvt) Ltd,18 Jul 2026,16:23:12,Kandy Branch,Vehicle,SP CAB 7788,Toyota Hilux,diesel,57.48,l,318.43,18303.36,Lanka IOC,RCP-832878,cash,Pradeep Kumar,35109.0,,Normal,Client site visits,generator fuel top-up during client site visits.
FT-202607-00723,LankaTech Solutions (Pvt) Ltd,05-07-2026,19:08:00,Galle Branch,Vehicle,CP BDT 5521,Toyota TownAce,diesel ,70.28,l,286.74,20152.09,Local Fuel Station,RCP-279035,FUEL CARD,Sahan Wijesinghe,181555.0,,Normal,Increased deliveries,Fuel receipt entered manually by admin.
FT-202607-00435,LankaTech Solutions (Pvt) Ltd,02/07/2026,13:57:20,Kandy Branch,Vehicle,CP CAE 9911,Mitsubishi Canter, Diesel,46.62,l,330.7,15417.23,Ceypetco,RCP-781446,Fuel Account,Kasun Fernando,82897.0,,Rain,Routine operations,vehicle refuelled before scheduled client visit.
FT-202607-00224,LankaTech Solutions (Pvt) Ltd,01-07-2026,20:53:01,Galle Branch,Vehicle,WP CAB 4521,Toyota Hiace,Diesel,48.4,Litres,325.52,15755.17,Local Fuel Station,RCP-513789,Cash,Sahan Wijesinghe,42546.0,,Flooding,Maintenance work,Routine fuel purchase.
FT-202607-01064,lankatech solutions (pvt) ltd,30 Jul 2026,17:48:40,Kurunegala Warehouse,Vehicle,WP RAB 3842,Isuzu Elf,diesel ,20.47,l,301.45,6170.68,Lanka IOC,RCP-666764,Company Fuel Card,Sahan Wijesinghe,20124.0,,Flooding,Emergency operations,generator fuel top-up during emergency operations.
FT-202607-01334,LankaTech Solutions (Pvt) Ltd,2026-07-11,15:57:46,Kurunegala Warehouse,Vehicle,WP RAB 3842,Isuzu Elf,DiesEl,68.81,Ltrs,304.91,20980.86,Local Fuel Station,RCP-926213,cash,Sahan Wijesinghe,64787.0,,Heavy Rain,Inter-branch transfer,Additional fuel required due to increased activity.
FT-202607-00374,LankaTech Solutions (Pvt) Ltd,16-Jul-2026,06:21:04,Colombo Head Office,Vehicle,WP CAB 4521,Toyota Hiace,DIESEL,31.17,litres,308.28,9609.09,Ceypetco,RCP-922480,Fuel Account,Tharindu Silva,28708.0,,,Client site visits,Regular diesel refill for Toyota Hiace.
FT-202607-00209,LankaTech Solutions (Pvt) Ltd,29/07/2026,18:16:04,Colombo Head Office,Vehicle,CP BDT 5521,Toyota TownAce,diesel ,54.62,L ,304.61,16637.8,Local Fuel Station,RCP-188617,Cash,Dinesh Kumara,27115.0,,Rain,Month-end deliveries,Emergency fuel top-up.
FT-202607-00810,LankaTech Solutions (Pvt) Ltd,2026/07/03,20:54:22,Galle Branch,Vehicle,CP BDT 5521,Toyota TownAce,DiesEl,62.0,LTR,318.71,19760.02,Company Fuel Depot,RCP-499806,Cash,Amal Fernando,68600.0,,Very Hot,Inter-branch transfer,Routine fuel purchase.
FT-202607-01278,lankatech solutions (pvt) ltd,2026-07-06,07:26:29,Kandy Branch,Vehicle,CP CAE 9911,Mitsubishi Canter,diesel ,77.86,liters,307.72,23959.08,Ceypetco,RCP-687191,Company Fuel Card,Kasun Fernando,69411.0,,Wet Roads,Inter-branch transfer,Generator fuel top-up during inter-branch transfer.
FT-202607-00344,LankaTech Solutions (Pvt) Ltd,07/07/2026,13:06:07,Kandy Branch,Vehicle,WP CBA 1198,Toyota Corolla,petrol ,32.22,ltr,317.43,10227.59,Lanka IOC,RCP-564020,Cash,Lahiru Senanayake,142478.0,,Very Hot,Increased Deliveries,Emergency fuel top-up.
FT-202607-00305,LankaTech Solutions (Pvt) Ltd,21-Jul-2026,14:46:22,Kandy Branch,Generator,GEN-KDY-01,Diesel Generator,diesel ,36.06,ltr,304.53,10981.35,Local Fuel Station,RCP-495487,company fuel card,Amal Fernando,,4.1,Rain,Emergency operations,emergency fuel top-up.
FT-202607-00484,LankaTech Solutions (Pvt) Ltd,28 Jul 2026,14:26:08,Colombo Head Office,Generator,GEN-CMB-02,Diesel Generator, Diesel,81.52,liters,305.54,24907.62,Ceypetco,RCP-484778,Corporate Credit,Tharindu Silva,,11.0,Flooding,Client site visits,Fuel receipt entered manually by admin.
FT-202607-00609,LankaTech Solutions (Pvt) Ltd,2026-07-15,10:50:58,Colombo Head Office ,Vehicle,WP CAZ 9034,Suzuki Wagon R,PETROL,24.34,L ,313.71,7635.7,Lanka IOC,RCP-816406,Corporate Credit,Dinesh Kumara,26691.0,,Very Hot,Client site visits,Fuel issued for client site visits.
FT-202607-00315,LankaTech Solutions (Pvt) Ltd,2026-07-09,12:51:11,Colombo Head Office,Vehicle,SP CAB 7788,Toyota Hilux,Diesel,34.29,L,297.81,10211.9,,RCP-217149,Company Fuel Card,Ruwan Bandara,36884.0,,Normal,Maintenance work,regular diesel refill for toyota hilux.
FT-202607-01018,LankaTech Solutions (Pvt) Ltd,2026/07/01,07:39:13,Kandy Branch,Vehicle,CP CAE 9911,Mitsubishi Canter,Diesel,90.53,l,298.22,26997.86,Lanka IOC,RCP-766948,FUEL CARD,Dinesh Kumara,113125.0,,Flooding,, Routine fuel purchase. 
FT-202607-01114,LankaTech Solutions (Pvt) Ltd,19-Jul-2026,13:06:09,Galle Branch,Vehicle,  WP  CBA  1198  ,Toyota Corolla,petrol,12.89,L ,302.62,3900.77,Local Fuel Station,RCP-627571,Fuel Account,Chamath Jayasinghe,155949.0,,Normal,Emergency operations,vehicle refuelled before scheduled client visit.
FT-202607-00317,LankaTech Solutions (Pvt) Ltd,2026/07/13,11:27:39,Kandy Branch,Vehicle,WP CAZ 9034,Suzuki Wagon R,PETROL,46.09,L ,311.34,14349.66,Company Fuel Depot,RCP-524477,corporate credit,Pradeep Kumar,182457.0,,Very Hot,Emergency operations,Additional fuel required due to increased activity.
FT-202607-01034,LANKATECH SOLUTIONS (PVT) LTD,07 Jul 2026,12:01:30,Colombo Head Office,Vehicle,CP CAE 9911,Mitsubishi Canter,Diesel,21.92,ltr,323.67,7094.85,Lanka IOC,RCP-672717,FUEL CARD,Dinesh Kumara,38907.0,,Very Hot,Client site visits,Routine fuel purchase.
FT-202607-00137,LankaTech Solutions (Pvt) Ltd,23-Jul-2026,10:12:30,Galle Branch,Generator,GEN-GAL-01,Diesel Generator,DiesEl,66.59,liters,287.4,19137.97,Lanka IOC,RCP-318674,FUEL CARD,Sahan Wijesinghe,,7.2,Flooding,Warehouse operations, Emergency fuel top-up. 
FT-202607-00404,LankaTech Solutions (Pvt) Ltd,11-07-2026,17:16:41,Colombo HO,Vehicle,CP CAE 9911,Mitsubishi Canter,Diesel,68.36,ltr,313.72,21445.9,Local Fuel Station,RCP-549797,cash,Dinesh Kumara,185381.0,,Very Hot,Increased deliveries,Generator fuel top-up during increased deliveries.
FT-202607-00380,LankaTech Solutions (Pvt) Ltd,2026-07-04,12:55:01,Galle Branch,Vehicle,WP KX 2345,Isuzu D-Max, Diesel,19.51,L,298.37,5821.2,Ceypetco,RCP-524484,corporate credit,Pradeep Kumar,157591.0,,Rain,Maintenance work,generator use
FT-202607-00834,LankaTech Solutions (Pvt) Ltd,26 Jul 2026,06:55:35,Kurunegala Warehouse,Vehicle,WP QK 6723,Honda Fit,petrol ,59.05,l,299.59,17690.79,Local Fuel Station,RCP-409261,Fuel Account,Kasun Fernando,125813.0,,Rain,Increased deliveries,Fuel receipt entered manually by admin.
FT-202607-01309,LankaTech Solutions (Pvt) Ltd,10 Jul 2026,18:51:03,Galle Branch,Vehicle,SP CAB 7788,Toyota Hilux,diesel ,69.89,L,330.48,23097.25,Company Fuel Depot,RCP-261633,company fuel card,Dinesh Kumara,127765.0,,Heavy Rain,Increased deliveries,month-end fuel requirement.
FT-202607-01066,LANKATECH SOLUTIONS (PVT) LTD,2026-07-27,20:30:07,Kandy Branch,Vehicle,WP QK 6723,Honda Fit,petrol,28.25,L,328.47,9279.28,Ceypetco,RCP-226826,corporate credit,Dinesh Kumara,41168.0,,Heavy Rain,Client site visits,Fuel issued as per request.
FT-202607-00813,LankaTech Solutions (Pvt) Ltd,26 Jul 2026,13:47:27,Colombo Head Office,Vehicle,WP CBA 1198,Toyota Corolla,petrol ,35.63,L,335.0,11936.05,Company Fuel Depot,RCP-459368,FUEL CARD,Chamath Jayasinghe,102047.0,,Heavy Rain,Month-end deliveries,Month-end fuel requirement.
FT-202607-00966,LankaTech Solutions (Pvt) Ltd,12-Jul-2026,19:57:31,Kandy Branch,Generator,GEN-KDY-01,Diesel Generator,DIESEL,138.0,L ,316.57,43686.66,Lanka IOC,RCP-310307,Corporate Credit,Kasun Fernando,,16.1,Flooding,Warehouse operations,Regular diesel refill for Diesel Generator.
FT-202607-00519,LankaTech Solutions (Pvt) Ltd,2026/07/26,20:45:45,Kurunegala WH,Vehicle,WP KX 2345,Isuzu D-Max,diesel,27.85,Ltrs,309.43,8617.63,Lanka IOC,RCP-164941,corporate credit,Pradeep Kumar,165260.0,,Rain,Client site visits,Additional trip resulted in higher consumption.
FT-202607-00891,Lankatech Solutions (Pvt) Ltd,30/07/2026,12:02:48,Kurunegala Warehouse,Vehicle,WP CBA 1198,Toyota Corolla,Petrol,51.47,L,327.57,16860.03,Local Fuel Station,RCP-655381,Cash,Sahan Wijesinghe,130200.0,,Heavy Rain,Warehouse operations,Additional fuel required due to increased activity.
FT-202607-01462,LankaTech Solutions (Pvt) Ltd,2026-07-10,20:21:53,Colombo Head Office ,Vehicle,WP KX 2345,Isuzu D-Max, Diesel,54.76,liters,293.19,16055.08,Ceypetco,RCP-358583,cash,Lahiru Senanayake,105937.0,,Rain,Month-end deliveries,Fuel receipt entered manually by admin.
FT-202607-00341,LankaTech Solutions (Pvt) Ltd,20-07-2026,17:55:37,Kurunegala Warehouse,Vehicle,WP QK 6723,Honda Fit, Petrol,52.18,litres,344.92,17997.93,Ceypetco,RCP-715966,FUEL CARD,Pradeep Kumar,46735.0,,Flooding,Warehouse operations,Generator fuel top-up during warehouse operations.
FT-202607-00293,LankaTech Solutions (Pvt) Ltd,07-07-2026,10:12:29,Kurunegala Warehouse,Vehicle,WP CBA 1198,Toyota Corolla,petrol,41.38,liters,305.63,12646.97,Lanka IOC,RCP-553729,Company Fuel Card,Chamath Jayasinghe,30330.0,,Flooding,Increased deliveries,Vehicle refuelled before scheduled client visit.
FT-202607-00286,LankaTech Solutions (Pvt) Ltd,19-Jul-2026,07:10:04,Colombo Head Office,Vehicle,WP CAB 4521,Toyota Hiace, Diesel,60.21,ltr,314.48,18934.84, Lanka IOC,RCP-372009,company fuel card,Chamath Jayasinghe,123331.0,,Flooding,Warehouse operations, Generator fuel top-up during warehouse operations. 
FT-202607-00045,LankaTech Solutions (Pvt) Ltd,01-07-2026,17:58:33,Galle Branch,Vehicle,WP KX 2345,Isuzu D-Max,diesel,44.89,litres,314.29,14108.48,Lanka IOC,RCP-278941,cash,Kasun Fernando,73808.0,,Heavy Rain,Warehouse operations,additional trip resulted in higher consumption.
FT-202607-00099,LankaTech Solutions (Pvt) Ltd,28/07/2026,06:04:49,Kandy Branch,Vehicle,WP CAZ 9034,Suzuki Wagon R,PetRol,33.92,ltr,304.14,10316.43,Lanka IOC,RCP-423694,Fuel Account,Ruwan Bandara,131212.0,,Normal,Maintenance work,Extra trip completed from Kandy Branch.
FT-202607-01271,LankaTech Solutions (Pvt) Ltd,20-07-2026,07:37:51,Colombo  Head Office,Generator,GEN-CMB-02,Diesel Generator,DiesEl,103.39,Ltrs,308.49,31894.78,Lanka IOC,RCP-154970,fuel account,Chamath Jayasinghe,,15.4,Wet Roads,Emergency operations,urgent refill
FT-202607-00809,LankaTech Solutions (Pvt) Ltd,25-07-2026,18:42:12,Kandy Branch,Vehicle,CP BDT 5521,Toyota TownAce,Diesel,57.88,Litres,306.42,17735.59,Ceypetco,RCP-895341,fuel_account,Sahan Wijesinghe,18330.0,,Flooding,Routine operations,Extra trip completed from Kandy Branch.
FT-202607-00560,LankaTech Solutions (Pvt) Ltd,19-07-2026,14:08:18,Kandy Branch,Generator,GEN-KDY-01,Diesel Generator, Diesel,66.46,liters,300.99,20003.8,Local Fuel Station,RCP-123390,Fuel Account,Sahan Wijesinghe,,6.9,Flooding,Emergency operations, Regular diesel refill for Diesel Generator. 
FT-202607-00957,LankaTech Solutions (Pvt) Ltd,05-07-2026,19:44:40,Kurunegala Warehouse,Vehicle,WP RAB 3842,Isuzu Elf,DIESEL,67.77,LTR,304.81,20656.97,Company Fuel Depot,RCP-377212,Fuel Account,Kasun Fernando,185451.0,,Heavy Rain,Routine operations,regular diesel refill for isuzu elf.
FT-202607-01411,LankaTech Solutions (Pvt) Ltd,2026-07-08,13:06:51,Kandy Branch,Vehicle,WP CAA 7812,Toyota Prius,petrol ,22.84,liters,306.76,7006.4,,RCP-351637,Corporate Credit,Chamath Jayasinghe,152958.0,,Normal,Warehouse operations,Fuel issued for warehouse operations.
FT-202607-00068,LankaTech Solutions (Pvt) Ltd,10 Jul 2026,16:36:13,galleBranch,Vehicle,WP CAA 7812,Toyota Prius,Petrol,37.11,ltr,326.06,12100.09,Local Fuel Station,RCP-634394,company fuel card,Ruwan Bandara,23561.0,,Heavy Rain,Month-end deliveries,month-end fuel requirement.
FT-202607-00780,LankaTech Solutions (Pvt) Ltd,06/07/2026,18:10:34,Galle,Vehicle,WP CAZ 9034,Suzuki Wagon R,petrol,48.17,Litres,311.19,14990.02,Ceypetco,RCP-578797,FUEL CARD,Sahan Wijesinghe,40677.0,,Heavy Rain,Warehouse operations,Fuel purchased for operational requirement.
FT-202607-00406,LankaTech Solutions (Pvt) Ltd,25-Jul-2026,16:46:58,colomboHeadOffice,Vehicle,CP CAE 9911,Mitsubishi Canter,DIESEL,42.95,litres,320.6,13769.77,Lanka IOC,RCP-334712,company fuel card,Pradeep Kumar,126039.0,,Very Hot,Warehouse operations,Month-end fuel requirement.
FT-202607-00787,LankaTech Solutions (Pvt) Ltd,2026/07/31,08:19:36,Galle Branch,Vehicle,CP CAE 9911,Mitsubishi Canter,diesel,62.22,ltr,319.03,19850.05,Company Fuel Depot,RCP-339814,company fuel card,Ruwan Bandara,119084.0,,Heavy Rain,, Fuel purchased for operational requirement. 
FT-202607-00788,LankaTech Solutions (Pvt) Ltd,14/07/2026,09:40:26,Galle Branch,Vehicle,WP CAZ 9034,Suzuki Wagon R,Petrol,55.25,L ,314.56,17379.44,,RCP-218509,Corporate Credit,Kasun Fernando,47274.0,,Normal,Month-end deliveries,Extra trip completed from Galle Branch.
FT-202607-01213,LankaTech Solutions (Pvt) Ltd,18-07-2026,10:38:18,Colombo HQ,Vehicle,WP CAB 4521,Toyota Hiace,DIESEL,63.39,L ,290.63,18423.04,Ceypetco,,company fuel card,Tharindu Silva,160370.0,,Heavy Rain,Emergency operations, Vehicle refuelled before scheduled client visit. 
FT-202607-00039,LankaTech Solutions (Pvt) Ltd,2026-07-27,06:13:08,Kandy Branch,Generator,GEN-KDY-01,Diesel Generator,DIESEL,30.58,litres,299.0,9143.42,Company Fuel Depot,RCP-450389,Fuel Account,Pradeep Kumar,,2.5,Flooding,Maintenance work, Fuel issued for maintenance work.  Higher than normal usage reported.
FT-202607-01095,LankaTech Solutions (Pvt) Ltd,31-07-2026,08:53:43,Galle Branch,Generator,GEN-GAL-01,Diesel Generator,Diesel,78.26,L,315.84,24717.64,Local Fuel Station,RCP-676607,Fuel Card,Chamath Jayasinghe,,10.2,Heavy Rain,Inter-branch transfer,urgent refill
FT-202607-00062,LankaTech Solutions (Pvt) Ltd,09/07/2026,20:29:36,Colombo Head Office,Vehicle,CP CAE 9911,Mitsubishi Canter,DIESEL,69.33,liters,327.47,22703.5,Company Fuel Depot,RCP-794567,Fuel Account,Amal Fernando,127494.0,,Heavy Rain,Inter-branch transfer,generator use
FT-202607-01188,LankaTech Solutions (Pvt) Ltd,17 Jul 2026,20:36:03,kurunegalaWarehouse,Vehicle,WP CAZ 9034,Suzuki Wagon R,PETROL,34.1,liters,323.61,11035.1,,RCP-706184,FUEL CARD,Pradeep Kumar,114475.0,,Heavy Rain,maintenance work, Routine fuel purchase. 
FT-202607-00585,LankaTech Solutions (Pvt) Ltd,19 Jul 2026,19:10:31,Galle Branch,Vehicle,WP CAB 4521,Toyota Hiace,DiesEl,58.53,L,297.69,17423.8,Lanka IOC,RCP-612468,Company Fuel Card,Sahan Wijesinghe,48594.0,,Heavy Rain,Increased deliveries,extra fuel
FT-202607-00973,LankaTech Solutions (Pvt) Ltd,18 Jul 2026,07:28:19,KANDY BRANCH,Generator,GEN-KDY-01,Diesel Generator,DIESEL,68.77,L,290.1,19950.18,Lanka IOC,RCP-699864,cash, Kasun Fernando,,12.3,Normal,,Additional fuel required due to increased activity.
FT-202607-00463,LankaTech Solutions (Pvt) Ltd,25/07/2026,10:16:42,Kandy Branch,Vehicle,CP CAE 9911,Mitsubishi Canter,diesel ,48.0,litres,321.56,15434.88,Company Fuel Depot,RCP-639059,corporate credit,Ruwan Bandara,51369.0,,Rain,Routine operations,Refuelling completed at approved station.
FT-202607-00390,LankaTech Solutions (Pvt) Ltd,09-07-2026,18:48:31,Kurunegala warehouse,Vehicle,SP CAB 7788,Toyota Hilux,diesel ,30.53,Litres,321.7,9821.5,Lanka IOC,RCP-579844,cash,Nimal Perera,141460.0,,Very Hot,Emergency operations,Regular diesel refill for Toyota Hilux.
FT-202607-01144,LankaTech Solutions (Pvt) Ltd,31-07-2026,13:38:30,Colombo Head Office,Vehicle,WP QK 6723,Honda Fit, Petrol,19.3,litres,312.1,6023.53,Local Fuel Station,RCP-352969,Company Fuel Card,Pradeep Kumar,134245.0,,Rain,Maintenance work, VEHICLE REFUELLED BEFORE SCHEDULED CLIENT VISIT. 
FT-202607-01429,LankaTech Solutions (Pvt) Ltd,19-Jul-2026,06:44:13,Kandy Branch,Vehicle,WP CAB 4521,Toyota Hiace,Diesel,54.96,l,322.77,17739.44,Lanka IOC,RCP-113062,fuel_account,Amal Fernando,81325.0,,Normal,Increased deliveries,Refuelling completed at approved station.
FT-202607-01247,LankaTech Solutions (Pvt) Ltd,2026-07-24,09:13:16,Kurunegala Warehouse,Vehicle,WP QK 6723,Honda Fit,PetRol,58.81,l,304.68,17918.23,Local Fuel Station,RCP-755197,fuel_account,Lahiru Senanayake,53967.0,,Heavy Rain,Warehouse operations,Vehicle refuelled before scheduled client visit.
FT-202607-00983,LankaTech Solutions (Pvt) Ltd,09/07/2026,10:01:06,Kandy Branch,Vehicle,WP CBA 1198,Toyota Corolla,petrol,71.56,L ,342.11,24481.39,Local Fuel Station,RCP-741865,cash,Kasun Fernando,41622.0,,Wet Roads,Inter-branch transfer,Fuel receipt entered manually by admin.
FT-202607-00205,LankaTech Solutions (Pvt) Ltd,2026-07-06,17:10:54,COLOMBO HEAD OFFICE,Vehicle,CP BDT 5521,Toyota TownAce,diesel,44.91,L,298.53,13406.98,Ceypetco,RCP-623900,Company Fuel Card,Lahiru Senanayake,58981.0,,Very Hot,Inter-branch transfer,Routine fuel purchase.
FT-202607-00321,LankaTech Solutions (Pvt) Ltd,09-07-2026,09:53:50,Kandy Branch,Vehicle,WP CAZ 9034,Suzuki Wagon R,petrol ,41.75,Litres,330.2,13785.85,Company Fuel Depot,RCP-471581,Cash,Nimal Perera,64399.0,,Wet Roads,Increased deliveries,Additional fuel required due to increased activity.
FT-202607-01447,LankaTech Solutions (Pvt) Ltd,04-Jul-2026,15:50:11,Colombo Head Office,Vehicle,WP RAB 3842,Isuzu Elf,DiesEl,52.26,Litres,312.76,16344.84,Company Fuel Depot,RCP-508590,Company Fuel Card,Dinesh Kumara,33004.0,,Wet Roads,Emergency operations,FUEL ISSUED FOR EMERGENCY OPERATIONS.
FT-202607-01305,LankaTech Solutions (Pvt) Ltd,23/07/2026,17:28:49,colomboHeadOffice,Vehicle,WP CBA 1198,Toyota Corolla,petrol,45.88,l,300.36,13780.52,Company Fuel Depot,missing,cash,Nimal Perera,114619.0,,Normal,Client site visits,Generator fuel top-up during client site visits.
FT-202607-00385,LankaTech Solutions (Pvt) Ltd,2026-07-14,09:21:50,Kurunegala Warehouse,Vehicle,WP CAA 7812,Toyota Prius,petrol,41.45,L ,328.3,13608.04,Lanka IOC,RCP-228088,fuel_account,Chamath Jayasinghe,52423.0,,Wet Roads,Routine operations,generator fuel top-up during routine operations.
FT-202607-00559,LankaTech Solutions (Pvt) Ltd,28-07-2026,13:45:13,Kandy Branch,Vehicle,SP CAB 7788,Toyota Hilux,DIESEL,22.09,liters,328.4,7254.36,Company Fuel Depot,RCP-427255,Company Fuel Card,Chamath Jayasinghe,163944.0,,Normal,,Month-end fuel requirement.
FT-202607-00420,LankaTech Solutions (Pvt) Ltd,21-Jul-2026,09:17:44,Colombo Head Office,GENERATOR,GEN-CMB-01,Diesel Generator,diesel,79.22,Litres,317.21,25129.38,Lanka IOC,RCP-334508,Corporate Credit,Amal Fernando,,15.6,Very Hot,Inter-branch transfer,Regular diesel refill for Diesel Generator.
FT-202607-00159,LankaTech Solutions (Pvt) Ltd,10-Jul-2026,12:12:01,Colombo Head Office,Vehicle,WP CBA 1198,Toyota Corolla,petrol,22.54,liters,339.71,7657.06,Company Fuel Depot,RCP-537871,CORPORATE CREDIT,Dinesh Kumara,41937.0,,Rain,Maintenance work, Extra trip completed from Colombo Head Office. 
FT-202607-01453,LankaTech Solutions (Pvt) Ltd,05-Jul-2026,10:09:47,Galle Branch,Vehicle,CP BDT 5521,Toyota TownAce,DIESEL,74.85,Ltrs,324.61,24297.06,,RCP-766616,Company Fuel Card,Tharindu Silva,157565.0,,Rain,Emergency operations,Fuel issued for emergency operations.
FT-202607-01078,LankaTech Solutions (Pvt) Ltd,13 Jul 2026,10:11:21,Colombo Head Office,Vehicle,WP CAZ 9034,Suzuki Wagon R,PETROL,36.36,Litres,307.34,11174.88,Local Fuel Station,RCP-753535,Company Fuel Card,Ruwan Bandara,61626.0,,Very Hot,Increased deliveries,Fuel issued for increased deliveries.
FT-202607-00370,LankaTech Solutions (Pvt) Ltd,29-Jul-2026,14:46:41,Kandy Branch,Vehicle,CP BDT 5521,Toyota TownAce,DIESEL,88.41,l,322.51,28513.11,Ceypetco,RCP-569928,Fuel Account,Chamath Jayasinghe,171327.0,,Heavy Rain,MONTH-END DELIVERIES,Fuel purchased for operational requirement.
FT-202607-00034,LankaTech Solutions (Pvt) Ltd,2026-07-09,08:18:39,Colombo HO,Vehicle,CP BDT 5521,Toyota TownAce,DiesEl,73.07,L,297.81,21760.98,Lanka IOC,RCP-794724,cash,Tharindu Silva,185994.0,,Rain,Routine operations, Routine fuel purchase. 
FT-202607-01377,LankaTech Solutions (Pvt) Ltd,2026/07/24,11:05:49,Colombo Head Office,Vehicle,WP CBA 1198,Toyota Corolla,petrol ,64.91,Litres,299.66,19450.93,Company Fuel Depot,RCP-374915,Corporate Credit,Tharindu Silva,56266.0,,Heavy Rain,,Fuel issued for inter-branch transfer.
FT-202607-00394,lankatech solutions (pvt) ltd,17-07-2026,17:36:52,Colombo Head Office,Vehicle,WP QK 6723,Honda Fit,PetRol,41.97,liters,301.83,12667.81,Ceypetco,RCP-872480,fuel_account,Kasun Fernando,31879.0,,Flooding,Inter-branch transfer, Refuelling completed at approved station. 
FT-202607-00658,LankaTech Solutions (Pvt) Ltd,06/07/2026,15:11:03,Kandy Branch,Vehicle,WP CAZ 9034,Suzuki Wagon R, Petrol,39.4,L ,344.47,13572.12,Company Fuel Depot,RCP-528553,cash,Lahiru Senanayake,86747.0,,Heavy Rain,Client site visits, Month-end fuel requirement. 
FT-202607-01354,LankaTech Solutions (Pvt) Ltd,21-Jul-2026,16:30:50,Colombo Head Office,Generator,GEN-CMB-01,Diesel Generator,diesel,77.05,Litres,312.76,24098.16,Ceypetco,RCP-886122,FUEL CARD,Dinesh Kumara,,9.9,Heavy Rain,Increased deliveries,Routine fuel purchase.
FT-202607-01240,LankaTech Solutions (Pvt) Ltd,06-07-2026,17:27:22,Kurunegala Warehouse,Vehicle,WP CAZ 9034,Suzuki Wagon R,PetRol,55.07, l,295.42,16268.78,Lanka IOC,RCP-579600,cash,Pradeep Kumar,29425.0,,Flooding,Inter-branch transfer,emergency fuel top-up.
FT-202607-00635,LankaTech Solutions (Pvt) Ltd,2026/07/11,17:44:35,Kandy Branch,Vehicle,CP BDT 5521,Toyota TownAce,DiesEl,61.34,l,312.63,19176.72,Local Fuel Station,RCP-703981,Fuel Account,Nimal Perera,33628.0,,Flooding,Increased deliveries,Vehicle refuelled before scheduled client visit.
FT-202607-01374,LankaTech Solutions (Pvt) Ltd,21-07-2026,17:59:29,Kandy Branch ,Vehicle,SP CAB 7788,Toyota Hilux,diesel ,45.52,L,304.92,13879.96,Lanka IOC,RCP-386275,Corporate Credit,Dinesh Kumara,67139.0,,Normal,Emergency operations,Fuel issued as per request.
FT-202607-00920,LankaTech Solutions (Pvt) Ltd,17-Jul-2026,19:49:17,Colombo Head Office,Vehicle,WP RAB 3842,Isuzu Elf,diesel ,95.74,L,299.75,28698.06,Ceypetco,RCP-707055,corporate credit,Ruwan Bandara,47543.0,,Flooding,Month-end deliveries,CONSUMPTION SLIGHTLY HIGHER DUE TO FLOODING.
FT-202607-01430,LankaTech Solutions (Pvt) Ltd,26 Jul 2026,15:43:29,Galle Branch,Generator,GEN-GAL-01,Diesel Generator,DIESEL,21.83,L ,319.67,6978.4, Company Fuel Depot,RCP-544971,Company Fuel Card,Sahan Wijesinghe,,3.5,Heavy Rain,Increased deliveries,Regular diesel refill for Diesel Generator.
FT-202607-00266,LankaTech Solutions (Pvt) Ltd,2026/07/19,20:19:27,Kurunegala WH,Vehicle,SP CAB 7788,Toyota Hilux,DiesEl,64.84,Litres,315.75,20473.23,Local Fuel Station,RCP-470197,Corporate Credit,Dinesh Kumara,130995.0,,Rain,Month-end deliveries,Extra trip completed from Kurunegala Warehouse.
FT-202607-00729,LankaTech Solutions (Pvt) Ltd,2026/07/21,14:56:39,Galle Branch,Vehicle,WP RAB 3842,Isuzu Elf,Diesel,91.59, ltr,312.81,28650.27,Lanka IOC,RCP-885614,FUEL CARD,Chamath Jayasinghe,34381.0,,Rain,Inter-branch transfer,Generator fuel top-up during inter-branch transfer.
FT-202607-00634,LankaTech Solutions (Pvt) Ltd,22-Jul-2026,07:04:43,Kurunegala Warehouse,Vehicle,WP RAB 3842,Isuzu Elf, Diesel,93.63,Litres,289.96,27148.95,Lanka IOC,RCP-627699,company fuel card,Chamath Jayasinghe,51350.0,,Rain,Emergency operations,Additional trip resulted in higher consumption.
FT-202607-00186,LankaTech Solutions (Pvt) Ltd,2026/07/09,20:24:22,Colombo Head Office,Vehicle,CP CAE 9911,Mitsubishi Canter,DiesEl,55.07,L,300.35,16540.27,Local Fuel Station,RCP-290295,Company Fuel Card,Nimal Perera ,119589.0,,Normal,Maintenance work,generator fuel top-up during maintenance work.
FT-202607-01394,LankaTech Solutions (Pvt) Ltd,08 Jul 2026,18:48:01,Kurunegala Warehouse,Vehicle,WP CAB 4521,Toyota Hiace,diesel ,96.44,L,313.89,30271.55,Lanka IOC,RCP-666987,company fuel card,Chamath Jayasinghe,70438.0,,Wet Roads,Warehouse operations,Refuelling completed at approved station. 
FT-202607-00225,Lankatech Solutions (Pvt) Ltd,2026-07-10,07:58:13,Kandy Branch,Generator,GEN-KDY-01,Diesel Generator,Diesel,28.5,litres,305.18,8697.63,Lanka IOC,RCP-915980,Cash,Chamath Jayasinghe,,6.0,Normal,Month-end deliveries,REFUELLING COMPLETED AT APPROVED STATION.
FT-202607-00541,LankaTech Solutions (Pvt) Ltd,2026-07-25,19:08:11,Kurunegala Warehouse,Generator,GEN-KUR-01,Diesel Generator,DiesEl,77.06,LTR,323.92,24961.28,Company Fuel Depot,RCP-537444,Company Fuel Card,Kasun Fernando,,13.2,Rain,Warehouse operations,additional fuel required due to increased activity.
FT-202607-00329,LankaTech Solutions (Pvt) Ltd,28-Jul-2026,16:33:34,Galle Branch,Vehicle,WP CAZ 9034,Suzuki Wagon R,PETROL,54.17,Litres,328.19,17778.05,Company Fuel Depot,RCP-419850,Company Fuel Card,Lahiru Senanayake,174456.0,,Normal,Warehouse operations,Additional trip resulted in higher consumption.
FT-202607-00741,LankaTech Solutions (Pvt) Ltd,12-07-2026,06:04:19,Colombo Head Office,Vehicle,WP CAA 7812,Toyota Prius,PetRol,27.35,Litres,310.52,8492.72,Lanka IOC,RCP-780620,Cash,Pradeep Kumar,78469.0,,Rain,,Emergency fuel top-up.
FT-202607-00162,LankaTech Solutions (Pvt) Ltd,03-Jul-2026,16:32:11,Kandy Branch,Vehicle,WP QK 6723,Honda Fit, Petrol,36.71,ltr,334.16,12267.01,Lanka IOC,RCP-474231,corporate credit,Amal Fernando,116355.0,,Flooding,Month-end deliveries,Vehicle refuelled before scheduled client visit. 
FT-202607-00220,LankaTech Solutions (Pvt) Ltd,2026-07-02,12:14:12,Kandy Branch,Generator,GEN-KDY-01,Diesel Generator,diesel,98.28,L ,316.63,31118.4,Ceypetco,RCP-415034,Company Fuel Card,Lahiru Senanayake,,11.6,Heavy Rain,Routine operations,Regular diesel refill for Diesel Generator.
FT-202607-01215,LankaTech Solutions (Pvt) Ltd,2026-07-24,20:54:07,Galle Branch,Vehicle,WP CAZ 9034,Suzuki Wagon R,PETROL,9.11,Litres,298.16,2716.24,Ceypetco,RCP-451954,company fuel card,Pradeep Kumar,114852.0,,Rain,Client site visits,Regular petrol refill for Suzuki Wagon R.
FT-202607-00087,LankaTech Solutions (Pvt) Ltd,2026/07/18,09:40:06,Colombo Head Office,Vehicle,WP CAB 4521,Toyota Hiace,diesel ,30.9,LTR,299.41,9251.77, Lanka IOC,RCP-829679,Cash,Ruwan Bandara,75922.0,,Rain,Maintenance work,Fuel receipt entered manually by admin.
FT-202607-00672,LankaTech Solutions (Pvt) Ltd,2026/07/28,18:59:09,Galle Branch,Vehicle,CP CAE 9911,Mitsubishi Canter, Diesel,58.42,Litres,295.44,17259.6,Lanka IOC,RCP-959223,Cash,Nimal Perera,111317.0,,Heavy Rain,Month-end deliveries,generator fuel top-up during month-end deliveries.
FT-202607-00259,LankaTech Solutions (Pvt) Ltd,06/07/2026,19:12:21,GALLE BRANCH,Vehicle,WP QK 6723,Honda Fit,petrol ,50.28,Ltrs,310.5,15611.94,Lanka IOC,RCP-392104,Fuel Account,Lahiru Senanayake,142647.0,,Flooding,Inter-branch transfer,Regular petrol refill for Honda Fit.
FT-202607-01009,LankaTech Solutions (Pvt) Ltd,2026/07/04,13:44:48,Colombo Head Office,Generator,GEN-CMB-02,Diesel Generator, Diesel,58.27,LTR,327.48,19082.26,Lanka IOC,RCP-996326,corporate credit,Nimal Perera,,6.5,Flooding,Maintenance work, Fuel issued as per request. 
FT-202607-00161,LankaTech Solutions (Pvt) Ltd,2026-07-14,12:27:06,Colombo Head Office,Vehicle,CP BDT 5521,Toyota TownAce,DIESEL,62.57,liters,310.42,19422.98,Company Fuel Depot,RCP-330658,corporate credit,Nimal Perera,124330.0,,Wet Roads,Warehouse operations,ADDITIONAL FUEL REQUIRED DUE TO INCREASED ACTIVITY.
FT-202607-00351,LankaTech Solutions (Pvt) Ltd,23-07-2026,13:47:39,Kandy Branch,Vehicle,CP BDT 5521,Toyota TownAce,DiesEl,46.92,l,324.34,15218.03,company fuel depot,RCP-276060,FUEL CARD,,40337.0,,Rain,Warehouse operations,Extra trip completed from Kandy Branch.
FT-202607-00995,LankaTech Solutions (Pvt) Ltd,12-Jul-2026,19:31:34,Galle Branch,Vehicle,CP CAE 9911,Mitsubishi Canter,Diesel,60.58,L ,330.0,19991.4,Local Fuel Station,RCP-328911,corporate credit,Tharindu Silva,25899.0,,Wet Roads,Warehouse operations,Extra trip completed from Galle Branch.
FT-202607-00667,LankaTech Solutions (Pvt) Ltd,20-Jul-2026,09:38:16,Kurunegala Warehouse,Vehicle,WP QK 6723,Honda Fit,PETROL,26.73,L ,315.49,8433.05,localFuelStation,RCP-346849,Corporate Credit,Pradeep Kumar,85902.0,,Wet Roads,Emergency operations,Month-end fuel requirement.
FT-202607-00107,LankaTech Solutions (Pvt) Ltd,30/07/2026,19:31:10,Galle Branch,vehicle,WP CAA 7812,Toyota Prius,petrol,26.12,LTR,338.18,8833.26,Local Fuel Station,RCP-864433,Cash,Amal Fernando,140620.0,,Very Hot,Routine operations,Fuel issued as per request.
FT-202607-00442,LankaTech Solutions (Pvt) Ltd,2026/07/27,07:46:14,galleBranch,Generator,GEN-GAL-01,Diesel Generator,DiesEl,80.57,LTR,309.28,24918.69,Local Fuel Station,RCP-706229,Corporate Credit,Amal Fernando,,16.8,Rain,Month-end deliveries,Fuel issued for month-end deliveries.
FT-202607-00977,LankaTech Solutions (Pvt) Ltd,2026-07-18,20:07:01,Colombo Head Office,Generator,GEN-CMB-02,Diesel Generator,diesel,101.98,l,287.57,29326.39,Company Fuel Depot,RCP-515052,corporate credit,Lahiru Senanayake,,13.0,Heavy Rain,Month-end deliveries, Additional fuel required due to increased activity. 
FT-202607-00064,LankaTech Solutions (Pvt) Ltd,29-07-2026,15:50:51,Galle  Branch,Vehicle,WP CAB 4521,Toyota Hiace,diesel ,62.2,Litres,311.53,19377.17,Lanka IOC,RCP-826285,corporate credit,Nimal Perera,18576.0,,Heavy Rain,Emergency operations,Month-end fuel requirement.
FT-202607-00245,LankaTech Solutions (Pvt) Ltd,31/07/2026,15:21:18,GALLE BRANCH,Vehicle,CP CAE 9911,Mitsubishi Canter,diesel ,40.5,Litres,319.72,12948.66,Lanka IOC,RCP-552519,Fuel Account,Pradeep Kumar,82194.0,,Rain,Inter-branch transfer,Routine fuel purchase.
FT-202607-00076,LankaTech Solutions (Pvt) Ltd,31-Jul-2026,14:12:29,Colombo Head Office,Vehicle,WP QK 6723,Honda Fit,petrol ,36.31,liters,315.14,11442.73,Local Fuel Station,RCP-248576,company fuel card,Dinesh Kumara,134399.0,,Very Hot,Inter-branch transfer,Generator fuel top-up during inter-branch transfer.
FT-202607-00227,LankaTech Solutions (Pvt) Ltd,27-Jul-2026,19:16:39,Colombo Head Office,Generator,GEN-CMB-01,Diesel Generator, Diesel,95.35,L,306.45,29220.01,CEYPETCO,RCP-987893,FUEL CARD,Chamath Jayasinghe,,17.2,Normal,Routine operations,FUEL ISSUED AS PER REQUEST.
FT-202607-00212,LankaTech Solutions (Pvt) Ltd,06 Jul 2026,06:53:18,Colombo Head Office,Vehicle,WP CBA 1198 ,Toyota Corolla,petrol ,21.8,Ltrs,343.56,7489.61,Company Fuel Depot,RCP-690730,cash,Nimal Perera,55996.0,,Very Hot,Maintenance work,Emergency fuel top-up.
FT-202607-01075,LankaTech Solutions (Pvt) Ltd,2026/07/14,12:48:18,KANDY BRANCH,Generator,GEN-KDY-01,Diesel Generator, Diesel,38.14,LTR,295.38,11265.79,Local Fuel Station,RCP-855674,corporate credit,Kasun Fernando,,7.7,Wet Roads,Routine operations,Consumption slightly higher due to wet roads.
FT-202607-00807,LankaTech Solutions (Pvt) Ltd,21-Jul-2026,08:37:03,Kurunegala Warehouse,Vehicle,WP RAB 3842,Isuzu Elf, Diesel,64.08,LTR,324.71,20807.42,Lanka IOC,RCP-797164,Cash,Tharindu Silva,79560.0,,Wet Roads,Client site visits,Fuel purchased for operational requirement.
FT-202607-01160,LankaTech Solutions (Pvt) Ltd,26/07/2026,12:59:01,Kandy Branch,Vehicle,CP BDT 5521,Toyota TownAce,DIESEL,53.13,L,317.14,16849.65,Ceypetco,RCP-233947,Corporate Credit,Tharindu Silva,135013.0,,Heavy Rain,Warehouse operations, Extra trip completed from Kandy Branch. 
FT-202607-00597,LankaTech Solutions (Pvt) Ltd,2026-07-23,18:14:43,Kandy Branch,Vehicle,WP KX 2345,Isuzu D-Max,diesel,57.23,Litres,327.27,18729.66,Lanka IOC,RCP-672649,fuel_account,Amal Fernando,85824.0,,Very Hot,,Extra trip completed from Kandy Branch.
FT-202607-01479,LankaTech Solutions (Pvt) Ltd,2026/07/30,19:58:11,Colombo Head Office,Vehicle,CP CAE 9911,Mitsubishi Canter,diesel ,43.22,l,327.63,14160.17,Ceypetco,RCP-740738,FUEL CARD,Lahiru Senanayake,,,Rain,Inter-branch transfer,Additional trip resulted in higher consumption.
FT-202607-00782,LankaTech Solutions (Pvt) Ltd,21/07/2026,19:48:48,Colombo Head Office,Vehicle,WP CAZ 9034,Suzuki Wagon R,PetRol,34.64,LTR,313.23,10850.29,Lanka IOC,RCP-525904,FUEL CARD,Dinesh Kumara,152620.0,,Heavy Rain,Client site visits,Vehicle refuelled before scheduled client visit.
FT-202607-01259,LankaTech Solutions (Pvt) Ltd,11 Jul 2026,14:02:08,Kandy Branch,Vehicle,WP RAB 3842,Isuzu Elf,DIESEL,68.83,Ltrs,329.71,22693.94,Lanka IOC,RCP-634650,FUEL CARD,Ruwan Bandara,129237.0,,Flooding,Routine operations,Refuelling completed at approved station.
FT-202607-01415,LankaTech Solutions (Pvt) Ltd,28-07-2026,06:36:27,kurunegalaWarehouse,Vehicle,WP CAB 4521,Toyota Hiace, Diesel,59.81,L ,289.26,17300.64,Lanka IOC,RCP-949747,Fuel Account,Amal Fernando,177481.0,,Normal,Month-end deliveries,Month-end fuel requirement.
FT-202607-01204,LankaTech Solutions (Pvt) Ltd,16/07/2026,15:26:23,Colombo Head Office,Vehicle,WP KX 2345,Isuzu D-Max,diesel,21.28,L,307.03,6533.6,Lanka IOC,RCP-744603,cash,Dinesh Kumara,101001.0,,Wet Roads,Client site visits,Refuelling completed at approved station.
FT-202607-00532,LankaTech Solutions (Pvt) Ltd,10-Jul-2026,14:41:55,Colombo HO,Vehicle,WP CAB 4521,Toyota Hiace, Diesel,50.94,Ltrs,296.99,15128.67,Lanka IOC,RCP-223477,Company Fuel Card,Kasun Fernando,42123.0,,Very Hot,Maintenance work,Regular diesel refill for Toyota Hiace.
FT-202607-01254,LankaTech Solutions (Pvt) Ltd,31/07/2026,18:12:11,Kurunegala Warehouse,Vehicle,WP RAB 3842,Isuzu Elf,diesel ,57.23,Litres,319.67,18294.71,Local Fuel Station,RCP-950931,fuel_account,Tharindu Silva,132578.0,,Wet Roads,Routine operations, Refuelling completed at approved station. 
FT-202607-00480,LankaTech Solutions (Pvt) Ltd,15-07-2026,13:32:51,Kandy Branch,Vehicle,SP CAB 7788,Toyota Hilux,diesel,40.43,L,313.48,12674.0,Lanka IOC,RCP-391441,company fuel card,Amal Fernando,44640.0,,Wet Roads,Maintenance work,Vehicle refuelled before scheduled client visit.
FT-202607-01432,LankaTech Solutions (Pvt) Ltd,2026-07-07,12:55:55,Galle Branch,Generator,GEN-GAL-01,Diesel Generator,DIESEL,38.66,l,331.8,12827.39,Lanka IOC,RCP-364023,Cash,Amal Fernando,,,Wet Roads,Inter-branch transfer,Refuelling completed at approved station.
FT-202607-01471,LankaTech Solutions (Pvt) Ltd,31-Jul-2026,16:39:34,Kandy Branch,Vehicle,SP CAB 7788,Toyota Hilux,Diesel,66.92,Ltrs,316.24,21162.78,Ceypetco,RCP-634899,cash,Tharindu Silva,165198.0,,Heavy Rain,Increased deliveries,additional trip resulted in higher consumption.
FT-202607-00228,LankaTech Solutions (Pvt) Ltd,29 Jul 2026,17:28:35,Kandy Branch,Vehicle,CP BDT 5521,Toyota TownAce,Diesel,45.18,ltr,320.6,14484.71,Lanka IOC,RCP-934511,fuel_account,Pradeep Kumar,92106.0,,Wet Roads,Warehouse operations,Regular diesel refill for Toyota TownAce.
FT-202607-00704,LankaTech Solutions (Pvt) Ltd,29-Jul-2026,11:40:13,Colombo Head Office,vehicle,WP CAB 4521,Toyota Hiace,DiesEl,35.15,liters,306.53,10774.53,Local Fuel Station,RCP-489234,company fuel card,Kasun Fernando,45627.0,,Very Hot,Routine operations,Vehicle refuelled before scheduled client visit.
FT-202607-00474,LankaTech Solutions (Pvt) Ltd,15 Jul 2026,17:00:15,Kurunegala Warehouse,Vehicle,CP BDT 5521,Toyota TownAce,DIESEL,40.12,ltr,309.02,12397.88,Local Fuel Station,RCP-410527,Company Fuel Card,Pradeep Kumar,121446.0,,Flooding,Client site visits,Fuel purchased for operational requirement.
FT-202607-01041,LankaTech Solutions (Pvt) Ltd,2026-07-24,20:53:42,Kandy Branch,Vehicle,WP CAA 7812,Toyota Prius,petrol ,26.94,ltr,319.82,8615.95,Lanka IOC,RCP-291415,Cash,Lahiru Senanayake,165101.0,,Very Hot,client site visits,Refuelling completed at approved station.
FT-202607-00987,LankaTech Solutions (Pvt) Ltd,2026-07-12,10:56:22,Kurunegala Warehouse,Vehicle,WP RAB 3842,Isuzu Elf, Diesel,106.92,L,287.76,30767.3,Lanka IOC,RCP-822456,Company Fuel Card,Dinesh Kumara,143323.0,,Rain,Month-end deliveries,Regular diesel refill for Isuzu Elf.
FT-202607-00643,LankaTech Solutions (Pvt) Ltd,2026/07/06,20:05:06,Colombo Head Office,Vehicle,WP CBA 1198,Toyota Corolla,petrol ,41.46,Litres,322.25,13360.49,Local Fuel Station,RCP-215387,Fuel Account,Tharindu Silva,31379.0,,Rain,Increased deliveries,Fuel purchased for operational requirement.
FT-202607-00483,LankaTech Solutions (Pvt) Ltd,15/07/2026,18:26:58,Colombo Head Office,Vehicle,WP KX 2345,Isuzu D-Max,Diesel,66.8,ltr,314.01,20975.87,Lanka IOC,RCP-671502,Company Fuel Card,Pradeep Kumar,125429.0,,Wet Roads,Month-end deliveries, FUEL ISSUED FOR MONTH-END DELIVERIES. 
FT-202607-01069,LankaTech Solutions (Pvt) Ltd,03/07/2026,09:39:11,Kandy Branch,Generator,GEN-KDY-01,Diesel Generator,DIESEL,28.14,l,320.71,9024.78,Company Fuel Depot,RCP-227731,Cash,Pradeep Kumar,,4.7,Rain,Warehouse operations,additional fuel required due to increased activity.
FT-202607-00295,LankaTech Solutions (Pvt) Ltd,22 Jul 2026,06:25:38,Galle Branch,Vehicle,CP BDT 5521,Toyota TownAce,Diesel,49.95,LTR,333.91,16678.8,Company Fuel Depot,RCP-138688,Fuel Account,Lahiru Senanayake,30178.0,,Wet Roads,Maintenance Work,Additional trip resulted in higher consumption.
FT-202607-00830,LankaTech Solutions (Pvt) Ltd,2026-07-06,15:32:37,Colombo Head Office,Vehicle,WP RAB 3842,Isuzu Elf,DIESEL,53.37,liters,288.48,15396.18,,RCP-661188,Company Fuel Card,Amal Fernando,177422.0,,Wet Roads,Routine operations,additional trip resulted in higher consumption.
FT-202607-00416,LankaTech Solutions (Pvt) Ltd,18/07/2026,14:27:45,Colombo Head Office,Vehicle,CP BDT 5521,Toyota TownAce,diesel,44.11,Litres,297.34,13115.67,Ceypetco,RCP-719111,Cash,Ruwan Bandara,105479.0,,Flooding,Inter-branch transfer,generator fuel top-up during inter-branch transfer.
FT-202607-00089,LankaTech Solutions (Pvt) Ltd,29.07.2026,18:58:26,Kandy Branch,Vehicle,SP CAB 7788,Toyota Hilux,diesel,63.49,L,318.53,20223.47,Lanka IOC,RCP-463702,cash,Dinesh Kumara,163343.0,,Normal,Maintenance work,Routine fuel purchase.
FT-202607-00132,LankaTech Solutions (Pvt) Ltd,15-07-2026,14:27:43,Colombo Head Office,Vehicle,WP CBA 1198,Toyota Corolla,petrol ,24.44,L ,309.62,7567.11,Ceypetco,RCP-337595,Corporate Credit,Sahan Wijesinghe,125813.0,,Very Hot,Maintenance work,Refuelling completed at approved station.
FT-202607-00464,LankaTech Solutions (Pvt) Ltd,21/07/2026,14:02:50,Colombo Head Office,Generator,GEN-CMB-01,Diesel Generator,diesel ,25.31,l,324.87,8222.46,,RCP-517545,fuel_account,Nimal Perera,,3.5,Flooding,Routine operations,Fuel receipt entered manually by admin.
FT-202607-00726,LankaTech Solutions (Pvt) Ltd,20 Jul 2026,19:33:26,Colombo Head Office,Vehicle,WP CAZ 9034,Suzuki Wagon R,Petrol,37.15,L ,297.91,11067.36,Ceypetco,RCP-606024,Fuel Account,Ruwan Bandara,43565.0,,Heavy Rain,Inter-branch transfer,Emergency fuel top-up.
FT-202607-00187,LankaTech Solutions (Pvt) Ltd,27-Jul-2026,16:21:06,Kurunegala Warehouse,Vehicle,SP CAB 7788,Toyota Hilux,DIESEL,19.5,L ,303.24,5913.18,Company Fuel Depot,RCP-720968,Fuel Account,Lahiru Senanayake,144929.0,,Rain,Warehouse operations,Refuelling completed at approved station.
FT-202607-00627,LankaTech Solutions (Pvt) Ltd,12-Jul-2026,14:46:17,Colombo Head Office,Vehicle,WP CBA 1198 ,Toyota Corolla, Petrol,39.45,LTR,333.43,13153.81,Lanka IOC,RCP-540123,cash,Dinesh Kumara,113833.0,,Flooding,Client site visits,
FT-202607-00128,LankaTech Solutions (Pvt) Ltd,2026-07-30,15:46:43,Kandy Branch,Vehicle,WP QK 6723,Honda Fit, Petrol,40.83,Ltrs,299.24,12217.97,Lanka IOC,RCP-636760,Company Fuel Card,Ruwan Bandara,106220.0,,Heavy Rain,,Fuel purchased for operational requirement.
FT-202607-01474,LankaTech Solutions (Pvt) Ltd,2026/07/10,16:53:19,Colombo Head Office,Generator,GEN-CMB-02,Diesel Generator,Diesel,34.18,litres,286.42,9789.84,Local Fuel Station,RCP-447057,Company Fuel Card,Pradeep Kumar,,7.0,Wet Roads,Routine operations,Consumption slightly higher due to wet roads.
FT-202607-00898,LankaTech Solutions (Pvt) Ltd,30-07-2026,15:24:18,Colombo Head Office,VEHICLE,CP CAE 9911,Mitsubishi Canter,diesel ,71.08,Litres,316.68,22509.61,Lanka IOC,RCP-222897,Fuel Account,Kasun Fernando,130583.0,,Heavy Rain,Increased deliveries,Consumption slightly higher due to heavy rain.
FT-202607-00027,LankaTech Solutions (Pvt) Ltd,25-Jul-2026,07:45:16,Galle Branch,Vehicle,WP KX 2345,Isuzu D-Max,DIESEL,47.31,LTR,311.04,14715.3, Ceypetco,RCP-107527,FUEL CARD,Amal Fernando,138024.0,,Heavy Rain,Client site visits,Consumption slightly higher due to heavy rain.
FT-202607-01257,LankaTech Solutions (Pvt) Ltd,26-Jul-2026,14:28:52,COLOMBO HEAD OFFICE,Generator,GEN-CMB-01,Diesel Generator, Diesel,81.92,liters,286.27,23451.24,Local Fuel Station,RCP-199602,company fuel card,Sahan Wijesinghe,,14.8,Wet Roads,Inter-branch transfer, Fuel receipt entered manually by admin. 
FT-202607-00646,LankaTech Solutions (Pvt) Ltd,05-Jul-2026,20:58:43,Colombo Head Office,Vehicle,WP QK 6723,Honda Fit,PETROL,40.56,L ,326.84,13256.63,Ceypetco,RCP-795341,Company Fuel Card,Ruwan Bandara,32574.0,,Very Hot,Emergency operations,Consumption slightly higher due to very hot.
FT-202607-00823,LankaTech Solutions (Pvt) Ltd,2026/07/21,06:33:16,Kurunegala Warehouse,Vehicle,WP KX 2345,Isuzu D-Max,DIESEL,86.97,Litres,291.41,25343.93,Lanka IOC,RCP-840952,Corporate Credit,Dinesh Kumara,90617.0,,Very Hot,Client site visits, fuel receipt entered manually by admin. 
FT-202607-00504,LankaTech Solutions (Pvt) Ltd,13-Jul-2026,17:44:30,Colombo Head Office,Vehicle,WP CBA 1198,Toyota Corolla,PetRol,42.73,Ltrs,298.73,12764.73,Local Fuel Station,,Corporate Credit,Pradeep Kumar,91145.0,,Heavy Rain,Inter-Branch Transfer,
FT-202607-00785,LankaTech Solutions (Pvt) Ltd,30-Jul-2026,19:04:46,colomboHeadOffice,Vehicle,CP CAE 9911,Mitsubishi Canter,Diesel,81.65,Litres,294.02,24006.73,Ceypetco,RCP-749683,,Kasun Fernando,164421.0,,Wet Roads,Month-end deliveries,additional fuel required due to increased activity.
FT-202607-01269,LankaTech Solutions (Pvt) Ltd,04/07/2026,15:45:35,Kandy Branch,Vehicle,WP QK 6723,Honda Fit,PetRol,60.34,ltr,328.83,19841.6,Local Fuel Station,RCP-512685,Cash,Lahiru Senanayake,160945.0,,Flooding,Inter-branch transfer,Consumption slightly higher due to flooding.
FT-202607-01223,LankaTech Solutions (Pvt) Ltd,06-Jul-2026,19:54:53,Kandy,generator,GEN-KDY-01,Diesel Generator,DiesEl,94.16,Litres,327.1,30799.74,Company Fuel Depot,RCP-401324,cash,Amal Fernando,,11.4,Flooding,Emergency operations,Month-end fuel requirement.
FT-202607-01091,LankaTech Solutions (Pvt) Ltd,2026-07-08,15:32:36,Colombo Head Office,Vehicle,WP RAB 3842,Isuzu Elf,DIESEL,46.55,liters,319.29,14862.95,localFuelStation,RCP-842588,FUEL CARD,Lahiru Senanayake,99235.0,,Flooding,Client site visits,Month-end fuel requirement.
FT-202607-00865,LankaTech Solutions (Pvt) Ltd,2026/07/19,13:58:00,Colombo Head Office,Vehicle,WP KX 2345,Isuzu D-Max,diesel,57.18,liters,313.49,17925.36, Local Fuel Station,RCP-769164,Cash,Dinesh Kumara,61515.0,,Heavy Rain,Emergency operations,
FT-202607-00021,LankaTech Solutions (Pvt) Ltd,08-Jul-2026,06:42:19,Kurunegala Warehouse ,Vehicle,WP CAA 7812,Toyota Prius, Petrol,33.56,litres,329.16,11046.61,,RCP-416241,corporate credit,Lahiru Senanayake,90550.0,,Flooding,Client site visits,Extra trip completed from Kurunegala Warehouse.
FT-202607-00624,LankaTech Solutions (Pvt) Ltd,11 Jul 2026,07:51:55,Kurunegala Warehouse,Vehicle,WP KX 2345,Isuzu D-Max,diesel,31.78,L,324.62,10316.42,Company Fuel Depot,RCP-426574,Company Fuel Card,Nimal Perera,98519.0,,Heavy Rain,Inter-branch transfer,Consumption slightly higher due to heavy rain.
FT-202607-01404,LankaTech Solutions (Pvt) Ltd,2026/07/09,07:57:41,Kurunegala Warehouse,Generator,GEN-KUR-01,Diesel Generator,diesel,35.24,l,288.36,10161.81,Local Fuel Station,RCP-181081,company fuel card,Pradeep Kumar,,3.7,Heavy Rain,Maintenance work,Month-end fuel requirement.
FT-202607-01148,LankaTech Solutions (Pvt) Ltd,28-07-2026,15:02:41,Colombo Head Office,Vehicle,SP CAB 7788,Toyota Hilux,Diesel,71.44,litres,290.0,20717.6,Ceypetco,RCP-974953,corporate credit,Nimal Perera,105745.0,,Normal,Client site visits,generator fuel top-up during client site visits.
FT-202607-00860,LANKATECH SOLUTIONS (PVT) LTD,01-07-2026,07:05:29,Kandy branch,Vehicle,WP KX 2345,Isuzu D-Max,DiesEl,97.81,liters,294.77,28831.45,,RCP-364699,corporate credit,Ruwan Bandara,39630.0,,Flooding,Month-end deliveries,
FT-202607-00758,LankaTech Solutions (Pvt) Ltd,09-07-2026,08:50:29,Colombo Head Office,Vehicle,WP CAB 4521,Toyota Hiace,DiesEl,59.69,L,311.94,18619.7,Ceypetco,RCP-842421,FUEL CARD,Nimal  Perera,139368.0,,Wet Roads,Client site visits,Routine fuel purchase. 
FT-202607-01439,LankaTech Solutions (Pvt) Ltd,2026/07/04,16:06:54,Kurunegala warehouse,Vehicle,WP CAA 7812,Toyota Prius,petrol ,36.64,ltr,303.63,11125.0,Company Fuel Depot ,RCP-844953,Company Fuel Card,Tharindu Silva,114319.0,,Normal,Routine operations,Refuelling completed at approved station.
FT-202607-01319,LankaTech Solutions (Pvt) Ltd,2026-07-20,16:49:09,Colombo Head Office,Vehicle,WP KX 2345,Isuzu D-Max,diesel ,55.31,Litres,304.61,16847.98,Company Fuel Depot,RCP-928533,Cash,Tharindu Silva,106330.0,,Rain,Warehouse operations, Generator fuel top-up during warehouse operations. 
FT-202607-00769,LankaTech Solutions (Pvt) Ltd,30-07-2026,07:11:54,Galle Branch,Vehicle,SP CAB 7788,Toyota Hilux,DIESEL,50.96,l,311.12,15854.68,Lanka IOC,RCP-993766,Company Fuel Card,Kasun Fernando,133537.0,,Very Hot,Increased deliveries,routine fuel purchase.
FT-202607-00753,LankaTech Solutions (Pvt) Ltd,13 Jul 2026,07:24:24,Colombo Head Office,Generator,GEN-CMB-01,Diesel Generator, Diesel,39.27,Litres,292.98,11505.32,Company Fuel Depot,RCP-896516,FUEL CARD,Chamath Jayasinghe,,4.9,Rain,Emergency operations,GENERATOR FUEL TOP-UP DURING EMERGENCY OPERATIONS.
FT-202607-01484,LankaTech Solutions (Pvt) Ltd,09/07/2026,20:44:35,Galle Branch,Vehicle,CP CAE 9911,Mitsubishi Canter,DiesEl,23.83,litres,307.26,7322.01,Ceypetco,RCP-692202,Company Fuel Card,Amal Fernando,60700.0,,Very Hot,Client Site Visits,Additional fuel required due to increased activity.
FT-202607-00154,LankaTech Solutions (Pvt) Ltd,13-07-2026,06:47:26,Galle Branch,Vehicle,WP CAZ 9034,Suzuki Wagon R, Petrol,51.94,Ltrs,328.78,17076.83,Lanka IOC,RCP-339700,Fuel Account,Lahiru Senanayake,63786.0,,Normal,Warehouse operations,routine fuel purchase.
FT-202607-00061,LankaTech Solutions (Pvt) Ltd,2026-07-10,14:35:42,Colombo Head Office,Vehicle,WP KX 2345,Isuzu D-Max,DiesEl,53.3,litres,312.6,16661.58,Lanka IOC,RCP-674883,Corporate Credit,Chamath Jayasinghe,120266.0,,Heavy Rain,Inter-branch transfer,Generator fuel top-up during inter-branch transfer.
FT-202607-00922,LankaTech Solutions (Pvt) Ltd,Jul 10 2026,14:36:14,Galle Branch,Vehicle,CP BDT 5521 ,Toyota TownAce,Diesel,46.86,Litres,307.3,14400.08,Company Fuel Depot,RCP-629890,FUEL CARD,Tharindu Silva,,,Flooding,Warehouse operations,Routine fuel purchase. Higher than normal usage reported.
FT-202607-01294,LankaTech Solutions (Pvt) Ltd,29/07/26,20:40:14,Galle branch,Vehicle,WP CBA 1198,Toyota Corolla,Petrol,16.21,LTR,312.21,5060.92,Company Fuel Depot,RCP-340322,corporate credit,Dinesh Kumara,31087.0,,Normal,Emergency operations,Month-end fuel requirement.
FT-202607-01449,LankaTech Solutions (Pvt) Ltd,29 Jul 2026,07:38:48,Galle Branch,Vehicle,SP CAB 7788,Toyota Hilux,diesel,53.8,L ,329.01,17700.74, Ceypetco,RCP-254265,corporate credit,Amal Fernando,53066.0,,Rain,Routine operations,
FT-202607-01313,LankaTech Solutions (Pvt) Ltd,2026-07-15,11:41:33,Galle Branch,Vehicle,WP RAB 3842,Isuzu Elf,Diesel,60.11,ltr,295.94,17788.95,Ceypetco,RCP-282539,Corporate Credit,Amal Fernando,174854.0,,Normal,Maintenance work,Extra trip completed from Galle Branch.
FT-202607-00586,LankaTech Solutions (Pvt) Ltd,2026-07-25,11:23:09,galleBranch,Vehicle,WP QK 6723,Honda Fit,Petrol,34.96,ltr,329.94,11534.7,Local Fuel Station,RCP-136014,cash,Tharindu Silva,73827.0,,Very Hot,Emergency operations,refuelling completed at approved station.
FT-202607-01099,LankaTech Solutions (Pvt) Ltd,24/07/2026,12:53:42,Colombo Head Office,Vehicle,WP QK 6723,Honda Fit,petrol ,49.76,L,298.73,14864.8,Local Fuel Station,RCP-956552,corporate credit,Sahan Wijesinghe,96278.0,,Wet Roads,Client site visits,Refuelling completed at approved station.
FT-202607-01244,LankaTech Solutions (Pvt) Ltd,2026-07-18,16:42:06,Kandy Branch,Generator,GEN-KDY-01,Diesel Generator,DIESEL,255.43,Ltrs,287.74,73497.43,Company Fuel Depot,RCP-855160,Fuel Account,Chamath Jayasinghe,,17.6,Flooding,Month-end deliveries,Fuel purchased for operational requirement. Higher than normal usage reported.
FT-202607-01226,LankaTech Solutions (Pvt) Ltd,21-07-2026,08:02:19,Colombo Head Office,Vehicle,CP BDT 5521,Toyota TownAce,DIESEL,47.67,L,286.16,13641.25,local fuel station,RCP-887868,FUEL CARD,Sahan Wijesinghe,38949.0,,Normal,,Routine fuel purchase.
FT-202607-00601,LANKATECH SOLUTIONS (PVT) LTD,2026/07/04,20:46:56,Kurunegala Warehouse,Vehicle,WP CBA 1198,Toyota Corolla,PetRol,20.93,l,340.09,7118.08,Company Fuel Depot,RCP-173951,corporate credit,Pradeep Kumar,47780.0,,Normal,Inter-branch transfer, extra trip completed from kurunegala warehouse. 
FT-202607-00496,LankaTech Solutions (Pvt) Ltd,08-Jul-2026,14:34:22,Colombo Head Office,Vehicle,WP QK 6723,Honda Fit,PETROL,0.0,ltr,331.47,14359.28,Local Fuel Station,RCP-590751,Company Fuel Card,Ruwan Bandara,27138.0,,Heavy Rain,Inter-branch transfer,Fuel issued for inter-branch transfer.
FT-202607-01002,LankaTech Solutions (Pvt) Ltd,27-Jul-2026,06:11:21,Kandy,Vehicle,WP CAB 4521,Toyota Hiace,diesel ,49.39,LTR,307.3,15177.55,Ceypetco,RCP-141369,fuel_account,Pradeep Kumar,30319.0,,Flooding,Client site visits,
FT-202607-00047,LankaTech Solutions (Pvt) Ltd,2026/07/20,08:46:16,Kurunegala WH,Vehicle,WP CAZ 9034,Suzuki Wagon R, Petrol,30.49,liters,327.92,9998.28,Ceypetco,RCP-147116,,Kasun Fernando,31587.0,,Very Hot,Warehouse operations,generator fuel top-up during warehouse operations.
FT-202607-00283,LankaTech Solutions (Pvt) Ltd,08-Jul-2026,19:15:53,Colombo Head Office,Vehicle,WP CAZ 9034,Suzuki Wagon R,Petrol,40.85,Ltrs,324.25,13245.61,Company Fuel Depot,RCP-387413,Cash,Nimal Perera,135923.0,,Normal,Warehouse operations, fuel purchased for operational requirement. 
FT-202607-00590,LankaTech Solutions (Pvt) Ltd,2026-07-30,20:59:02,Kandy Branch,Vehicle,WP  QK  6723,Honda Fit,PETROL,31.65,L,335.47,10617.63,Company Fuel Depot,RCP-736429,Company Fuel Card,Amal  Fernando,157979.0,,Flooding,Maintenance work,additional trip resulted in higher consumption.
FT-202607-00503,LankaTech Solutions (Pvt) Ltd,04/07/2026,06:10:17,Galle Branch,Vehicle,WP CAZ 9034,Suzuki Wagon R,PETROL,35.62,L,331.52,11808.74,Ceypetco,RCP-768485,Company Fuel Card,Pradeep Kumar,124024.0,,Normal,Emergency operations,Generator fuel top-up during emergency operations.
FT-202607-00547,LankaTech Solutions (Pvt) Ltd,2026/07/14,20:28:50,KANDY BRANCH,Vehicle,WP CAZ 9034,Suzuki Wagon R,Petrol,41.53,ltr,323.5,13434.95,Company Fuel Depot,RCP-945434,FUEL CARD,,56332.0,,Heavy Rain,Inter-branch transfer,Fuel purchased for operational requirement.
FT-202607-00735,LankaTech Solutions (Pvt) Ltd,02-07-2026,08:26:10,Kandy Branch,Vehicle,WP KX 2345,Isuzu D-Max,DiesEl,83.76,liters,290.67,24346.52,LANKA IOC,RCP-445472,Cash,Kasun Fernando,105024.0,,Very Hot,month-end deliveries,Emergency fuel top-up.
FT-202607-00438,LANKATECH SOLUTIONS (PVT) LTD,22-07-2026,16:02:32,Colombo Head Office,Vehicle,WP CBA 1198,Toyota Corolla,PetRol,37.24,liters,306.94,11430.45,Local Fuel Station,RCP-516137,FUEL CARD,Sahan Wijesinghe,63538.0,,Rain,Increased deliveries,fuel issued as per request.
FT-202607-00875,LankaTech Solutions (Pvt) Ltd,13-07-2026,13:45:20,Colombo Head Office,Generator,GEN-CMB-01,Diesel Generator,DIESEL,9.1,Litres,305.87,2783.42,Lanka IOC,RCP-955444,FUEL CARD,Amal Fernando,,2.0,Normal,Warehouse Operations,see receipt
FT-202607-00571,LankaTech Solutions (Pvt) Ltd,17 Jul 2026,18:05:00,Colombo Head Office,Vehicle,CP CAE 9911,Mitsubishi Canter, Diesel,73.31,L ,325.74,23880.0,Local Fuel Station,RCP-640053,Fuel Account,Amal Fernando,66530.0,,Flooding,Increased deliveries,Consumption slightly higher due to flooding.
FT-202607-00174,LankaTech Solutions (Pvt) Ltd,05/07/2026,09:52:32,Colombo Head Office,Generator,GEN-CMB-02,Diesel Generator,DIESEL,56.35,L ,329.83,18585.92,Local Fuel Station,RCP-347832,Corporate Credit,Kasun Fernando,,9.3,Wet Roads,Emergency operations,Additional trip resulted in higher consumption.
FT-202607-00911,LankaTech Solutions (Pvt) Ltd,08 Jul 2026,19:56:19,Galle Branch,Vehicle,WP CAB 4521,Toyota Hiace,diesel,24.99,liters,299.88,7494.0,Ceypetco,RCP-402791,cash,Chamath Jayasinghe,113026.0,,Normal,Maintenance work,Additional fuel required due to increased activity.
FT-202607-00454,LankaTech Solutions (Pvt) Ltd,01-Jul-2026,13:35:14,Kurunegala Warehouse,Vehicle,WP CAB 4521,Toyota Hiace, Diesel,59.18,LTR,331.49,19617.58,Local Fuel Station,RCP-541754,Company Fuel Card,Kasun Fernando,70173.0,,Rain,Client site visits,FUEL PURCHASED FOR OPERATIONAL REQUIREMENT.
FT-202607-01060,LankaTech Solutions (Pvt) Ltd,17 Jul 2026,19:43:15,Kandy Branch,Vehicle,WP RAB 3842,Isuzu Elf, Diesel,25.53,litres,287.35,7336.05,Ceypetco,RCP-854383,corporate credit,Nimal Perera,129119.0,,Normal,Maintenance work,additional fuel required due to increased activity.
FT-202607-00978,LankaTech Solutions (Pvt) Ltd,11 Jul 2026,15:50:41,Colombo Head Office,Vehicle, WP CBA 1198,Toyota Corolla,PETROL,9.76,l,343.59,3353.44,Local Fuel Station,RCP-491805,Cash,Nimal Perera,93740.0,,Normal,Client site visits,Extra trip completed from Colombo Head Office.
FT-202607-00801,LankaTech Solutions (Pvt) Ltd,31-07-2026,20:33:15,Kandy Branch,Vehicle,WP CAA 7812,Toyota Prius,petrol ,31.94,L,303.1,9681.01,Lanka IOC,RCP-686380,Cash,Sahan Wijesinghe,128138.0,,Very Hot,Warehouse operations,Consumption slightly higher due to very hot.
FT-202607-00100,LankaTech Solutions (Pvt) Ltd,25 Jul 2026,15:52:25,Kandy Branch,Vehicle,WP CAB 4521,Toyota Hiace,Diesel,47.04,Ltrs,308.52,14512.78,Ceypetco,RCP-424786,Fuel Account,Nimal Perera,116271.0,,Flooding,Routine operations,Emergency fuel top-up.
FT-202607-00972,LankaTech Solutions (Pvt) Ltd,2026/07/18,15:42:12,Colombo Head Office,Vehicle,SP CAB 7788,Toyota Hilux,diesel,30.28,L,287.65,8710.04,Ceypetco,RCP-275249,Company Fuel Card,Pradeep Kumar,77543.0,,Very Hot,Routine operations,emergency fuel top-up.
FT-202607-01371,LankaTech Solutions (Pvt) Ltd,2026/07/26,15:50:07,Kandy Branch,Vehicle,CP BDT 5521,Toyota TownAce,DiesEl,64.36,L,311.16,20026.26, Company Fuel Depot,RCP-107003,corporate credit,Kasun Fernando,100848.0,,Very Hot,Client site visits, Extra trip completed from Kandy Branch. 
FT-202607-00745,LankaTech Solutions (Pvt) Ltd,2026-07-04,07:56:33,Colombo Head Office,Generator,GEN-CMB-01,Diesel Generator,DIESEL,85.51,L,296.77,25376.8,Ceypetco,RCP-138647,cash,Amal Fernando,,13.0,Normal,Routine operations,regular diesel refill for diesel generator.
FT-202607-00719,LankaTech Solutions (Pvt) Ltd,26-Jul-2026,20:48:01,Galle Branch,Vehicle,WP CAB 4521,Toyota Hiace,diesel,60.01,litres,327.29,19640.67,Local Fuel Station,RCP-870378,cash,,29540.0,,Flooding,Increased deliveries,additional fuel required due to increased activity.
FT-202607-00287,LankaTech Solutions (Pvt) Ltd,20-07-2026,08:17:29,Colombo Head Office,Vehicle,WP QK 6723,Honda Fit,PETROL,37.55,Litres,296.07,11117.43,Ceypetco,RCP-544824,fuel_account,Amal Fernando,40245.0,,Very Hot,Warehouse operations,Emergency fuel top-up.
FT-202607-00029,LankaTech Solutions (Pvt) Ltd,08 Jul 2026,10:38:00,Colombo Head Office,Vehicle,SP CAB 7788,Toyota Hilux,DIESEL,43.29,l,312.67,13535.48,Company Fuel Depot,RCP-665119,Cash,Dinesh Kumara,23693.0,,Normal,Routine operations,Vehicle refuelled before scheduled client visit.
FT-202607-00733,LankaTech Solutions (Pvt) Ltd,09-07-2026,19:51:30,Kandy Branch,Vehicle,SP CAB 7788,Toyota Hilux,diesel ,93.25,L ,331.32,30895.59,Lanka IOC,RCP-809767,Company Fuel Card,Ruwan Bandara,67818.0,,Wet Roads,Routine operations,Regular diesel refill for Toyota Hilux.
FT-202607-00392,LankaTech Solutions (Pvt) Ltd,2026/07/25,09:46:50,Kandy Branch,Vehicle,CP CAE 9911,Mitsubishi Canter,diesel ,57.57,liters,331.31,19073.52, Local Fuel Station,RCP-473110,fuel_account,Kasun Fernando,73779.0,,Wet Roads,Increased deliveries, Month-end fuel requirement. 
FT-202607-00277,LankaTech Solutions (Pvt) Ltd,2026/07/23,19:48:10,Colombo Head Office,Vehicle,WP CAB 4521,Toyota Hiace,Diesel,55.62,L,301.11,16747.74,Ceypetco,RCP-608099,FUEL CARD,Nimal Perera,84382.0,,Rain,Client site visits,Regular diesel refill for Toyota Hiace.
FT-202607-01444,LankaTech Solutions (Pvt) Ltd,2026/07/20,17:31:00,Kurunegala Warehouse,Generator,GEN-KUR-01,Diesel Generator,diesel ,80.66,ltr,287.35,23177.65,Lanka IOC,RCP-830986,Company Fuel Card,Amal Fernando,,11.9,Rain,Maintenance work,Additional fuel required due to increased activity.
FT-202607-00536,LankaTech Solutions (Pvt) Ltd,08-Jul-2026,10:44:25,Colombo Head Office,Vehicle,WP CAA 7812,Toyota Prius,Petrol,42.15,LTR,319.09,13449.64,Ceypetco,RCP-163849,FUEL CARD,Sahan Wijesinghe,20446.0,,Rain,Maintenance work,Month-end fuel requirement.
FT-202607-00994,LankaTech Solutions (Pvt) Ltd,2026/07/30,18:14:53,Kurunegala Warehouse,Vehicle,CP BDT 5521,Toyota TownAce,DIESEL,42.28,L ,298.98,12640.87,lankaIoc,RCP-759385,cash,Ruwan Bandara,90961.0,,Heavy Rain,Client site visits,Emergency fuel top-up.
FT-202607-00522,LankaTech Solutions (Pvt) Ltd,2026-07-01,09:22:39,Kurunegala Warehouse,Generator,GEN-KUR-01,Diesel Generator,diesel,97.37,L ,329.03,32037.65,,RCP-679278,FUEL CARD,Dinesh Kumara,,12.4,Heavy Rain,Inter-branch transfer, Regular diesel refill for Diesel Generator. 
FT-202607-00033,LankaTech Solutions (Pvt) Ltd,20 Jul 2026,13:17:21,Kurunegala Warehouse,Vehicle,WP CBA 1198,Toyota Corolla,PETROL,39.13,Litres,313.53,12268.43,Local Fuel Station,RCP-277321,FUEL CARD,Kasun Fernando,163225.0,,Very Hot,maintenanceWork, Consumption slightly higher due to very hot. 
FT-202607-00912,LankaTech Solutions (Pvt) Ltd,2026-07-29,14:25:19,Colombo Head Office,Vehicle,CP BDT 5521,Toyota TownAce,Diesel,67.79,Ltrs,292.01,19795.36,Company Fuel Depot,RCP-183537,fuel_account,Chamath Jayasinghe,21587.0,,Wet Roads,Emergency operations,Fuel issued for emergency operations.
FT-202607-01046,lankatech solutions (pvt) ltd,27/07/2026,10:40:13,Kandy Branch,Generator,GEN-KDY-01,Diesel Generator,diesel ,89.46,LTR,332.93,29783.92,Lanka  IOC,RCP-524336,cash,Pradeep Kumar,,12.1,Heavy Rain,Warehouse operations,Generator fuel top-up during warehouse operations.
FT-202607-01008,LankaTech Solutions (Pvt) Ltd,04 Jul 2026,14:45:49,Colombo Head Office,Vehicle,CP BDT 5521,Toyota TownAce,Diesel,62.87,L,309.36,19449.46,Ceypetco,RCP-444920,company fuel card,Chamath Jayasinghe,61927.0,,Normal,Warehouse operations,Fuel issued as per request.
FT-202607-01291,LankaTech Solutions (Pvt) Ltd,26-Jul-2026,12:27:37,Kurunegala Warehouse,Generator,GEN-KUR-01,Diesel Generator,DIESEL,33.38,l,323.57,10800.77,Ceypetco,RCP-401103,corporate credit,Pradeep Kumar,,6.7,Rain,Maintenance work,Emergency fuel top-up.
FT-202607-01133,LankaTech Solutions (Pvt) Ltd,09/07/2026,15:18:49,Colombo Head Office,Vehicle,WP CBA 1198,Toyota Corolla, Petrol,31.53,L,308.18,9716.92,Company Fuel Depot,RCP-781710,Cash,Ruwan Bandara,65671.0,,Rain,Client site visits, Routine fuel purchase. 
FT-202607-00881,LankaTech Solutions (Pvt) Ltd,15-Jul-2026,06:34:57,Kurunegala Warehouse,Vehicle,WP QK 6723,Honda Fit,PetRol,86.34,L ,322.72,27863.64,Ceypetco,RCP-259178,Corporate Credit,Kasun Fernando,86473.0,,Wet Roads,Inter-branch transfer,month-end fuel requirement.
FT-202607-00671,LankaTech Solutions (Pvt) Ltd,2026-07-15,14:32:52,Colombo Head Office,Vehicle,WP CAB 4521,Toyota Hiace,Diesel,54.84,L,297.94,16339.03,Lanka IOC,RCP-163729,cash,Sahan Wijesinghe,119802.0,,Normal,Increased deliveries,
FT-202607-00628,LANKATECH SOLUTIONS (PVT) LTD,31 Jul 2026,08:19:50,COLOMBO HEAD OFFICE,Generator,GEN-CMB-02,Diesel Generator,DiesEl,45.7,l,302.23,13811.91,Lanka IOC,RCP-682289,Fuel Account,Lahiru Senanayake,,6.6,Rain,Routine operations,Additional fuel required due to increased activity.
FT-202607-00824,LankaTech Solutions (Pvt) Ltd,29 Jul 2026,06:42:12,Colombo Head Office ,Vehicle,WP RAB 3842,Isuzu Elf,diesel,17.17,liters,294.15,5050.56,,RCP-393616,cash,Kasun Fernando,135830.0,,Wet Roads,Warehouse operations,Extra trip completed from Colombo Head Office.
FT-202607-00415,LankaTech Solutions (Pvt) Ltd,24 Jul 2026,11:56:50,Colombo Head Office,Vehicle,WP KX 2345,Isuzu D-Max,DiesEl,99.96,L ,331.72,33158.73,Local Fuel Station,RCP-358622,Company Fuel Card,Nimal Perera,96112.0,,Wet Roads,increasedDeliveries,Fuel issued for increased deliveries.
FT-202607-01033,LankaTech Solutions (Pvt) Ltd,16 Jul 2026,09:20:30,Kandy Branch,Vehicle,WP CAA 7812,Toyota Prius,PETROL,37.81,Litres,339.37,12831.58,Ceypetco,RCP-458196,,Lahiru Senanayake,54245.0,,Very Hot,Increased deliveries,Month-end fuel requirement.
FT-202607-00001,LankaTech Solutions (Pvt) Ltd,16-Jul-2026,06:39:58,Kandy Branch,Vehicle,CP CAE 9911,Mitsubishi Canter,diesel ,42.61,LTR,305.21,13005.0,Local Fuel Station,RCP-619577,Corporate Credit,Ruwan Bandara,146864.0,,Heavy Rain,Routine operations,Routine fuel purchase.
FT-202607-00688,LankaTech Solutions (Pvt) Ltd,29-07-2026,06:02:44,Colombo Head Office,Generator,GEN-CMB-02,Diesel Generator,diesel ,68.34,ltr,320.99,21936.46,Company Fuel Depot ,RCP-666160,fuel_account,Nimal Perera,,11.4,Flooding,Routine operations,generator fuel top-up during routine operations.
FT-202607-00960,LankaTech Solutions (Pvt) Ltd,30-Jul-2026,14:09:16,Colombo Head Office,Generator,GEN-CMB-01,Diesel Generator,diesel ,13.58,liters,332.99,4522.0,Lanka IOC,RCP-207220,corporate credit,Dinesh Kumara,,2.1,Wet Roads,Warehouse operations,Fuel issued as per request.
FT-202607-01221,LankaTech Solutions (Pvt) Ltd,2026-07-05,09:37:30,Colombo Head Office,Vehicle,WP CAA 7812 ,Toyota Prius,PetRol,46.11,Ltrs,309.83,14286.26,Company Fuel Depot,RCP-757864,corporate credit,Pradeep Kumar,60899.0,,Normal,Emergency operations,Regular petrol refill for Toyota Prius.
FT-202607-00332,LankaTech Solutions (Pvt) Ltd,05/07/2026,12:45:07,Kurunegala Warehouse,Vehicle,SP CAB 7788,Toyota Hilux,DIESEL,81.78,litres,296.49,24246.95,Local Fuel Station,RCP-121443,Cash,Kasun Fernando,103758.0,,Wet Roads,Emergency operations,Month-end fuel requirement.
FT-202607-01330,LankaTech Solutions (Pvt) Ltd,2026-07-07,13:14:17,Kandy Branch,Vehicle,WP CBA 1198,Toyota Corolla, Petrol,23.68,Ltrs,296.78,7027.75,Ceypetco,RCP-952001,fuel_account,Kasun Fernando,130783.0,,Very Hot,Emergency operations, Consumption slightly higher due to very hot. 
FT-202607-01183,LankaTech Solutions (Pvt) Ltd,31-07-2026,08:39:56,Colombo  Head Office,Vehicle,WP CAB 4521,Toyota Hiace,DiesEl,68.32,litres,296.88,20282.84,Local Fuel Station,RCP-353758,fuel_account,Dinesh Kumara,55002.0,,Very Hot,Maintenance work,FUEL PURCHASED FOR OPERATIONAL REQUIREMENT.
FT-202607-01097,LankaTech Solutions (Pvt) Ltd,21 Jul 2026,20:18:31,Colombo Head Office,Generator,GEN-CMB-02,Diesel Generator,Diesel,91.58,L,315.03,28850.45,Company Fuel Depot,RCP-165568,,Sahan Wijesinghe,,11.5,Flooding,Maintenance work, Emergency fuel top-up. 
FT-202607-00774,LankaTech Solutions (Pvt) Ltd,13-07-2026,09:11:47,Colombo Head Office ,Vehicle,WP CBA 1198,Toyota Corolla, Petrol,55.33,Litres,343.1,18983.72,Company Fuel Depot,RCP-946640,Company Fuel Card,Amal Fernando,52935.0,,Rain,Month-end deliveries,Generator fuel top-up during month-end deliveries. Higher than normal usage reported.
FT-202607-01389,LankaTech Solutions (Pvt) Ltd,17/07/2026,10:24:15,Colombo Head Office,Generator,GEN-CMB-02 ,Diesel Generator,diesel,71.69,L,318.87,22859.79,Lanka IOC,RCP-215896,Fuel Account, Ruwan Bandara ,,9.8,Rain,Emergency operations,Vehicle refuelled before scheduled client visit.
FT-202607-01090,LankaTech Solutions (Pvt) Ltd,16-Jul-2026,15:36:27,Colombo Head Office,Vehicle,WP CAA 7812,Toyota Prius,PetRol,45.01,Litres,342.47,15414.57,Ceypetco,RCP-638521,corporate credit,Nimal Perera,86113.0,,Very Hot,Month-end deliveries,Regular petrol refill for Toyota Prius.
FT-202607-01081,LankaTech Solutions (Pvt) Ltd,06/07/2026,17:51:15,Kurunegala Warehouse,Vehicle,SP CAB 7788,Toyota Hilux,diesel ,29.84,ltr,326.86,9753.5,companyFuelDepot,RCP-927154,corporateCredit,Kasun Fernando,174733.0,,Flooding,Increased deliveries,Vehicle refuelled before scheduled client visit.
FT-202607-00246,LankaTech Solutions (Pvt) Ltd,2026-07-02,07:08:24,Kurunegala Warehouse,Vehicle,WP RAB 3842,Isuzu Elf,DIESEL,70.34,L ,317.57,22337.87, Lanka IOC,RCP-629826,Company Fuel Card,Pradeep Kumar,182577.0,,Rain,Maintenance work,Fuel purchased for operational requirement.
FT-202607-00518,LankaTech Solutions (Pvt) Ltd,04-07-2026,11:04:56,Kandy Branch,Vehicle,WP QK 6723,Honda Fit,petrol  ,25.38,Litres,331.93,8424.38,Company Fuel Depot,RCP-921165,cash, Ruwan Bandara,151730.0,,Normal,Client site visits,Additional fuel required due to increased activity.
FT-202607-00572,LankaTech Solutions (Pvt) Ltd,2026/07/09,19:59:59,Kandy Branch,Vehicle,WP CBA 1198,Toyota Corolla,petrol,57.66,Ltrs,306.73,17686.05,Local Fuel Station,RCP-411137,corporateCredit,Tharindu Silva,127460.0,,Very Hot,Increased deliveries,ROUTINE FUEL PURCHASE.
FT-202607-01364,lankatechSolutions(Pvt)Ltd,23/07/2026,09:45:21,Kandy branch,Generator,GEN-KDY-01,Diesel Generator,diesel ,77.95,L ,286.92,22365.41,Lanka IOC,RCP-602948,cash,Dinesh Kumara,,11.3,Heavy Rain,Month-end deliveries,Additional trip resulted in higher consumption.
FT-202607-00872,LankaTech Solutions (Pvt) Ltd,2026/07/12,07:05:58,Galle Branch,VEHICLE,CP BDT 5521,Toyota TownAce,DiesEl,30.07,L,290.41,8732.63,Lanka IOC,RCP-379985,FUEL CARD,Amal Fernando,40874.0,,Normal,Routine operations,Consumption slightly higher due to normal.
FT-202607-01011,LankaTech Solutions (Pvt) Ltd,2026-07-27,08:57:29,colomboHeadOffice,Vehicle,WP CBA 1198,Toyota Corolla, Petrol,81.33,L,322.54,26232.18,Company Fuel Depot,RCP-491649,cash,Nimal Perera,25582.0,,Rain,Month-end deliveries,Emergency fuel top-up.
FT-202607-00790,LankaTech Solutions (Pvt) Ltd,2026-07-18,06:06:18,Colombo Head Office,Vehicle,CP CAE 9911,Mitsubishi Canter,DIESEL,68.98,l,302.13,20840.93,Lanka IOC,RCP-239197,company fuel card,Nimal Perera,116309.0,,Heavy Rain,Emergency operations, Regular diesel refill for Mitsubishi Canter. 
FT-202607-01083,LankaTech Solutions (Pvt) Ltd,27/07/2026,11:23:33,Kandy Branch,Vehicle,WP CBA 1198,Toyota Corolla,petrol ,68.97,L,309.32,21333.8,Local Fuel Station,RCP-480085,fuel_account,Tharindu Silva,160766.0,,Rain,Warehouse operations,Routine fuel purchase. Higher than normal usage reported.
FT-202607-00257,LankaTech Solutions (Pvt) Ltd,10 Jul 2026,13:48:55,Kandy Branch,Vehicle,CP CAE 9911,Mitsubishi Canter,DIESEL,65.93,LTR,334.53,22055.56,Ceypetco,RCP-424431,Corporate Credit,Dinesh Kumara,122544.0,,Flooding,Inter-branch transfer,Fuel purchased for operational requirement.
